item_id,store_id,macrogrupo,date,demanda_pronosticada,modelo
HOBBIES_1_004,CA_1,Estacional,2016-04-25,1.9152443,XGBoost
HOBBIES_1_004,CA_1,Estacional,2016-04-26,1.4373664,XGBoost
HOBBIES_1_004,CA_1,Estacional,2016-04-27,1.5423113,XGBoost
HOBBIES_1_004,CA_1,Estacional,2016-04-28,1.7476468,XGBoost
HOBBIES_1_004,CA_1,Estacional,2016-04-29,2.0691488,XGBoost
HOBBIES_1_004,CA_1,Estacional,2016-04-30,3.1629393,XGBoost
HOBBIES_1_004,CA_1,Estacional,2016-05-01,2.801175,XGBoost
HOBBIES_1_004,CA_1,Estacional,2016-05-02,1.8341463,XGBoost
HOBBIES_1_004,CA_1,Estacional,2016-05-03,1.5535469,XGBoost
HOBBIES_1_004,CA_1,Estacional,2016-05-04,1.5505798,XGBoost
HOBBIES_1_004,CA_1,Estacional,2016-05-05,1.5854546,XGBoost
HOBBIES_1_004,CA_1,Estacional,2016-05-06,2.0966456,XGBoost
HOBBIES_1_004,CA_1,Estacional,2016-05-07,3.0919735,XGBoost
HOBBIES_1_004,CA_1,Estacional,2016-05-08,2.5767047,XGBoost
HOBBIES_1_004,CA_1,Estacional,2016-05-09,1.7604535,XGBoost
HOBBIES_1_004,CA_1,Estacional,2016-05-10,1.5829048,XGBoost
HOBBIES_1_004,CA_1,Estacional,2016-05-11,1.6185071,XGBoost
HOBBIES_1_004,CA_1,Estacional,2016-05-12,1.6443037,XGBoost
HOBBIES_1_004,CA_1,Estacional,2016-05-13,2.2014349,XGBoost
HOBBIES_1_004,CA_1,Estacional,2016-05-14,3.0262995,XGBoost
HOBBIES_1_004,CA_1,Estacional,2016-05-15,2.7886052,XGBoost
HOBBIES_1_004,CA_1,Estacional,2016-05-16,1.9242805,XGBoost
HOBBIES_1_004,CA_1,Estacional,2016-05-17,1.6027956,XGBoost
HOBBIES_1_004,CA_1,Estacional,2016-05-18,1.7101597,XGBoost
HOBBIES_1_004,CA_1,Estacional,2016-05-19,1.7716167,XGBoost
HOBBIES_1_004,CA_1,Estacional,2016-05-20,2.1190155,XGBoost
HOBBIES_1_004,CA_1,Estacional,2016-05-21,3.1280499,XGBoost
HOBBIES_1_004,CA_1,Estacional,2016-05-22,2.9679794,XGBoost
HOBBIES_1_015,CA_1,Estacional,2016-04-25,2.4017408,XGBoost
HOBBIES_1_015,CA_1,Estacional,2016-04-26,2.2494628,XGBoost
HOBBIES_1_015,CA_1,Estacional,2016-04-27,2.3655634,XGBoost
HOBBIES_1_015,CA_1,Estacional,2016-04-28,2.3689146,XGBoost
HOBBIES_1_015,CA_1,Estacional,2016-04-29,2.9815738,XGBoost
HOBBIES_1_015,CA_1,Estacional,2016-04-30,4.0485277,XGBoost
HOBBIES_1_015,CA_1,Estacional,2016-05-01,3.6591265,XGBoost
HOBBIES_1_015,CA_1,Estacional,2016-05-02,2.8132422,XGBoost
HOBBIES_1_015,CA_1,Estacional,2016-05-03,2.2745628,XGBoost
HOBBIES_1_015,CA_1,Estacional,2016-05-04,2.468064,XGBoost
HOBBIES_1_015,CA_1,Estacional,2016-05-05,2.9211106,XGBoost
HOBBIES_1_015,CA_1,Estacional,2016-05-06,2.8862207,XGBoost
HOBBIES_1_015,CA_1,Estacional,2016-05-07,4.261751,XGBoost
HOBBIES_1_015,CA_1,Estacional,2016-05-08,3.5227096,XGBoost
HOBBIES_1_015,CA_1,Estacional,2016-05-09,2.3352053,XGBoost
HOBBIES_1_015,CA_1,Estacional,2016-05-10,2.1323967,XGBoost
HOBBIES_1_015,CA_1,Estacional,2016-05-11,2.387966,XGBoost
HOBBIES_1_015,CA_1,Estacional,2016-05-12,2.0968094,XGBoost
HOBBIES_1_015,CA_1,Estacional,2016-05-13,2.5614388,XGBoost
HOBBIES_1_015,CA_1,Estacional,2016-05-14,3.9336863,XGBoost
HOBBIES_1_015,CA_1,Estacional,2016-05-15,3.3002222,XGBoost
HOBBIES_1_015,CA_1,Estacional,2016-05-16,2.1682189,XGBoost
HOBBIES_1_015,CA_1,Estacional,2016-05-17,2.0461767,XGBoost
HOBBIES_1_015,CA_1,Estacional,2016-05-18,2.2669182,XGBoost
HOBBIES_1_015,CA_1,Estacional,2016-05-19,2.2856972,XGBoost
HOBBIES_1_015,CA_1,Estacional,2016-05-20,2.6072888,XGBoost
HOBBIES_1_015,CA_1,Estacional,2016-05-21,3.734195,XGBoost
HOBBIES_1_015,CA_1,Estacional,2016-05-22,3.5016344,XGBoost
HOBBIES_1_150,CA_1,Estacional,2016-04-25,0.86649716,XGBoost
HOBBIES_1_150,CA_1,Estacional,2016-04-26,0.92650425,XGBoost
HOBBIES_1_150,CA_1,Estacional,2016-04-27,0.7852387,XGBoost
HOBBIES_1_150,CA_1,Estacional,2016-04-28,0.8593348,XGBoost
HOBBIES_1_150,CA_1,Estacional,2016-04-29,0.9804619,XGBoost
HOBBIES_1_150,CA_1,Estacional,2016-04-30,1.6110348,XGBoost
HOBBIES_1_150,CA_1,Estacional,2016-05-01,1.5616254,XGBoost
HOBBIES_1_150,CA_1,Estacional,2016-05-02,0.9217528,XGBoost
HOBBIES_1_150,CA_1,Estacional,2016-05-03,0.87571645,XGBoost
HOBBIES_1_150,CA_1,Estacional,2016-05-04,0.8158044,XGBoost
HOBBIES_1_150,CA_1,Estacional,2016-05-05,0.9012308,XGBoost
HOBBIES_1_150,CA_1,Estacional,2016-05-06,1.0187595,XGBoost
HOBBIES_1_150,CA_1,Estacional,2016-05-07,1.7180302,XGBoost
HOBBIES_1_150,CA_1,Estacional,2016-05-08,1.3881732,XGBoost
HOBBIES_1_150,CA_1,Estacional,2016-05-09,1.1947101,XGBoost
HOBBIES_1_150,CA_1,Estacional,2016-05-10,0.96485895,XGBoost
HOBBIES_1_150,CA_1,Estacional,2016-05-11,0.77263117,XGBoost
HOBBIES_1_150,CA_1,Estacional,2016-05-12,0.8241029,XGBoost
HOBBIES_1_150,CA_1,Estacional,2016-05-13,1.0439891,XGBoost
HOBBIES_1_150,CA_1,Estacional,2016-05-14,1.5467957,XGBoost
HOBBIES_1_150,CA_1,Estacional,2016-05-15,1.4714582,XGBoost
HOBBIES_1_150,CA_1,Estacional,2016-05-16,0.98990256,XGBoost
HOBBIES_1_150,CA_1,Estacional,2016-05-17,0.99692684,XGBoost
HOBBIES_1_150,CA_1,Estacional,2016-05-18,0.8158044,XGBoost
HOBBIES_1_150,CA_1,Estacional,2016-05-19,0.84826744,XGBoost
HOBBIES_1_150,CA_1,Estacional,2016-05-20,0.998283,XGBoost
HOBBIES_1_150,CA_1,Estacional,2016-05-21,1.4481229,XGBoost
HOBBIES_1_150,CA_1,Estacional,2016-05-22,1.4267524,XGBoost
HOBBIES_1_172,CA_1,Estacional,2016-04-25,1.0026872,XGBoost
HOBBIES_1_172,CA_1,Estacional,2016-04-26,0.8763366,XGBoost
HOBBIES_1_172,CA_1,Estacional,2016-04-27,0.76264733,XGBoost
HOBBIES_1_172,CA_1,Estacional,2016-04-28,0.82892215,XGBoost
HOBBIES_1_172,CA_1,Estacional,2016-04-29,0.9463721,XGBoost
HOBBIES_1_172,CA_1,Estacional,2016-04-30,1.4726111,XGBoost
HOBBIES_1_172,CA_1,Estacional,2016-05-01,1.3762994,XGBoost
HOBBIES_1_172,CA_1,Estacional,2016-05-02,0.9493017,XGBoost
HOBBIES_1_172,CA_1,Estacional,2016-05-03,0.79163986,XGBoost
HOBBIES_1_172,CA_1,Estacional,2016-05-04,0.77889556,XGBoost
HOBBIES_1_172,CA_1,Estacional,2016-05-05,0.8640417,XGBoost
HOBBIES_1_172,CA_1,Estacional,2016-05-06,1.0414251,XGBoost
HOBBIES_1_172,CA_1,Estacional,2016-05-07,1.4451556,XGBoost
HOBBIES_1_172,CA_1,Estacional,2016-05-08,1.4709097,XGBoost
HOBBIES_1_172,CA_1,Estacional,2016-05-09,0.9344971,XGBoost
HOBBIES_1_172,CA_1,Estacional,2016-05-10,0.83151597,XGBoost
HOBBIES_1_172,CA_1,Estacional,2016-05-11,0.8158044,XGBoost
HOBBIES_1_172,CA_1,Estacional,2016-05-12,0.88148856,XGBoost
HOBBIES_1_172,CA_1,Estacional,2016-05-13,1.0187595,XGBoost
HOBBIES_1_172,CA_1,Estacional,2016-05-14,1.4528881,XGBoost
HOBBIES_1_172,CA_1,Estacional,2016-05-15,1.4237852,XGBoost
HOBBIES_1_172,CA_1,Estacional,2016-05-16,0.95669496,XGBoost
HOBBIES_1_172,CA_1,Estacional,2016-05-17,0.8754954,XGBoost
HOBBIES_1_172,CA_1,Estacional,2016-05-18,0.83628124,XGBoost
HOBBIES_1_172,CA_1,Estacional,2016-05-19,0.86874425,XGBoost
HOBBIES_1_172,CA_1,Estacional,2016-05-20,1.0187595,XGBoost
HOBBIES_1_172,CA_1,Estacional,2016-05-21,1.6121653,XGBoost
HOBBIES_1_172,CA_1,Estacional,2016-05-22,1.4267524,XGBoost
HOUSEHOLD_1_032,CA_1,Estacional,2016-04-25,7.9607716,XGBoost
HOUSEHOLD_1_032,CA_1,Estacional,2016-04-26,7.423049,XGBoost
HOUSEHOLD_1_032,CA_1,Estacional,2016-04-27,7.2934556,XGBoost
HOUSEHOLD_1_032,CA_1,Estacional,2016-04-28,6.5148244,XGBoost
HOUSEHOLD_1_032,CA_1,Estacional,2016-04-29,8.534466,XGBoost
HOUSEHOLD_1_032,CA_1,Estacional,2016-04-30,12.10349,XGBoost
HOUSEHOLD_1_032,CA_1,Estacional,2016-05-01,13.020764,XGBoost
HOUSEHOLD_1_032,CA_1,Estacional,2016-05-02,8.853542,XGBoost
HOUSEHOLD_1_032,CA_1,Estacional,2016-05-03,7.680103,XGBoost
HOUSEHOLD_1_032,CA_1,Estacional,2016-05-04,7.8076973,XGBoost
HOUSEHOLD_1_032,CA_1,Estacional,2016-05-05,7.368114,XGBoost
HOUSEHOLD_1_032,CA_1,Estacional,2016-05-06,9.304325,XGBoost
HOUSEHOLD_1_032,CA_1,Estacional,2016-05-07,13.342962,XGBoost
HOUSEHOLD_1_032,CA_1,Estacional,2016-05-08,12.87689,XGBoost
HOUSEHOLD_1_032,CA_1,Estacional,2016-05-09,8.643582,XGBoost
HOUSEHOLD_1_032,CA_1,Estacional,2016-05-10,7.871718,XGBoost
HOUSEHOLD_1_032,CA_1,Estacional,2016-05-11,7.833446,XGBoost
HOUSEHOLD_1_032,CA_1,Estacional,2016-05-12,7.705959,XGBoost
HOUSEHOLD_1_032,CA_1,Estacional,2016-05-13,9.37895,XGBoost
HOUSEHOLD_1_032,CA_1,Estacional,2016-05-14,13.91896,XGBoost
HOUSEHOLD_1_032,CA_1,Estacional,2016-05-15,13.448585,XGBoost
HOUSEHOLD_1_032,CA_1,Estacional,2016-05-16,8.392582,XGBoost
HOUSEHOLD_1_032,CA_1,Estacional,2016-05-17,7.754936,XGBoost
HOUSEHOLD_1_032,CA_1,Estacional,2016-05-18,7.87356,XGBoost
HOUSEHOLD_1_032,CA_1,Estacional,2016-05-19,7.409963,XGBoost
HOUSEHOLD_1_032,CA_1,Estacional,2016-05-20,9.387562,XGBoost
HOUSEHOLD_1_032,CA_1,Estacional,2016-05-21,12.71939,XGBoost
HOUSEHOLD_1_032,CA_1,Estacional,2016-05-22,12.111233,XGBoost
HOUSEHOLD_1_040,CA_1,Estacional,2016-04-25,2.1285589,XGBoost
HOUSEHOLD_1_040,CA_1,Estacional,2016-04-26,1.7636755,XGBoost
HOUSEHOLD_1_040,CA_1,Estacional,2016-04-27,1.7380041,XGBoost
HOUSEHOLD_1_040,CA_1,Estacional,2016-04-28,1.9670142,XGBoost
HOUSEHOLD_1_040,CA_1,Estacional,2016-04-29,2.5953171,XGBoost
HOUSEHOLD_1_040,CA_1,Estacional,2016-04-30,3.107334,XGBoost
HOUSEHOLD_1_040,CA_1,Estacional,2016-05-01,3.4427183,XGBoost
HOUSEHOLD_1_040,CA_1,Estacional,2016-05-02,2.1362581,XGBoost
HOUSEHOLD_1_040,CA_1,Estacional,2016-05-03,1.9572998,XGBoost
HOUSEHOLD_1_040,CA_1,Estacional,2016-05-04,1.9246349,XGBoost
HOUSEHOLD_1_040,CA_1,Estacional,2016-05-05,2.0127366,XGBoost
HOUSEHOLD_1_040,CA_1,Estacional,2016-05-06,2.4192467,XGBoost
HOUSEHOLD_1_040,CA_1,Estacional,2016-05-07,3.107272,XGBoost
HOUSEHOLD_1_040,CA_1,Estacional,2016-05-08,3.4738579,XGBoost
HOUSEHOLD_1_040,CA_1,Estacional,2016-05-09,1.9398692,XGBoost
HOUSEHOLD_1_040,CA_1,Estacional,2016-05-10,1.7408664,XGBoost
HOUSEHOLD_1_040,CA_1,Estacional,2016-05-11,1.7046193,XGBoost
HOUSEHOLD_1_040,CA_1,Estacional,2016-05-12,1.914532,XGBoost
HOUSEHOLD_1_040,CA_1,Estacional,2016-05-13,2.2816572,XGBoost
HOUSEHOLD_1_040,CA_1,Estacional,2016-05-14,3.3561497,XGBoost
HOUSEHOLD_1_040,CA_1,Estacional,2016-05-15,3.2476876,XGBoost
HOUSEHOLD_1_040,CA_1,Estacional,2016-05-16,2.024657,XGBoost
HOUSEHOLD_1_040,CA_1,Estacional,2016-05-17,1.6889077,XGBoost
HOUSEHOLD_1_040,CA_1,Estacional,2016-05-18,1.728122,XGBoost
HOUSEHOLD_1_040,CA_1,Estacional,2016-05-19,1.7398204,XGBoost
HOUSEHOLD_1_040,CA_1,Estacional,2016-05-20,2.470345,XGBoost
HOUSEHOLD_1_040,CA_1,Estacional,2016-05-21,3.1758287,XGBoost
HOUSEHOLD_1_040,CA_1,Estacional,2016-05-22,3.2801085,XGBoost
HOUSEHOLD_1_072,CA_1,Estacional,2016-04-25,1.1795512,XGBoost
HOUSEHOLD_1_072,CA_1,Estacional,2016-04-26,0.969022,XGBoost
HOUSEHOLD_1_072,CA_1,Estacional,2016-04-27,0.9110446,XGBoost
HOUSEHOLD_1_072,CA_1,Estacional,2016-04-28,0.94350773,XGBoost
HOUSEHOLD_1_072,CA_1,Estacional,2016-04-29,1.1614922,XGBoost
HOUSEHOLD_1_072,CA_1,Estacional,2016-04-30,1.9073188,XGBoost
HOUSEHOLD_1_072,CA_1,Estacional,2016-05-01,1.6512855,XGBoost
HOUSEHOLD_1_072,CA_1,Estacional,2016-05-02,1.2144854,XGBoost
HOUSEHOLD_1_072,CA_1,Estacional,2016-05-03,0.96270347,XGBoost
HOUSEHOLD_1_072,CA_1,Estacional,2016-05-04,0.93549377,XGBoost
HOUSEHOLD_1_072,CA_1,Estacional,2016-05-05,0.983113,XGBoost
HOUSEHOLD_1_072,CA_1,Estacional,2016-05-06,1.238937,XGBoost
HOUSEHOLD_1_072,CA_1,Estacional,2016-05-07,1.8095719,XGBoost
HOUSEHOLD_1_072,CA_1,Estacional,2016-05-08,1.5210737,XGBoost
HOUSEHOLD_1_072,CA_1,Estacional,2016-05-09,1.0701543,XGBoost
HOUSEHOLD_1_072,CA_1,Estacional,2016-05-10,0.93549377,XGBoost
HOUSEHOLD_1_072,CA_1,Estacional,2016-05-11,0.93549377,XGBoost
HOUSEHOLD_1_072,CA_1,Estacional,2016-05-12,0.9679569,XGBoost
HOUSEHOLD_1_072,CA_1,Estacional,2016-05-13,1.1325979,XGBoost
HOUSEHOLD_1_072,CA_1,Estacional,2016-05-14,1.6712936,XGBoost
HOUSEHOLD_1_072,CA_1,Estacional,2016-05-15,1.5949303,XGBoost
HOUSEHOLD_1_072,CA_1,Estacional,2016-05-16,1.0718753,XGBoost
HOUSEHOLD_1_072,CA_1,Estacional,2016-05-17,0.9499591,XGBoost
HOUSEHOLD_1_072,CA_1,Estacional,2016-05-18,0.93549377,XGBoost
HOUSEHOLD_1_072,CA_1,Estacional,2016-05-19,0.9679569,XGBoost
HOUSEHOLD_1_072,CA_1,Estacional,2016-05-20,1.1325979,XGBoost
HOUSEHOLD_1_072,CA_1,Estacional,2016-05-21,1.7266991,XGBoost
HOUSEHOLD_1_072,CA_1,Estacional,2016-05-22,1.6754056,XGBoost
HOUSEHOLD_1_075,CA_1,Estacional,2016-04-25,0.615681,XGBoost
HOUSEHOLD_1_075,CA_1,Estacional,2016-04-26,0.5402694,XGBoost
HOUSEHOLD_1_075,CA_1,Estacional,2016-04-27,0.6125363,XGBoost
HOUSEHOLD_1_075,CA_1,Estacional,2016-04-28,0.5599881,XGBoost
HOUSEHOLD_1_075,CA_1,Estacional,2016-04-29,0.8097482,XGBoost
HOUSEHOLD_1_075,CA_1,Estacional,2016-04-30,1.1723486,XGBoost
HOUSEHOLD_1_075,CA_1,Estacional,2016-05-01,1.0606586,XGBoost
HOUSEHOLD_1_075,CA_1,Estacional,2016-05-02,0.8142904,XGBoost
HOUSEHOLD_1_075,CA_1,Estacional,2016-05-03,0.7083419,XGBoost
HOUSEHOLD_1_075,CA_1,Estacional,2016-05-04,0.7083419,XGBoost
HOUSEHOLD_1_075,CA_1,Estacional,2016-05-05,0.74205506,XGBoost
HOUSEHOLD_1_075,CA_1,Estacional,2016-05-06,1.0021131,XGBoost
HOUSEHOLD_1_075,CA_1,Estacional,2016-05-07,1.3010563,XGBoost
HOUSEHOLD_1_075,CA_1,Estacional,2016-05-08,1.0606586,XGBoost
HOUSEHOLD_1_075,CA_1,Estacional,2016-05-09,0.79803216,XGBoost
HOUSEHOLD_1_075,CA_1,Estacional,2016-05-10,0.7065491,XGBoost
HOUSEHOLD_1_075,CA_1,Estacional,2016-05-11,0.7083419,XGBoost
HOUSEHOLD_1_075,CA_1,Estacional,2016-05-12,0.7408049,XGBoost
HOUSEHOLD_1_075,CA_1,Estacional,2016-05-13,0.89082044,XGBoost
HOUSEHOLD_1_075,CA_1,Estacional,2016-05-14,1.214726,XGBoost
HOUSEHOLD_1_075,CA_1,Estacional,2016-05-15,1.1133776,XGBoost
HOUSEHOLD_1_075,CA_1,Estacional,2016-05-16,0.79803216,XGBoost
HOUSEHOLD_1_075,CA_1,Estacional,2016-05-17,0.6920838,XGBoost
HOUSEHOLD_1_075,CA_1,Estacional,2016-05-18,0.7083419,XGBoost
HOUSEHOLD_1_075,CA_1,Estacional,2016-05-19,0.7408049,XGBoost
HOUSEHOLD_1_075,CA_1,Estacional,2016-05-20,0.89082044,XGBoost
HOUSEHOLD_1_075,CA_1,Estacional,2016-05-21,1.2813665,XGBoost
HOUSEHOLD_1_075,CA_1,Estacional,2016-05-22,1.1133776,XGBoost
HOUSEHOLD_1_100,CA_1,Estacional,2016-04-25,1.0466561,XGBoost
HOUSEHOLD_1_100,CA_1,Estacional,2016-04-26,0.8730267,XGBoost
HOUSEHOLD_1_100,CA_1,Estacional,2016-04-27,0.8992356,XGBoost
HOUSEHOLD_1_100,CA_1,Estacional,2016-04-28,0.86231697,XGBoost
HOUSEHOLD_1_100,CA_1,Estacional,2016-04-29,0.95131105,XGBoost
HOUSEHOLD_1_100,CA_1,Estacional,2016-04-30,1.6025373,XGBoost
HOUSEHOLD_1_100,CA_1,Estacional,2016-05-01,1.6234939,XGBoost
HOUSEHOLD_1_100,CA_1,Estacional,2016-05-02,0.95542157,XGBoost
HOUSEHOLD_1_100,CA_1,Estacional,2016-05-03,0.8367288,XGBoost
HOUSEHOLD_1_100,CA_1,Estacional,2016-05-04,0.90118647,XGBoost
HOUSEHOLD_1_100,CA_1,Estacional,2016-05-05,0.92215526,XGBoost
HOUSEHOLD_1_100,CA_1,Estacional,2016-05-06,1.0893453,XGBoost
HOUSEHOLD_1_100,CA_1,Estacional,2016-05-07,1.6831449,XGBoost
HOUSEHOLD_1_100,CA_1,Estacional,2016-05-08,1.4502884,XGBoost
HOUSEHOLD_1_100,CA_1,Estacional,2016-05-09,0.9217528,XGBoost
HOUSEHOLD_1_100,CA_1,Estacional,2016-05-10,0.8158044,XGBoost
HOUSEHOLD_1_100,CA_1,Estacional,2016-05-11,0.8285487,XGBoost
HOUSEHOLD_1_100,CA_1,Estacional,2016-05-12,0.8754771,XGBoost
HOUSEHOLD_1_100,CA_1,Estacional,2016-05-13,0.998283,XGBoost
HOUSEHOLD_1_100,CA_1,Estacional,2016-05-14,1.650009,XGBoost
HOUSEHOLD_1_100,CA_1,Estacional,2016-05-15,1.4375763,XGBoost
HOUSEHOLD_1_100,CA_1,Estacional,2016-05-16,0.95669496,XGBoost
HOUSEHOLD_1_100,CA_1,Estacional,2016-05-17,0.83628124,XGBoost
HOUSEHOLD_1_100,CA_1,Estacional,2016-05-18,0.8507466,XGBoost
HOUSEHOLD_1_100,CA_1,Estacional,2016-05-19,0.86874425,XGBoost
HOUSEHOLD_1_100,CA_1,Estacional,2016-05-20,1.0187595,XGBoost
HOUSEHOLD_1_100,CA_1,Estacional,2016-05-21,1.487156,XGBoost
HOUSEHOLD_1_100,CA_1,Estacional,2016-05-22,1.4267524,XGBoost
HOUSEHOLD_1_118,CA_1,Estacional,2016-04-25,7.3951178,XGBoost
HOUSEHOLD_1_118,CA_1,Estacional,2016-04-26,6.320381,XGBoost
HOUSEHOLD_1_118,CA_1,Estacional,2016-04-27,6.810918,XGBoost
HOUSEHOLD_1_118,CA_1,Estacional,2016-04-28,6.29773,XGBoost
HOUSEHOLD_1_118,CA_1,Estacional,2016-04-29,6.55455,XGBoost
HOUSEHOLD_1_118,CA_1,Estacional,2016-04-30,9.521031,XGBoost
HOUSEHOLD_1_118,CA_1,Estacional,2016-05-01,12.928263,XGBoost
HOUSEHOLD_1_118,CA_1,Estacional,2016-05-02,7.4276023,XGBoost
HOUSEHOLD_1_118,CA_1,Estacional,2016-05-03,6.7268233,XGBoost
HOUSEHOLD_1_118,CA_1,Estacional,2016-05-04,7.0524716,XGBoost
HOUSEHOLD_1_118,CA_1,Estacional,2016-05-05,6.550752,XGBoost
HOUSEHOLD_1_118,CA_1,Estacional,2016-05-06,7.5345993,XGBoost
HOUSEHOLD_1_118,CA_1,Estacional,2016-05-07,10.630235,XGBoost
HOUSEHOLD_1_118,CA_1,Estacional,2016-05-08,13.5894785,XGBoost
HOUSEHOLD_1_118,CA_1,Estacional,2016-05-09,7.4403753,XGBoost
HOUSEHOLD_1_118,CA_1,Estacional,2016-05-10,6.5927143,XGBoost
HOUSEHOLD_1_118,CA_1,Estacional,2016-05-11,7.171704,XGBoost
HOUSEHOLD_1_118,CA_1,Estacional,2016-05-12,6.889919,XGBoost
HOUSEHOLD_1_118,CA_1,Estacional,2016-05-13,7.4176836,XGBoost
HOUSEHOLD_1_118,CA_1,Estacional,2016-05-14,10.289021,XGBoost
HOUSEHOLD_1_118,CA_1,Estacional,2016-05-15,12.996029,XGBoost
HOUSEHOLD_1_118,CA_1,Estacional,2016-05-16,7.4458785,XGBoost
HOUSEHOLD_1_118,CA_1,Estacional,2016-05-17,6.6847353,XGBoost
HOUSEHOLD_1_118,CA_1,Estacional,2016-05-18,7.1872315,XGBoost
HOUSEHOLD_1_118,CA_1,Estacional,2016-05-19,6.7747393,XGBoost
HOUSEHOLD_1_118,CA_1,Estacional,2016-05-20,7.752591,XGBoost
HOUSEHOLD_1_118,CA_1,Estacional,2016-05-21,10.050788,XGBoost
HOUSEHOLD_1_118,CA_1,Estacional,2016-05-22,11.732296,XGBoost
HOUSEHOLD_1_140,CA_1,Estacional,2016-04-25,1.1800642,XGBoost
HOUSEHOLD_1_140,CA_1,Estacional,2016-04-26,1.0264467,XGBoost
HOUSEHOLD_1_140,CA_1,Estacional,2016-04-27,1.0669398,XGBoost
HOUSEHOLD_1_140,CA_1,Estacional,2016-04-28,1.0476898,XGBoost
HOUSEHOLD_1_140,CA_1,Estacional,2016-04-29,1.4081676,XGBoost
HOUSEHOLD_1_140,CA_1,Estacional,2016-04-30,1.9543214,XGBoost
HOUSEHOLD_1_140,CA_1,Estacional,2016-05-01,1.8357192,XGBoost
HOUSEHOLD_1_140,CA_1,Estacional,2016-05-02,1.1499269,XGBoost
HOUSEHOLD_1_140,CA_1,Estacional,2016-05-03,1.0405097,XGBoost
HOUSEHOLD_1_140,CA_1,Estacional,2016-05-04,1.0015408,XGBoost
HOUSEHOLD_1_140,CA_1,Estacional,2016-05-05,1.0364157,XGBoost
HOUSEHOLD_1_140,CA_1,Estacional,2016-05-06,1.3781146,XGBoost
HOUSEHOLD_1_140,CA_1,Estacional,2016-05-07,1.8363348,XGBoost
HOUSEHOLD_1_140,CA_1,Estacional,2016-05-08,1.686115,XGBoost
HOUSEHOLD_1_140,CA_1,Estacional,2016-05-09,1.1251781,XGBoost
HOUSEHOLD_1_140,CA_1,Estacional,2016-05-10,1.0015408,XGBoost
HOUSEHOLD_1_140,CA_1,Estacional,2016-05-11,0.9887963,XGBoost
HOUSEHOLD_1_140,CA_1,Estacional,2016-05-12,1.0212595,XGBoost
HOUSEHOLD_1_140,CA_1,Estacional,2016-05-13,1.2993258,XGBoost
HOUSEHOLD_1_140,CA_1,Estacional,2016-05-14,1.7209641,XGBoost
HOUSEHOLD_1_140,CA_1,Estacional,2016-05-15,1.7564992,XGBoost
HOUSEHOLD_1_140,CA_1,Estacional,2016-05-16,1.1071918,XGBoost
HOUSEHOLD_1_140,CA_1,Estacional,2016-05-17,0.98527527,XGBoost
HOUSEHOLD_1_140,CA_1,Estacional,2016-05-18,0.99974084,XGBoost
HOUSEHOLD_1_140,CA_1,Estacional,2016-05-19,1.0177386,XGBoost
HOUSEHOLD_1_140,CA_1,Estacional,2016-05-20,1.2556301,XGBoost
HOUSEHOLD_1_140,CA_1,Estacional,2016-05-21,1.6141604,XGBoost
HOUSEHOLD_1_140,CA_1,Estacional,2016-05-22,1.5897254,XGBoost
HOUSEHOLD_1_173,CA_1,Estacional,2016-04-25,3.8269644,XGBoost
HOUSEHOLD_1_173,CA_1,Estacional,2016-04-26,2.5367947,XGBoost
HOUSEHOLD_1_173,CA_1,Estacional,2016-04-27,2.640154,XGBoost
HOUSEHOLD_1_173,CA_1,Estacional,2016-04-28,2.722458,XGBoost
HOUSEHOLD_1_173,CA_1,Estacional,2016-04-29,3.8601453,XGBoost
HOUSEHOLD_1_173,CA_1,Estacional,2016-04-30,5.3514323,XGBoost
HOUSEHOLD_1_173,CA_1,Estacional,2016-05-01,5.642345,XGBoost
HOUSEHOLD_1_173,CA_1,Estacional,2016-05-02,3.5821667,XGBoost
HOUSEHOLD_1_173,CA_1,Estacional,2016-05-03,2.7763393,XGBoost
HOUSEHOLD_1_173,CA_1,Estacional,2016-05-04,2.839701,XGBoost
HOUSEHOLD_1_173,CA_1,Estacional,2016-05-05,2.7519588,XGBoost
HOUSEHOLD_1_173,CA_1,Estacional,2016-05-06,3.732669,XGBoost
HOUSEHOLD_1_173,CA_1,Estacional,2016-05-07,5.7312403,XGBoost
HOUSEHOLD_1_173,CA_1,Estacional,2016-05-08,5.052099,XGBoost
HOUSEHOLD_1_173,CA_1,Estacional,2016-05-09,3.4550047,XGBoost
HOUSEHOLD_1_173,CA_1,Estacional,2016-05-10,2.6980505,XGBoost
HOUSEHOLD_1_173,CA_1,Estacional,2016-05-11,2.662286,XGBoost
HOUSEHOLD_1_173,CA_1,Estacional,2016-05-12,2.657256,XGBoost
HOUSEHOLD_1_173,CA_1,Estacional,2016-05-13,3.928757,XGBoost
HOUSEHOLD_1_173,CA_1,Estacional,2016-05-14,5.1011105,XGBoost
HOUSEHOLD_1_173,CA_1,Estacional,2016-05-15,6.028622,XGBoost
HOUSEHOLD_1_173,CA_1,Estacional,2016-05-16,3.6564946,XGBoost
HOUSEHOLD_1_173,CA_1,Estacional,2016-05-17,2.7746515,XGBoost
HOUSEHOLD_1_173,CA_1,Estacional,2016-05-18,2.7792373,XGBoost
HOUSEHOLD_1_173,CA_1,Estacional,2016-05-19,2.775942,XGBoost
HOUSEHOLD_1_173,CA_1,Estacional,2016-05-20,3.8260112,XGBoost
HOUSEHOLD_1_173,CA_1,Estacional,2016-05-21,5.009406,XGBoost
HOUSEHOLD_1_173,CA_1,Estacional,2016-05-22,5.1109753,XGBoost
HOUSEHOLD_1_188,CA_1,Estacional,2016-04-25,1.1936567,XGBoost
HOUSEHOLD_1_188,CA_1,Estacional,2016-04-26,0.9817663,XGBoost
HOUSEHOLD_1_188,CA_1,Estacional,2016-04-27,0.93500936,XGBoost
HOUSEHOLD_1_188,CA_1,Estacional,2016-04-28,0.9882019,XGBoost
HOUSEHOLD_1_188,CA_1,Estacional,2016-04-29,1.1777372,XGBoost
HOUSEHOLD_1_188,CA_1,Estacional,2016-04-30,1.5149055,XGBoost
HOUSEHOLD_1_188,CA_1,Estacional,2016-05-01,1.5433316,XGBoost
HOUSEHOLD_1_188,CA_1,Estacional,2016-05-02,1.1199361,XGBoost
HOUSEHOLD_1_188,CA_1,Estacional,2016-05-03,1.0137314,XGBoost
HOUSEHOLD_1_188,CA_1,Estacional,2016-05-04,1.0029185,XGBoost
HOUSEHOLD_1_188,CA_1,Estacional,2016-05-05,1.1029758,XGBoost
HOUSEHOLD_1_188,CA_1,Estacional,2016-05-06,1.1325979,XGBoost
HOUSEHOLD_1_188,CA_1,Estacional,2016-05-07,1.5956041,XGBoost
HOUSEHOLD_1_188,CA_1,Estacional,2016-05-08,1.6670753,XGBoost
HOUSEHOLD_1_188,CA_1,Estacional,2016-05-09,1.05741,XGBoost
HOUSEHOLD_1_188,CA_1,Estacional,2016-05-10,0.9747077,XGBoost
HOUSEHOLD_1_188,CA_1,Estacional,2016-05-11,0.9874519,XGBoost
HOUSEHOLD_1_188,CA_1,Estacional,2016-05-12,1.1011081,XGBoost
HOUSEHOLD_1_188,CA_1,Estacional,2016-05-13,1.1049237,XGBoost
HOUSEHOLD_1_188,CA_1,Estacional,2016-05-14,1.6151633,XGBoost
HOUSEHOLD_1_188,CA_1,Estacional,2016-05-15,1.5620512,XGBoost
HOUSEHOLD_1_188,CA_1,Estacional,2016-05-16,1.0232894,XGBoost
HOUSEHOLD_1_188,CA_1,Estacional,2016-05-17,0.9013732,XGBoost
HOUSEHOLD_1_188,CA_1,Estacional,2016-05-18,0.8869079,XGBoost
HOUSEHOLD_1_188,CA_1,Estacional,2016-05-19,0.9193709,XGBoost
HOUSEHOLD_1_188,CA_1,Estacional,2016-05-20,1.1049237,XGBoost
HOUSEHOLD_1_188,CA_1,Estacional,2016-05-21,1.5522183,XGBoost
HOUSEHOLD_1_188,CA_1,Estacional,2016-05-22,1.5377374,XGBoost
HOUSEHOLD_1_196,CA_1,Estacional,2016-04-25,1.1831113,XGBoost
HOUSEHOLD_1_196,CA_1,Estacional,2016-04-26,1.0644355,XGBoost
HOUSEHOLD_1_196,CA_1,Estacional,2016-04-27,1.0706252,XGBoost
HOUSEHOLD_1_196,CA_1,Estacional,2016-04-28,1.0886229,XGBoost
HOUSEHOLD_1_196,CA_1,Estacional,2016-04-29,1.5576487,XGBoost
HOUSEHOLD_1_196,CA_1,Estacional,2016-04-30,1.8864137,XGBoost
HOUSEHOLD_1_196,CA_1,Estacional,2016-05-01,2.0258985,XGBoost
HOUSEHOLD_1_196,CA_1,Estacional,2016-05-02,1.1721127,XGBoost
HOUSEHOLD_1_196,CA_1,Estacional,2016-05-03,1.156138,XGBoost
HOUSEHOLD_1_196,CA_1,Estacional,2016-05-04,1.0374521,XGBoost
HOUSEHOLD_1_196,CA_1,Estacional,2016-05-05,1.0850713,XGBoost
HOUSEHOLD_1_196,CA_1,Estacional,2016-05-06,1.3387494,XGBoost
HOUSEHOLD_1_196,CA_1,Estacional,2016-05-07,1.9806771,XGBoost
HOUSEHOLD_1_196,CA_1,Estacional,2016-05-08,1.838757,XGBoost
HOUSEHOLD_1_196,CA_1,Estacional,2016-05-09,1.1593684,XGBoost
HOUSEHOLD_1_196,CA_1,Estacional,2016-05-10,1.1811032,XGBoost
HOUSEHOLD_1_196,CA_1,Estacional,2016-05-11,0.95348006,XGBoost
HOUSEHOLD_1_196,CA_1,Estacional,2016-05-12,0.9859431,XGBoost
HOUSEHOLD_1_196,CA_1,Estacional,2016-05-13,1.2993258,XGBoost
HOUSEHOLD_1_196,CA_1,Estacional,2016-05-14,1.7408638,XGBoost
HOUSEHOLD_1_196,CA_1,Estacional,2016-05-15,1.8351071,XGBoost
HOUSEHOLD_1_196,CA_1,Estacional,2016-05-16,1.1240518,XGBoost
HOUSEHOLD_1_196,CA_1,Estacional,2016-05-17,1.0519174,XGBoost
HOUSEHOLD_1_196,CA_1,Estacional,2016-05-18,1.0339311,XGBoost
HOUSEHOLD_1_196,CA_1,Estacional,2016-05-19,1.0212595,XGBoost
HOUSEHOLD_1_196,CA_1,Estacional,2016-05-20,1.4826173,XGBoost
HOUSEHOLD_1_196,CA_1,Estacional,2016-05-21,1.6938515,XGBoost
HOUSEHOLD_1_196,CA_1,Estacional,2016-05-22,1.795337,XGBoost
HOUSEHOLD_1_234,CA_1,Estacional,2016-04-25,3.368697,XGBoost
HOUSEHOLD_1_234,CA_1,Estacional,2016-04-26,2.6882915,XGBoost
HOUSEHOLD_1_234,CA_1,Estacional,2016-04-27,2.6010551,XGBoost
HOUSEHOLD_1_234,CA_1,Estacional,2016-04-28,2.929348,XGBoost
HOUSEHOLD_1_234,CA_1,Estacional,2016-04-29,3.8139205,XGBoost
HOUSEHOLD_1_234,CA_1,Estacional,2016-04-30,5.2933283,XGBoost
HOUSEHOLD_1_234,CA_1,Estacional,2016-05-01,4.2431393,XGBoost
HOUSEHOLD_1_234,CA_1,Estacional,2016-05-02,2.992823,XGBoost
HOUSEHOLD_1_234,CA_1,Estacional,2016-05-03,2.5867262,XGBoost
HOUSEHOLD_1_234,CA_1,Estacional,2016-05-04,2.5622814,XGBoost
HOUSEHOLD_1_234,CA_1,Estacional,2016-05-05,2.7234569,XGBoost
HOUSEHOLD_1_234,CA_1,Estacional,2016-05-06,3.9522152,XGBoost
HOUSEHOLD_1_234,CA_1,Estacional,2016-05-07,5.26104,XGBoost
HOUSEHOLD_1_234,CA_1,Estacional,2016-05-08,4.577519,XGBoost
HOUSEHOLD_1_234,CA_1,Estacional,2016-05-09,3.1766396,XGBoost
HOUSEHOLD_1_234,CA_1,Estacional,2016-05-10,2.4809337,XGBoost
HOUSEHOLD_1_234,CA_1,Estacional,2016-05-11,2.561088,XGBoost
HOUSEHOLD_1_234,CA_1,Estacional,2016-05-12,2.9113946,XGBoost
HOUSEHOLD_1_234,CA_1,Estacional,2016-05-13,3.4207833,XGBoost
HOUSEHOLD_1_234,CA_1,Estacional,2016-05-14,5.5925426,XGBoost
HOUSEHOLD_1_234,CA_1,Estacional,2016-05-15,4.3059654,XGBoost
HOUSEHOLD_1_234,CA_1,Estacional,2016-05-16,3.613413,XGBoost
HOUSEHOLD_1_234,CA_1,Estacional,2016-05-17,2.5750258,XGBoost
HOUSEHOLD_1_234,CA_1,Estacional,2016-05-18,2.5593143,XGBoost
HOUSEHOLD_1_234,CA_1,Estacional,2016-05-19,2.8123114,XGBoost
HOUSEHOLD_1_234,CA_1,Estacional,2016-05-20,3.4309525,XGBoost
HOUSEHOLD_1_234,CA_1,Estacional,2016-05-21,5.416894,XGBoost
HOUSEHOLD_1_234,CA_1,Estacional,2016-05-22,4.214167,XGBoost
HOUSEHOLD_1_243,CA_1,Estacional,2016-04-25,2.5546854,XGBoost
HOUSEHOLD_1_243,CA_1,Estacional,2016-04-26,2.4854467,XGBoost
HOUSEHOLD_1_243,CA_1,Estacional,2016-04-27,2.2812815,XGBoost
HOUSEHOLD_1_243,CA_1,Estacional,2016-04-28,2.3471174,XGBoost
HOUSEHOLD_1_243,CA_1,Estacional,2016-04-29,2.957561,XGBoost
HOUSEHOLD_1_243,CA_1,Estacional,2016-04-30,3.7898047,XGBoost
HOUSEHOLD_1_243,CA_1,Estacional,2016-05-01,3.7391605,XGBoost
HOUSEHOLD_1_243,CA_1,Estacional,2016-05-02,2.4627838,XGBoost
HOUSEHOLD_1_243,CA_1,Estacional,2016-05-03,2.4610038,XGBoost
HOUSEHOLD_1_243,CA_1,Estacional,2016-05-04,2.138331,XGBoost
HOUSEHOLD_1_243,CA_1,Estacional,2016-05-05,2.2170637,XGBoost
HOUSEHOLD_1_243,CA_1,Estacional,2016-05-06,2.664365,XGBoost
HOUSEHOLD_1_243,CA_1,Estacional,2016-05-07,3.6300852,XGBoost
HOUSEHOLD_1_243,CA_1,Estacional,2016-05-08,3.5102975,XGBoost
HOUSEHOLD_1_243,CA_1,Estacional,2016-05-09,2.4203029,XGBoost
HOUSEHOLD_1_243,CA_1,Estacional,2016-05-10,2.1396253,XGBoost
HOUSEHOLD_1_243,CA_1,Estacional,2016-05-11,2.0703444,XGBoost
HOUSEHOLD_1_243,CA_1,Estacional,2016-05-12,2.0845485,XGBoost
HOUSEHOLD_1_243,CA_1,Estacional,2016-05-13,2.7686586,XGBoost
HOUSEHOLD_1_243,CA_1,Estacional,2016-05-14,3.4886453,XGBoost
HOUSEHOLD_1_243,CA_1,Estacional,2016-05-15,3.5890446,XGBoost
HOUSEHOLD_1_243,CA_1,Estacional,2016-05-16,2.4776876,XGBoost
HOUSEHOLD_1_243,CA_1,Estacional,2016-05-17,2.0526664,XGBoost
HOUSEHOLD_1_243,CA_1,Estacional,2016-05-18,2.1137607,XGBoost
HOUSEHOLD_1_243,CA_1,Estacional,2016-05-19,2.2521656,XGBoost
HOUSEHOLD_1_243,CA_1,Estacional,2016-05-20,2.7666247,XGBoost
HOUSEHOLD_1_243,CA_1,Estacional,2016-05-21,3.5347877,XGBoost
HOUSEHOLD_1_243,CA_1,Estacional,2016-05-22,3.538041,XGBoost
HOUSEHOLD_1_373,CA_1,Estacional,2016-04-25,4.0588536,XGBoost
HOUSEHOLD_1_373,CA_1,Estacional,2016-04-26,2.9608955,XGBoost
HOUSEHOLD_1_373,CA_1,Estacional,2016-04-27,2.9806864,XGBoost
HOUSEHOLD_1_373,CA_1,Estacional,2016-04-28,3.0255494,XGBoost
HOUSEHOLD_1_373,CA_1,Estacional,2016-04-29,3.4591434,XGBoost
HOUSEHOLD_1_373,CA_1,Estacional,2016-04-30,4.37681,XGBoost
HOUSEHOLD_1_373,CA_1,Estacional,2016-05-01,4.726448,XGBoost
HOUSEHOLD_1_373,CA_1,Estacional,2016-05-02,4.1965833,XGBoost
HOUSEHOLD_1_373,CA_1,Estacional,2016-05-03,2.9360929,XGBoost
HOUSEHOLD_1_373,CA_1,Estacional,2016-05-04,2.9930177,XGBoost
HOUSEHOLD_1_373,CA_1,Estacional,2016-05-05,2.9101882,XGBoost
HOUSEHOLD_1_373,CA_1,Estacional,2016-05-06,3.6946428,XGBoost
HOUSEHOLD_1_373,CA_1,Estacional,2016-05-07,4.88853,XGBoost
HOUSEHOLD_1_373,CA_1,Estacional,2016-05-08,4.762232,XGBoost
HOUSEHOLD_1_373,CA_1,Estacional,2016-05-09,3.8210897,XGBoost
HOUSEHOLD_1_373,CA_1,Estacional,2016-05-10,2.8558443,XGBoost
HOUSEHOLD_1_373,CA_1,Estacional,2016-05-11,2.7922688,XGBoost
HOUSEHOLD_1_373,CA_1,Estacional,2016-05-12,2.828343,XGBoost
HOUSEHOLD_1_373,CA_1,Estacional,2016-05-13,3.6134338,XGBoost
HOUSEHOLD_1_373,CA_1,Estacional,2016-05-14,4.468473,XGBoost
HOUSEHOLD_1_373,CA_1,Estacional,2016-05-15,4.7118306,XGBoost
HOUSEHOLD_1_373,CA_1,Estacional,2016-05-16,3.3748052,XGBoost
HOUSEHOLD_1_373,CA_1,Estacional,2016-05-17,2.8104687,XGBoost
HOUSEHOLD_1_373,CA_1,Estacional,2016-05-18,2.6116242,XGBoost
HOUSEHOLD_1_373,CA_1,Estacional,2016-05-19,2.6865497,XGBoost
HOUSEHOLD_1_373,CA_1,Estacional,2016-05-20,3.3655376,XGBoost
HOUSEHOLD_1_373,CA_1,Estacional,2016-05-21,4.400452,XGBoost
HOUSEHOLD_1_373,CA_1,Estacional,2016-05-22,4.450523,XGBoost
HOUSEHOLD_1_434,CA_1,Estacional,2016-04-25,2.2581594,XGBoost
HOUSEHOLD_1_434,CA_1,Estacional,2016-04-26,1.8693249,XGBoost
HOUSEHOLD_1_434,CA_1,Estacional,2016-04-27,2.1421764,XGBoost
HOUSEHOLD_1_434,CA_1,Estacional,2016-04-28,2.0942183,XGBoost
HOUSEHOLD_1_434,CA_1,Estacional,2016-04-29,2.6574275,XGBoost
HOUSEHOLD_1_434,CA_1,Estacional,2016-04-30,4.07638,XGBoost
HOUSEHOLD_1_434,CA_1,Estacional,2016-05-01,3.3034468,XGBoost
HOUSEHOLD_1_434,CA_1,Estacional,2016-05-02,2.3878791,XGBoost
HOUSEHOLD_1_434,CA_1,Estacional,2016-05-03,1.8920553,XGBoost
HOUSEHOLD_1_434,CA_1,Estacional,2016-05-04,2.27278,XGBoost
HOUSEHOLD_1_434,CA_1,Estacional,2016-05-05,2.0885656,XGBoost
HOUSEHOLD_1_434,CA_1,Estacional,2016-05-06,2.4588783,XGBoost
HOUSEHOLD_1_434,CA_1,Estacional,2016-05-07,4.0230546,XGBoost
HOUSEHOLD_1_434,CA_1,Estacional,2016-05-08,3.298962,XGBoost
HOUSEHOLD_1_434,CA_1,Estacional,2016-05-09,2.0525997,XGBoost
HOUSEHOLD_1_434,CA_1,Estacional,2016-05-10,1.8777533,XGBoost
HOUSEHOLD_1_434,CA_1,Estacional,2016-05-11,2.0957842,XGBoost
HOUSEHOLD_1_434,CA_1,Estacional,2016-05-12,2.0325892,XGBoost
HOUSEHOLD_1_434,CA_1,Estacional,2016-05-13,2.4848716,XGBoost
HOUSEHOLD_1_434,CA_1,Estacional,2016-05-14,3.8500252,XGBoost
HOUSEHOLD_1_434,CA_1,Estacional,2016-05-15,3.1572268,XGBoost
HOUSEHOLD_1_434,CA_1,Estacional,2016-05-16,1.9844503,XGBoost
HOUSEHOLD_1_434,CA_1,Estacional,2016-05-17,1.9282894,XGBoost
HOUSEHOLD_1_434,CA_1,Estacional,2016-05-18,2.1209059,XGBoost
HOUSEHOLD_1_434,CA_1,Estacional,2016-05-19,1.8567708,XGBoost
HOUSEHOLD_1_434,CA_1,Estacional,2016-05-20,2.4848716,XGBoost
HOUSEHOLD_1_434,CA_1,Estacional,2016-05-21,3.5792012,XGBoost
HOUSEHOLD_1_434,CA_1,Estacional,2016-05-22,3.2546809,XGBoost
HOUSEHOLD_1_440,CA_1,Estacional,2016-04-25,1.337269,XGBoost
HOUSEHOLD_1_440,CA_1,Estacional,2016-04-26,1.1818242,XGBoost
HOUSEHOLD_1_440,CA_1,Estacional,2016-04-27,1.0897273,XGBoost
HOUSEHOLD_1_440,CA_1,Estacional,2016-04-28,1.0947051,XGBoost
HOUSEHOLD_1_440,CA_1,Estacional,2016-04-29,1.3296293,XGBoost
HOUSEHOLD_1_440,CA_1,Estacional,2016-04-30,2.0587234,XGBoost
HOUSEHOLD_1_440,CA_1,Estacional,2016-05-01,1.9685239,XGBoost
HOUSEHOLD_1_440,CA_1,Estacional,2016-05-02,1.2942543,XGBoost
HOUSEHOLD_1_440,CA_1,Estacional,2016-05-03,1.215306,XGBoost
HOUSEHOLD_1_440,CA_1,Estacional,2016-05-04,1.255521,XGBoost
HOUSEHOLD_1_440,CA_1,Estacional,2016-05-05,1.1827095,XGBoost
HOUSEHOLD_1_440,CA_1,Estacional,2016-05-06,1.4427389,XGBoost
HOUSEHOLD_1_440,CA_1,Estacional,2016-05-07,2.0116024,XGBoost
HOUSEHOLD_1_440,CA_1,Estacional,2016-05-08,1.8142804,XGBoost
HOUSEHOLD_1_440,CA_1,Estacional,2016-05-09,1.2552855,XGBoost
HOUSEHOLD_1_440,CA_1,Estacional,2016-05-10,1.1206249,XGBoost
HOUSEHOLD_1_440,CA_1,Estacional,2016-05-11,1.1725833,XGBoost
HOUSEHOLD_1_440,CA_1,Estacional,2016-05-12,1.0699152,XGBoost
HOUSEHOLD_1_440,CA_1,Estacional,2016-05-13,1.35932,XGBoost
HOUSEHOLD_1_440,CA_1,Estacional,2016-05-14,1.9926097,XGBoost
HOUSEHOLD_1_440,CA_1,Estacional,2016-05-15,1.9994525,XGBoost
HOUSEHOLD_1_440,CA_1,Estacional,2016-05-16,1.2780542,XGBoost
HOUSEHOLD_1_440,CA_1,Estacional,2016-05-17,1.0519174,XGBoost
HOUSEHOLD_1_440,CA_1,Estacional,2016-05-18,1.0374521,XGBoost
HOUSEHOLD_1_440,CA_1,Estacional,2016-05-19,1.0699152,XGBoost
HOUSEHOLD_1_440,CA_1,Estacional,2016-05-20,1.2920946,XGBoost
HOUSEHOLD_1_440,CA_1,Estacional,2016-05-21,2.0066507,XGBoost
HOUSEHOLD_1_440,CA_1,Estacional,2016-05-22,1.9040504,XGBoost
HOUSEHOLD_1_494,CA_1,Estacional,2016-04-25,3.4309063,XGBoost
HOUSEHOLD_1_494,CA_1,Estacional,2016-04-26,2.6902797,XGBoost
HOUSEHOLD_1_494,CA_1,Estacional,2016-04-27,2.588704,XGBoost
HOUSEHOLD_1_494,CA_1,Estacional,2016-04-28,2.7040873,XGBoost
HOUSEHOLD_1_494,CA_1,Estacional,2016-04-29,3.5504386,XGBoost
HOUSEHOLD_1_494,CA_1,Estacional,2016-04-30,4.912348,XGBoost
HOUSEHOLD_1_494,CA_1,Estacional,2016-05-01,5.069402,XGBoost
HOUSEHOLD_1_494,CA_1,Estacional,2016-05-02,3.102545,XGBoost
HOUSEHOLD_1_494,CA_1,Estacional,2016-05-03,2.7863786,XGBoost
HOUSEHOLD_1_494,CA_1,Estacional,2016-05-04,2.6809676,XGBoost
HOUSEHOLD_1_494,CA_1,Estacional,2016-05-05,2.6099005,XGBoost
HOUSEHOLD_1_494,CA_1,Estacional,2016-05-06,3.4517858,XGBoost
HOUSEHOLD_1_494,CA_1,Estacional,2016-05-07,4.92301,XGBoost
HOUSEHOLD_1_494,CA_1,Estacional,2016-05-08,4.5580206,XGBoost
HOUSEHOLD_1_494,CA_1,Estacional,2016-05-09,3.0531173,XGBoost
HOUSEHOLD_1_494,CA_1,Estacional,2016-05-10,2.6356652,XGBoost
HOUSEHOLD_1_494,CA_1,Estacional,2016-05-11,2.6116242,XGBoost
HOUSEHOLD_1_494,CA_1,Estacional,2016-05-12,2.525401,XGBoost
HOUSEHOLD_1_494,CA_1,Estacional,2016-05-13,3.4899545,XGBoost
HOUSEHOLD_1_494,CA_1,Estacional,2016-05-14,4.983931,XGBoost
HOUSEHOLD_1_494,CA_1,Estacional,2016-05-15,4.5807953,XGBoost
HOUSEHOLD_1_494,CA_1,Estacional,2016-05-16,3.0519447,XGBoost
HOUSEHOLD_1_494,CA_1,Estacional,2016-05-17,2.4966452,XGBoost
HOUSEHOLD_1_494,CA_1,Estacional,2016-05-18,2.5490837,XGBoost
HOUSEHOLD_1_494,CA_1,Estacional,2016-05-19,2.5133967,XGBoost
HOUSEHOLD_1_494,CA_1,Estacional,2016-05-20,3.4384317,XGBoost
HOUSEHOLD_1_494,CA_1,Estacional,2016-05-21,4.504811,XGBoost
HOUSEHOLD_1_494,CA_1,Estacional,2016-05-22,4.5434175,XGBoost
HOUSEHOLD_1_516,CA_1,Estacional,2016-04-25,1.5939883,XGBoost
HOUSEHOLD_1_516,CA_1,Estacional,2016-04-26,1.3960818,XGBoost
HOUSEHOLD_1_516,CA_1,Estacional,2016-04-27,1.1278623,XGBoost
HOUSEHOLD_1_516,CA_1,Estacional,2016-04-28,1.2165769,XGBoost
HOUSEHOLD_1_516,CA_1,Estacional,2016-04-29,1.4515007,XGBoost
HOUSEHOLD_1_516,CA_1,Estacional,2016-04-30,2.160765,XGBoost
HOUSEHOLD_1_516,CA_1,Estacional,2016-05-01,2.5299268,XGBoost
HOUSEHOLD_1_516,CA_1,Estacional,2016-05-02,1.5701846,XGBoost
HOUSEHOLD_1_516,CA_1,Estacional,2016-05-03,1.4427772,XGBoost
HOUSEHOLD_1_516,CA_1,Estacional,2016-05-04,1.3219602,XGBoost
HOUSEHOLD_1_516,CA_1,Estacional,2016-05-05,1.4365525,XGBoost
HOUSEHOLD_1_516,CA_1,Estacional,2016-05-06,1.5248896,XGBoost
HOUSEHOLD_1_516,CA_1,Estacional,2016-05-07,2.2702732,XGBoost
HOUSEHOLD_1_516,CA_1,Estacional,2016-05-08,2.3075309,XGBoost
HOUSEHOLD_1_516,CA_1,Estacional,2016-05-09,1.4296553,XGBoost
HOUSEHOLD_1_516,CA_1,Estacional,2016-05-10,1.3301593,XGBoost
HOUSEHOLD_1_516,CA_1,Estacional,2016-05-11,1.2829915,XGBoost
HOUSEHOLD_1_516,CA_1,Estacional,2016-05-12,1.3757735,XGBoost
HOUSEHOLD_1_516,CA_1,Estacional,2016-05-13,1.6124184,XGBoost
HOUSEHOLD_1_516,CA_1,Estacional,2016-05-14,2.56003,XGBoost
HOUSEHOLD_1_516,CA_1,Estacional,2016-05-15,2.5419626,XGBoost
HOUSEHOLD_1_516,CA_1,Estacional,2016-05-16,1.5041449,XGBoost
HOUSEHOLD_1_516,CA_1,Estacional,2016-05-17,1.4274449,XGBoost
HOUSEHOLD_1_516,CA_1,Estacional,2016-05-18,1.2702472,XGBoost
HOUSEHOLD_1_516,CA_1,Estacional,2016-05-19,1.3027103,XGBoost
HOUSEHOLD_1_516,CA_1,Estacional,2016-05-20,1.5248896,XGBoost
HOUSEHOLD_1_516,CA_1,Estacional,2016-05-21,2.267306,XGBoost
HOUSEHOLD_1_516,CA_1,Estacional,2016-05-22,2.363487,XGBoost
HOUSEHOLD_1_528,CA_1,Estacional,2016-04-25,0.9514929,XGBoost
HOUSEHOLD_1_528,CA_1,Estacional,2016-04-26,0.9595334,XGBoost
HOUSEHOLD_1_528,CA_1,Estacional,2016-04-27,0.888041,XGBoost
HOUSEHOLD_1_528,CA_1,Estacional,2016-04-28,0.6715563,XGBoost
HOUSEHOLD_1_528,CA_1,Estacional,2016-04-29,0.86950827,XGBoost
HOUSEHOLD_1_528,CA_1,Estacional,2016-04-30,1.3455735,XGBoost
HOUSEHOLD_1_528,CA_1,Estacional,2016-05-01,1.2284994,XGBoost
HOUSEHOLD_1_528,CA_1,Estacional,2016-05-02,0.868057,XGBoost
HOUSEHOLD_1_528,CA_1,Estacional,2016-05-03,0.7866122,XGBoost
HOUSEHOLD_1_528,CA_1,Estacional,2016-05-04,0.8645471,XGBoost
HOUSEHOLD_1_528,CA_1,Estacional,2016-05-05,0.83676183,XGBoost
HOUSEHOLD_1_528,CA_1,Estacional,2016-05-06,0.93184286,XGBoost
HOUSEHOLD_1_528,CA_1,Estacional,2016-05-07,1.2471836,XGBoost
HOUSEHOLD_1_528,CA_1,Estacional,2016-05-08,1.139873,XGBoost
HOUSEHOLD_1_528,CA_1,Estacional,2016-05-09,0.8565589,XGBoost
HOUSEHOLD_1_528,CA_1,Estacional,2016-05-10,0.73555166,XGBoost
HOUSEHOLD_1_528,CA_1,Estacional,2016-05-11,0.74706197,XGBoost
HOUSEHOLD_1_528,CA_1,Estacional,2016-05-12,0.767362,XGBoost
HOUSEHOLD_1_528,CA_1,Estacional,2016-05-13,0.95231956,XGBoost
HOUSEHOLD_1_528,CA_1,Estacional,2016-05-14,1.2706276,XGBoost
HOUSEHOLD_1_528,CA_1,Estacional,2016-05-15,1.2130688,XGBoost
HOUSEHOLD_1_528,CA_1,Estacional,2016-05-16,0.90053844,XGBoost
HOUSEHOLD_1_528,CA_1,Estacional,2016-05-17,0.9117794,XGBoost
HOUSEHOLD_1_528,CA_1,Estacional,2016-05-18,0.8056717,XGBoost
HOUSEHOLD_1_528,CA_1,Estacional,2016-05-19,0.76128185,XGBoost
HOUSEHOLD_1_528,CA_1,Estacional,2016-05-20,0.91129726,XGBoost
HOUSEHOLD_1_528,CA_1,Estacional,2016-05-21,1.3178611,XGBoost
HOUSEHOLD_1_528,CA_1,Estacional,2016-05-22,1.2130688,XGBoost
HOUSEHOLD_2_160,CA_1,Estacional,2016-04-25,0.7037351,XGBoost
HOUSEHOLD_2_160,CA_1,Estacional,2016-04-26,0.5854134,XGBoost
HOUSEHOLD_2_160,CA_1,Estacional,2016-04-27,0.6766117,XGBoost
HOUSEHOLD_2_160,CA_1,Estacional,2016-04-28,0.70907474,XGBoost
HOUSEHOLD_2_160,CA_1,Estacional,2016-04-29,0.8718346,XGBoost
HOUSEHOLD_2_160,CA_1,Estacional,2016-04-30,1.3735489,XGBoost
HOUSEHOLD_2_160,CA_1,Estacional,2016-05-01,0.8836532,XGBoost
HOUSEHOLD_2_160,CA_1,Estacional,2016-05-02,0.75060445,XGBoost
HOUSEHOLD_2_160,CA_1,Estacional,2016-05-03,0.64465594,XGBoost
HOUSEHOLD_2_160,CA_1,Estacional,2016-05-04,0.64465594,XGBoost
HOUSEHOLD_2_160,CA_1,Estacional,2016-05-05,0.6783691,XGBoost
HOUSEHOLD_2_160,CA_1,Estacional,2016-05-06,0.84284616,XGBoost
HOUSEHOLD_2_160,CA_1,Estacional,2016-05-07,1.3921094,XGBoost
HOUSEHOLD_2_160,CA_1,Estacional,2016-05-08,0.99697226,XGBoost
HOUSEHOLD_2_160,CA_1,Estacional,2016-05-09,0.75060445,XGBoost
HOUSEHOLD_2_160,CA_1,Estacional,2016-05-10,0.64465594,XGBoost
HOUSEHOLD_2_160,CA_1,Estacional,2016-05-11,0.64465594,XGBoost
HOUSEHOLD_2_160,CA_1,Estacional,2016-05-12,0.67711896,XGBoost
HOUSEHOLD_2_160,CA_1,Estacional,2016-05-13,0.87027705,XGBoost
HOUSEHOLD_2_160,CA_1,Estacional,2016-05-14,1.1251053,XGBoost
HOUSEHOLD_2_160,CA_1,Estacional,2016-05-15,1.0496914,XGBoost
HOUSEHOLD_2_160,CA_1,Estacional,2016-05-16,0.75060445,XGBoost
HOUSEHOLD_2_160,CA_1,Estacional,2016-05-17,0.64465594,XGBoost
HOUSEHOLD_2_160,CA_1,Estacional,2016-05-18,0.64465594,XGBoost
HOUSEHOLD_2_160,CA_1,Estacional,2016-05-19,0.73850447,XGBoost
HOUSEHOLD_2_160,CA_1,Estacional,2016-05-20,0.88852,XGBoost
HOUSEHOLD_2_160,CA_1,Estacional,2016-05-21,1.265083,XGBoost
HOUSEHOLD_2_160,CA_1,Estacional,2016-05-22,1.0845201,XGBoost
HOUSEHOLD_2_437,CA_1,Estacional,2016-04-25,1.4335219,XGBoost
HOUSEHOLD_2_437,CA_1,Estacional,2016-04-26,1.3712909,XGBoost
HOUSEHOLD_2_437,CA_1,Estacional,2016-04-27,1.2767899,XGBoost
HOUSEHOLD_2_437,CA_1,Estacional,2016-04-28,1.5962623,XGBoost
HOUSEHOLD_2_437,CA_1,Estacional,2016-04-29,1.6749098,XGBoost
HOUSEHOLD_2_437,CA_1,Estacional,2016-04-30,2.272203,XGBoost
HOUSEHOLD_2_437,CA_1,Estacional,2016-05-01,2.3668,XGBoost
HOUSEHOLD_2_437,CA_1,Estacional,2016-05-02,1.4313776,XGBoost
HOUSEHOLD_2_437,CA_1,Estacional,2016-05-03,1.3504161,XGBoost
HOUSEHOLD_2_437,CA_1,Estacional,2016-05-04,1.2702472,XGBoost
HOUSEHOLD_2_437,CA_1,Estacional,2016-05-05,1.4605389,XGBoost
HOUSEHOLD_2_437,CA_1,Estacional,2016-05-06,1.4938682,XGBoost
HOUSEHOLD_2_437,CA_1,Estacional,2016-05-07,2.1321816,XGBoost
HOUSEHOLD_2_437,CA_1,Estacional,2016-05-08,2.2213173,XGBoost
HOUSEHOLD_2_437,CA_1,Estacional,2016-05-09,1.4104111,XGBoost
HOUSEHOLD_2_437,CA_1,Estacional,2016-05-10,1.3404533,XGBoost
HOUSEHOLD_2_437,CA_1,Estacional,2016-05-11,1.3029602,XGBoost
HOUSEHOLD_2_437,CA_1,Estacional,2016-05-12,1.3632979,XGBoost
HOUSEHOLD_2_437,CA_1,Estacional,2016-05-13,1.636678,XGBoost
HOUSEHOLD_2_437,CA_1,Estacional,2016-05-14,2.375777,XGBoost
HOUSEHOLD_2_437,CA_1,Estacional,2016-05-15,2.2897482,XGBoost
HOUSEHOLD_2_437,CA_1,Estacional,2016-05-16,1.4104111,XGBoost
HOUSEHOLD_2_437,CA_1,Estacional,2016-05-17,1.3029602,XGBoost
HOUSEHOLD_2_437,CA_1,Estacional,2016-05-18,1.2884948,XGBoost
HOUSEHOLD_2_437,CA_1,Estacional,2016-05-19,1.4894166,XGBoost
HOUSEHOLD_2_437,CA_1,Estacional,2016-05-20,1.5652105,XGBoost
HOUSEHOLD_2_437,CA_1,Estacional,2016-05-21,2.307627,XGBoost
HOUSEHOLD_2_437,CA_1,Estacional,2016-05-22,2.3027139,XGBoost
FOODS_1_018,CA_1,Estacional,2016-04-25,8.354041,XGBoost
FOODS_1_018,CA_1,Estacional,2016-04-26,8.207221,XGBoost
FOODS_1_018,CA_1,Estacional,2016-04-27,8.112326,XGBoost
FOODS_1_018,CA_1,Estacional,2016-04-28,9.907313,XGBoost
FOODS_1_018,CA_1,Estacional,2016-04-29,11.042113,XGBoost
FOODS_1_018,CA_1,Estacional,2016-04-30,13.0001745,XGBoost
FOODS_1_018,CA_1,Estacional,2016-05-01,12.256444,XGBoost
FOODS_1_018,CA_1,Estacional,2016-05-02,7.912448,XGBoost
FOODS_1_018,CA_1,Estacional,2016-05-03,7.295898,XGBoost
FOODS_1_018,CA_1,Estacional,2016-05-04,7.129473,XGBoost
FOODS_1_018,CA_1,Estacional,2016-05-05,8.363856,XGBoost
FOODS_1_018,CA_1,Estacional,2016-05-06,11.1045685,XGBoost
FOODS_1_018,CA_1,Estacional,2016-05-07,13.196228,XGBoost
FOODS_1_018,CA_1,Estacional,2016-05-08,10.760449,XGBoost
FOODS_1_018,CA_1,Estacional,2016-05-09,7.6939797,XGBoost
FOODS_1_018,CA_1,Estacional,2016-05-10,7.2925487,XGBoost
FOODS_1_018,CA_1,Estacional,2016-05-11,7.42945,XGBoost
FOODS_1_018,CA_1,Estacional,2016-05-12,8.186164,XGBoost
FOODS_1_018,CA_1,Estacional,2016-05-13,10.764807,XGBoost
FOODS_1_018,CA_1,Estacional,2016-05-14,12.483762,XGBoost
FOODS_1_018,CA_1,Estacional,2016-05-15,11.719832,XGBoost
FOODS_1_018,CA_1,Estacional,2016-05-16,8.298746,XGBoost
FOODS_1_018,CA_1,Estacional,2016-05-17,7.8810573,XGBoost
FOODS_1_018,CA_1,Estacional,2016-05-18,7.479539,XGBoost
FOODS_1_018,CA_1,Estacional,2016-05-19,8.4796095,XGBoost
FOODS_1_018,CA_1,Estacional,2016-05-20,10.529375,XGBoost
FOODS_1_018,CA_1,Estacional,2016-05-21,13.898527,XGBoost
FOODS_1_018,CA_1,Estacional,2016-05-22,12.053926,XGBoost
FOODS_1_086,CA_1,Estacional,2016-04-25,5.5472326,XGBoost
FOODS_1_086,CA_1,Estacional,2016-04-26,4.553498,XGBoost
FOODS_1_086,CA_1,Estacional,2016-04-27,4.5229926,XGBoost
FOODS_1_086,CA_1,Estacional,2016-04-28,4.7861633,XGBoost
FOODS_1_086,CA_1,Estacional,2016-04-29,6.657173,XGBoost
FOODS_1_086,CA_1,Estacional,2016-04-30,6.995275,XGBoost
FOODS_1_086,CA_1,Estacional,2016-05-01,6.769731,XGBoost
FOODS_1_086,CA_1,Estacional,2016-05-02,5.4357247,XGBoost
FOODS_1_086,CA_1,Estacional,2016-05-03,4.3897634,XGBoost
FOODS_1_086,CA_1,Estacional,2016-05-04,4.3452363,XGBoost
FOODS_1_086,CA_1,Estacional,2016-05-05,5.034107,XGBoost
FOODS_1_086,CA_1,Estacional,2016-05-06,6.1131845,XGBoost
FOODS_1_086,CA_1,Estacional,2016-05-07,7.092217,XGBoost
FOODS_1_086,CA_1,Estacional,2016-05-08,6.3039,XGBoost
FOODS_1_086,CA_1,Estacional,2016-05-09,4.849363,XGBoost
FOODS_1_086,CA_1,Estacional,2016-05-10,4.228868,XGBoost
FOODS_1_086,CA_1,Estacional,2016-05-11,4.144173,XGBoost
FOODS_1_086,CA_1,Estacional,2016-05-12,5.012786,XGBoost
FOODS_1_086,CA_1,Estacional,2016-05-13,6.780422,XGBoost
FOODS_1_086,CA_1,Estacional,2016-05-14,6.294748,XGBoost
FOODS_1_086,CA_1,Estacional,2016-05-15,6.4181633,XGBoost
FOODS_1_086,CA_1,Estacional,2016-05-16,5.108771,XGBoost
FOODS_1_086,CA_1,Estacional,2016-05-17,4.5686255,XGBoost
FOODS_1_086,CA_1,Estacional,2016-05-18,4.631476,XGBoost
FOODS_1_086,CA_1,Estacional,2016-05-19,4.7397976,XGBoost
FOODS_1_086,CA_1,Estacional,2016-05-20,6.011265,XGBoost
FOODS_1_086,CA_1,Estacional,2016-05-21,7.1051626,XGBoost
FOODS_1_086,CA_1,Estacional,2016-05-22,6.4940085,XGBoost
FOODS_1_203,CA_1,Estacional,2016-04-25,0.9112058,XGBoost
FOODS_1_203,CA_1,Estacional,2016-04-26,0.81800175,XGBoost
FOODS_1_203,CA_1,Estacional,2016-04-27,0.96340704,XGBoost
FOODS_1_203,CA_1,Estacional,2016-04-28,0.9124098,XGBoost
FOODS_1_203,CA_1,Estacional,2016-04-29,1.1424525,XGBoost
FOODS_1_203,CA_1,Estacional,2016-04-30,1.4946897,XGBoost
FOODS_1_203,CA_1,Estacional,2016-05-01,1.3858427,XGBoost
FOODS_1_203,CA_1,Estacional,2016-05-02,0.962212,XGBoost
FOODS_1_203,CA_1,Estacional,2016-05-03,0.8719751,XGBoost
FOODS_1_203,CA_1,Estacional,2016-05-04,1.0622455,XGBoost
FOODS_1_203,CA_1,Estacional,2016-05-05,0.8634198,XGBoost
FOODS_1_203,CA_1,Estacional,2016-05-06,1.0286515,XGBoost
FOODS_1_203,CA_1,Estacional,2016-05-07,1.5804623,XGBoost
FOODS_1_203,CA_1,Estacional,2016-05-08,1.4767957,XGBoost
FOODS_1_203,CA_1,Estacional,2016-05-09,0.905321,XGBoost
FOODS_1_203,CA_1,Estacional,2016-05-10,0.83858675,XGBoost
FOODS_1_203,CA_1,Estacional,2016-05-11,0.85133106,XGBoost
FOODS_1_203,CA_1,Estacional,2016-05-12,0.8318355,XGBoost
FOODS_1_203,CA_1,Estacional,2016-05-13,1.1964664,XGBoost
FOODS_1_203,CA_1,Estacional,2016-05-14,1.4864547,XGBoost
FOODS_1_203,CA_1,Estacional,2016-05-15,1.4267524,XGBoost
FOODS_1_203,CA_1,Estacional,2016-05-16,0.9422296,XGBoost
FOODS_1_203,CA_1,Estacional,2016-05-17,0.83628124,XGBoost
FOODS_1_203,CA_1,Estacional,2016-05-18,0.8519928,XGBoost
FOODS_1_203,CA_1,Estacional,2016-05-19,0.86874425,XGBoost
FOODS_1_203,CA_1,Estacional,2016-05-20,1.209282,XGBoost
FOODS_1_203,CA_1,Estacional,2016-05-21,1.4822345,XGBoost
FOODS_1_203,CA_1,Estacional,2016-05-22,1.4739859,XGBoost
FOODS_2_016,CA_1,Estacional,2016-04-25,4.090185,XGBoost
FOODS_2_016,CA_1,Estacional,2016-04-26,4.1499333,XGBoost
FOODS_2_016,CA_1,Estacional,2016-04-27,4.1693807,XGBoost
FOODS_2_016,CA_1,Estacional,2016-04-28,4.0790606,XGBoost
FOODS_2_016,CA_1,Estacional,2016-04-29,6.088841,XGBoost
FOODS_2_016,CA_1,Estacional,2016-04-30,8.88316,XGBoost
FOODS_2_016,CA_1,Estacional,2016-05-01,5.7186813,XGBoost
FOODS_2_016,CA_1,Estacional,2016-05-02,4.180229,XGBoost
FOODS_2_016,CA_1,Estacional,2016-05-03,3.8519945,XGBoost
FOODS_2_016,CA_1,Estacional,2016-05-04,4.231678,XGBoost
FOODS_2_016,CA_1,Estacional,2016-05-05,4.264469,XGBoost
FOODS_2_016,CA_1,Estacional,2016-05-06,4.9959054,XGBoost
FOODS_2_016,CA_1,Estacional,2016-05-07,7.922421,XGBoost
FOODS_2_016,CA_1,Estacional,2016-05-08,6.061063,XGBoost
FOODS_2_016,CA_1,Estacional,2016-05-09,4.200929,XGBoost
FOODS_2_016,CA_1,Estacional,2016-05-10,3.3577874,XGBoost
FOODS_2_016,CA_1,Estacional,2016-05-11,3.7015362,XGBoost
FOODS_2_016,CA_1,Estacional,2016-05-12,4.0719924,XGBoost
FOODS_2_016,CA_1,Estacional,2016-05-13,5.483697,XGBoost
FOODS_2_016,CA_1,Estacional,2016-05-14,6.600735,XGBoost
FOODS_2_016,CA_1,Estacional,2016-05-15,5.8926344,XGBoost
FOODS_2_016,CA_1,Estacional,2016-05-16,4.0644255,XGBoost
FOODS_2_016,CA_1,Estacional,2016-05-17,3.9463074,XGBoost
FOODS_2_016,CA_1,Estacional,2016-05-18,3.801146,XGBoost
FOODS_2_016,CA_1,Estacional,2016-05-19,3.8944585,XGBoost
FOODS_2_016,CA_1,Estacional,2016-05-20,5.182587,XGBoost
FOODS_2_016,CA_1,Estacional,2016-05-21,6.891886,XGBoost
FOODS_2_016,CA_1,Estacional,2016-05-22,5.71926,XGBoost
FOODS_2_020,CA_1,Estacional,2016-04-25,0.5900868,XGBoost
FOODS_2_020,CA_1,Estacional,2016-04-26,0.5019309,XGBoost
FOODS_2_020,CA_1,Estacional,2016-04-27,0.57733387,XGBoost
FOODS_2_020,CA_1,Estacional,2016-04-28,0.581712,XGBoost
FOODS_2_020,CA_1,Estacional,2016-04-29,0.76789194,XGBoost
FOODS_2_020,CA_1,Estacional,2016-04-30,0.9904396,XGBoost
FOODS_2_020,CA_1,Estacional,2016-05-01,0.97783583,XGBoost
FOODS_2_020,CA_1,Estacional,2016-05-02,0.6796467,XGBoost
FOODS_2_020,CA_1,Estacional,2016-05-03,0.60986257,XGBoost
FOODS_2_020,CA_1,Estacional,2016-05-04,0.6490767,XGBoost
FOODS_2_020,CA_1,Estacional,2016-05-05,0.6435757,XGBoost
FOODS_2_020,CA_1,Estacional,2016-05-06,0.7923411,XGBoost
FOODS_2_020,CA_1,Estacional,2016-05-07,1.0315211,XGBoost
FOODS_2_020,CA_1,Estacional,2016-05-08,0.99040955,XGBoost
FOODS_2_020,CA_1,Estacional,2016-05-09,0.7281843,XGBoost
FOODS_2_020,CA_1,Estacional,2016-05-10,0.6222358,XGBoost
FOODS_2_020,CA_1,Estacional,2016-05-11,0.6222358,XGBoost
FOODS_2_020,CA_1,Estacional,2016-05-12,0.6546988,XGBoost
FOODS_2_020,CA_1,Estacional,2016-05-13,0.8271346,XGBoost
FOODS_2_020,CA_1,Estacional,2016-05-14,1.1258066,XGBoost
FOODS_2_020,CA_1,Estacional,2016-05-15,1.1305853,XGBoost
FOODS_2_020,CA_1,Estacional,2016-05-16,0.75060445,XGBoost
FOODS_2_020,CA_1,Estacional,2016-05-17,0.64465594,XGBoost
FOODS_2_020,CA_1,Estacional,2016-05-18,0.64465594,XGBoost
FOODS_2_020,CA_1,Estacional,2016-05-19,0.67711896,XGBoost
FOODS_2_020,CA_1,Estacional,2016-05-20,0.8271346,XGBoost
FOODS_2_020,CA_1,Estacional,2016-05-21,1.0915387,XGBoost
FOODS_2_020,CA_1,Estacional,2016-05-22,1.0496914,XGBoost
FOODS_2_081,CA_1,Estacional,2016-04-25,2.476518,XGBoost
FOODS_2_081,CA_1,Estacional,2016-04-26,1.9957553,XGBoost
FOODS_2_081,CA_1,Estacional,2016-04-27,2.052966,XGBoost
FOODS_2_081,CA_1,Estacional,2016-04-28,2.1213665,XGBoost
FOODS_2_081,CA_1,Estacional,2016-04-29,2.8169706,XGBoost
FOODS_2_081,CA_1,Estacional,2016-04-30,3.4221275,XGBoost
FOODS_2_081,CA_1,Estacional,2016-05-01,4.295027,XGBoost
FOODS_2_081,CA_1,Estacional,2016-05-02,2.7720134,XGBoost
FOODS_2_081,CA_1,Estacional,2016-05-03,2.089997,XGBoost
FOODS_2_081,CA_1,Estacional,2016-05-04,2.1047013,XGBoost
FOODS_2_081,CA_1,Estacional,2016-05-05,2.1917367,XGBoost
FOODS_2_081,CA_1,Estacional,2016-05-06,2.8920503,XGBoost
FOODS_2_081,CA_1,Estacional,2016-05-07,3.5892472,XGBoost
FOODS_2_081,CA_1,Estacional,2016-05-08,4.0191054,XGBoost
FOODS_2_081,CA_1,Estacional,2016-05-09,2.395554,XGBoost
FOODS_2_081,CA_1,Estacional,2016-05-10,2.160107,XGBoost
FOODS_2_081,CA_1,Estacional,2016-05-11,2.210643,XGBoost
FOODS_2_081,CA_1,Estacional,2016-05-12,2.2053144,XGBoost
FOODS_2_081,CA_1,Estacional,2016-05-13,2.7605112,XGBoost
FOODS_2_081,CA_1,Estacional,2016-05-14,3.6495326,XGBoost
FOODS_2_081,CA_1,Estacional,2016-05-15,4.1227727,XGBoost
FOODS_2_081,CA_1,Estacional,2016-05-16,2.393175,XGBoost
FOODS_2_081,CA_1,Estacional,2016-05-17,2.085467,XGBoost
FOODS_2_081,CA_1,Estacional,2016-05-18,2.0982115,XGBoost
FOODS_2_081,CA_1,Estacional,2016-05-19,2.1463861,XGBoost
FOODS_2_081,CA_1,Estacional,2016-05-20,2.7550292,XGBoost
FOODS_2_081,CA_1,Estacional,2016-05-21,3.5912545,XGBoost
FOODS_2_081,CA_1,Estacional,2016-05-22,4.010986,XGBoost
FOODS_2_109,CA_1,Estacional,2016-04-25,1.4141166,XGBoost
FOODS_2_109,CA_1,Estacional,2016-04-26,1.1171956,XGBoost
FOODS_2_109,CA_1,Estacional,2016-04-27,1.1730633,XGBoost
FOODS_2_109,CA_1,Estacional,2016-04-28,1.2390178,XGBoost
FOODS_2_109,CA_1,Estacional,2016-04-29,1.3717791,XGBoost
FOODS_2_109,CA_1,Estacional,2016-04-30,1.8582072,XGBoost
FOODS_2_109,CA_1,Estacional,2016-05-01,2.2921345,XGBoost
FOODS_2_109,CA_1,Estacional,2016-05-02,1.3721889,XGBoost
FOODS_2_109,CA_1,Estacional,2016-05-03,1.1333692,XGBoost
FOODS_2_109,CA_1,Estacional,2016-05-04,1.0800279,XGBoost
FOODS_2_109,CA_1,Estacional,2016-05-05,1.2478788,XGBoost
FOODS_2_109,CA_1,Estacional,2016-05-06,1.4736819,XGBoost
FOODS_2_109,CA_1,Estacional,2016-05-07,1.9686859,XGBoost
FOODS_2_109,CA_1,Estacional,2016-05-08,2.263674,XGBoost
FOODS_2_109,CA_1,Estacional,2016-05-09,1.5151304,XGBoost
FOODS_2_109,CA_1,Estacional,2016-05-10,1.1970204,XGBoost
FOODS_2_109,CA_1,Estacional,2016-05-11,1.2645805,XGBoost
FOODS_2_109,CA_1,Estacional,2016-05-12,1.175888,XGBoost
FOODS_2_109,CA_1,Estacional,2016-05-13,1.4411933,XGBoost
FOODS_2_109,CA_1,Estacional,2016-05-14,1.8742499,XGBoost
FOODS_2_109,CA_1,Estacional,2016-05-15,1.9277184,XGBoost
FOODS_2_109,CA_1,Estacional,2016-05-16,1.3344654,XGBoost
FOODS_2_109,CA_1,Estacional,2016-05-17,1.0823301,XGBoost
FOODS_2_109,CA_1,Estacional,2016-05-18,1.1702756,XGBoost
FOODS_2_109,CA_1,Estacional,2016-05-19,1.2027386,XGBoost
FOODS_2_109,CA_1,Estacional,2016-05-20,1.3899788,XGBoost
FOODS_2_109,CA_1,Estacional,2016-05-21,1.9168835,XGBoost
FOODS_2_109,CA_1,Estacional,2016-05-22,2.1047018,XGBoost
FOODS_2_139,CA_1,Estacional,2016-04-25,1.7556145,XGBoost
FOODS_2_139,CA_1,Estacional,2016-04-26,1.7466006,XGBoost
FOODS_2_139,CA_1,Estacional,2016-04-27,1.9205409,XGBoost
FOODS_2_139,CA_1,Estacional,2016-04-28,1.849292,XGBoost
FOODS_2_139,CA_1,Estacional,2016-04-29,2.3600442,XGBoost
FOODS_2_139,CA_1,Estacional,2016-04-30,3.312361,XGBoost
FOODS_2_139,CA_1,Estacional,2016-05-01,3.3661168,XGBoost
FOODS_2_139,CA_1,Estacional,2016-05-02,2.2501707,XGBoost
FOODS_2_139,CA_1,Estacional,2016-05-03,1.7526317,XGBoost
FOODS_2_139,CA_1,Estacional,2016-05-04,1.9577268,XGBoost
FOODS_2_139,CA_1,Estacional,2016-05-05,1.9581506,XGBoost
FOODS_2_139,CA_1,Estacional,2016-05-06,2.3219578,XGBoost
FOODS_2_139,CA_1,Estacional,2016-05-07,3.438475,XGBoost
FOODS_2_139,CA_1,Estacional,2016-05-08,3.5975163,XGBoost
FOODS_2_139,CA_1,Estacional,2016-05-09,2.4113367,XGBoost
FOODS_2_139,CA_1,Estacional,2016-05-10,1.9660075,XGBoost
FOODS_2_139,CA_1,Estacional,2016-05-11,2.0913012,XGBoost
FOODS_2_139,CA_1,Estacional,2016-05-12,1.8420665,XGBoost
FOODS_2_139,CA_1,Estacional,2016-05-13,2.450047,XGBoost
FOODS_2_139,CA_1,Estacional,2016-05-14,3.409409,XGBoost
FOODS_2_139,CA_1,Estacional,2016-05-15,3.6045866,XGBoost
FOODS_2_139,CA_1,Estacional,2016-05-16,1.9355228,XGBoost
FOODS_2_139,CA_1,Estacional,2016-05-17,1.9205639,XGBoost
FOODS_2_139,CA_1,Estacional,2016-05-18,1.9449235,XGBoost
FOODS_2_139,CA_1,Estacional,2016-05-19,1.8970287,XGBoost
FOODS_2_139,CA_1,Estacional,2016-05-20,2.2673318,XGBoost
FOODS_2_139,CA_1,Estacional,2016-05-21,3.225687,XGBoost
FOODS_2_139,CA_1,Estacional,2016-05-22,2.9925969,XGBoost
FOODS_2_192,CA_1,Estacional,2016-04-25,2.0787866,XGBoost
FOODS_2_192,CA_1,Estacional,2016-04-26,2.0301242,XGBoost
FOODS_2_192,CA_1,Estacional,2016-04-27,2.2244625,XGBoost
FOODS_2_192,CA_1,Estacional,2016-04-28,2.037579,XGBoost
FOODS_2_192,CA_1,Estacional,2016-04-29,2.702795,XGBoost
FOODS_2_192,CA_1,Estacional,2016-04-30,3.7704685,XGBoost
FOODS_2_192,CA_1,Estacional,2016-05-01,3.8703754,XGBoost
FOODS_2_192,CA_1,Estacional,2016-05-02,2.3319805,XGBoost
FOODS_2_192,CA_1,Estacional,2016-05-03,1.9418435,XGBoost
FOODS_2_192,CA_1,Estacional,2016-05-04,2.2186081,XGBoost
FOODS_2_192,CA_1,Estacional,2016-05-05,2.0997045,XGBoost
FOODS_2_192,CA_1,Estacional,2016-05-06,2.6571116,XGBoost
FOODS_2_192,CA_1,Estacional,2016-05-07,3.6791966,XGBoost
FOODS_2_192,CA_1,Estacional,2016-05-08,3.7685354,XGBoost
FOODS_2_192,CA_1,Estacional,2016-05-09,2.3613722,XGBoost
FOODS_2_192,CA_1,Estacional,2016-05-10,2.0536737,XGBoost
FOODS_2_192,CA_1,Estacional,2016-05-11,2.2573771,XGBoost
FOODS_2_192,CA_1,Estacional,2016-05-12,2.1334794,XGBoost
FOODS_2_192,CA_1,Estacional,2016-05-13,2.599853,XGBoost
FOODS_2_192,CA_1,Estacional,2016-05-14,3.7205598,XGBoost
FOODS_2_192,CA_1,Estacional,2016-05-15,3.8189294,XGBoost
FOODS_2_192,CA_1,Estacional,2016-05-16,2.1766255,XGBoost
FOODS_2_192,CA_1,Estacional,2016-05-17,2.041232,XGBoost
FOODS_2_192,CA_1,Estacional,2016-05-18,2.2307665,XGBoost
FOODS_2_192,CA_1,Estacional,2016-05-19,2.0503266,XGBoost
FOODS_2_192,CA_1,Estacional,2016-05-20,2.691985,XGBoost
FOODS_2_192,CA_1,Estacional,2016-05-21,3.3615894,XGBoost
FOODS_2_192,CA_1,Estacional,2016-05-22,3.6046166,XGBoost
FOODS_2_247,CA_1,Estacional,2016-04-25,2.4677973,XGBoost
FOODS_2_247,CA_1,Estacional,2016-04-26,1.6039399,XGBoost
FOODS_2_247,CA_1,Estacional,2016-04-27,1.6886244,XGBoost
FOODS_2_247,CA_1,Estacional,2016-04-28,1.6841741,XGBoost
FOODS_2_247,CA_1,Estacional,2016-04-29,2.01807,XGBoost
FOODS_2_247,CA_1,Estacional,2016-04-30,2.92665,XGBoost
FOODS_2_247,CA_1,Estacional,2016-05-01,2.8279233,XGBoost
FOODS_2_247,CA_1,Estacional,2016-05-02,2.3918715,XGBoost
FOODS_2_247,CA_1,Estacional,2016-05-03,1.788142,XGBoost
FOODS_2_247,CA_1,Estacional,2016-05-04,1.6305927,XGBoost
FOODS_2_247,CA_1,Estacional,2016-05-05,1.610062,XGBoost
FOODS_2_247,CA_1,Estacional,2016-05-06,2.0759873,XGBoost
FOODS_2_247,CA_1,Estacional,2016-05-07,2.9776335,XGBoost
FOODS_2_247,CA_1,Estacional,2016-05-08,2.7279818,XGBoost
FOODS_2_247,CA_1,Estacional,2016-05-09,2.3963554,XGBoost
FOODS_2_247,CA_1,Estacional,2016-05-10,1.6578118,XGBoost
FOODS_2_247,CA_1,Estacional,2016-05-11,1.5140314,XGBoost
FOODS_2_247,CA_1,Estacional,2016-05-12,1.6008323,XGBoost
FOODS_2_247,CA_1,Estacional,2016-05-13,1.9810799,XGBoost
FOODS_2_247,CA_1,Estacional,2016-05-14,2.7436209,XGBoost
FOODS_2_247,CA_1,Estacional,2016-05-15,2.9530368,XGBoost
FOODS_2_247,CA_1,Estacional,2016-05-16,2.3471925,XGBoost
FOODS_2_247,CA_1,Estacional,2016-05-17,1.5257444,XGBoost
FOODS_2_247,CA_1,Estacional,2016-05-18,1.4895258,XGBoost
FOODS_2_247,CA_1,Estacional,2016-05-19,1.5219889,XGBoost
FOODS_2_247,CA_1,Estacional,2016-05-20,1.9880741,XGBoost
FOODS_2_247,CA_1,Estacional,2016-05-21,2.7617693,XGBoost
FOODS_2_247,CA_1,Estacional,2016-05-22,2.6463442,XGBoost
FOODS_2_267,CA_1,Estacional,2016-04-25,2.0909693,XGBoost
FOODS_2_267,CA_1,Estacional,2016-04-26,1.682739,XGBoost
FOODS_2_267,CA_1,Estacional,2016-04-27,1.8923386,XGBoost
FOODS_2_267,CA_1,Estacional,2016-04-28,2.1189072,XGBoost
FOODS_2_267,CA_1,Estacional,2016-04-29,2.1875913,XGBoost
FOODS_2_267,CA_1,Estacional,2016-04-30,3.2755413,XGBoost
FOODS_2_267,CA_1,Estacional,2016-05-01,3.4721289,XGBoost
FOODS_2_267,CA_1,Estacional,2016-05-02,1.9676027,XGBoost
FOODS_2_267,CA_1,Estacional,2016-05-03,1.6298028,XGBoost
FOODS_2_267,CA_1,Estacional,2016-05-04,1.8878208,XGBoost
FOODS_2_267,CA_1,Estacional,2016-05-05,1.8044872,XGBoost
FOODS_2_267,CA_1,Estacional,2016-05-06,1.9940077,XGBoost
FOODS_2_267,CA_1,Estacional,2016-05-07,2.9287896,XGBoost
FOODS_2_267,CA_1,Estacional,2016-05-08,2.923714,XGBoost
FOODS_2_267,CA_1,Estacional,2016-05-09,1.8549769,XGBoost
FOODS_2_267,CA_1,Estacional,2016-05-10,1.7073488,XGBoost
FOODS_2_267,CA_1,Estacional,2016-05-11,1.6607325,XGBoost
FOODS_2_267,CA_1,Estacional,2016-05-12,1.8697785,XGBoost
FOODS_2_267,CA_1,Estacional,2016-05-13,2.0454865,XGBoost
FOODS_2_267,CA_1,Estacional,2016-05-14,2.9266431,XGBoost
FOODS_2_267,CA_1,Estacional,2016-05-15,2.9657,XGBoost
FOODS_2_267,CA_1,Estacional,2016-05-16,2.116817,XGBoost
FOODS_2_267,CA_1,Estacional,2016-05-17,1.6166077,XGBoost
FOODS_2_267,CA_1,Estacional,2016-05-18,1.6166077,XGBoost
FOODS_2_267,CA_1,Estacional,2016-05-19,1.729965,XGBoost
FOODS_2_267,CA_1,Estacional,2016-05-20,2.1732948,XGBoost
FOODS_2_267,CA_1,Estacional,2016-05-21,2.7964494,XGBoost
FOODS_2_267,CA_1,Estacional,2016-05-22,2.8111894,XGBoost
FOODS_2_371,CA_1,Estacional,2016-04-25,7.459988,XGBoost
FOODS_2_371,CA_1,Estacional,2016-04-26,5.9802938,XGBoost
FOODS_2_371,CA_1,Estacional,2016-04-27,6.420609,XGBoost
FOODS_2_371,CA_1,Estacional,2016-04-28,7.131736,XGBoost
FOODS_2_371,CA_1,Estacional,2016-04-29,9.502938,XGBoost
FOODS_2_371,CA_1,Estacional,2016-04-30,10.241964,XGBoost
FOODS_2_371,CA_1,Estacional,2016-05-01,10.071634,XGBoost
FOODS_2_371,CA_1,Estacional,2016-05-02,7.12117,XGBoost
FOODS_2_371,CA_1,Estacional,2016-05-03,6.132816,XGBoost
FOODS_2_371,CA_1,Estacional,2016-05-04,6.109944,XGBoost
FOODS_2_371,CA_1,Estacional,2016-05-05,7.283071,XGBoost
FOODS_2_371,CA_1,Estacional,2016-05-06,8.872001,XGBoost
FOODS_2_371,CA_1,Estacional,2016-05-07,10.282451,XGBoost
FOODS_2_371,CA_1,Estacional,2016-05-08,10.3350115,XGBoost
FOODS_2_371,CA_1,Estacional,2016-05-09,7.31842,XGBoost
FOODS_2_371,CA_1,Estacional,2016-05-10,6.225107,XGBoost
FOODS_2_371,CA_1,Estacional,2016-05-11,5.978982,XGBoost
FOODS_2_371,CA_1,Estacional,2016-05-12,7.1371675,XGBoost
FOODS_2_371,CA_1,Estacional,2016-05-13,8.880509,XGBoost
FOODS_2_371,CA_1,Estacional,2016-05-14,10.736248,XGBoost
FOODS_2_371,CA_1,Estacional,2016-05-15,9.650802,XGBoost
FOODS_2_371,CA_1,Estacional,2016-05-16,6.984992,XGBoost
FOODS_2_371,CA_1,Estacional,2016-05-17,6.113031,XGBoost
FOODS_2_371,CA_1,Estacional,2016-05-18,6.3366723,XGBoost
FOODS_2_371,CA_1,Estacional,2016-05-19,7.0461173,XGBoost
FOODS_2_371,CA_1,Estacional,2016-05-20,8.725309,XGBoost
FOODS_2_371,CA_1,Estacional,2016-05-21,10.095243,XGBoost
FOODS_2_371,CA_1,Estacional,2016-05-22,9.742962,XGBoost
FOODS_2_388,CA_1,Estacional,2016-04-25,2.1082408,XGBoost
FOODS_2_388,CA_1,Estacional,2016-04-26,1.903408,XGBoost
FOODS_2_388,CA_1,Estacional,2016-04-27,1.7184846,XGBoost
FOODS_2_388,CA_1,Estacional,2016-04-28,1.7927961,XGBoost
FOODS_2_388,CA_1,Estacional,2016-04-29,2.5085957,XGBoost
FOODS_2_388,CA_1,Estacional,2016-04-30,3.2685993,XGBoost
FOODS_2_388,CA_1,Estacional,2016-05-01,3.4112687,XGBoost
FOODS_2_388,CA_1,Estacional,2016-05-02,2.032916,XGBoost
FOODS_2_388,CA_1,Estacional,2016-05-03,1.7318258,XGBoost
FOODS_2_388,CA_1,Estacional,2016-05-04,1.9859097,XGBoost
FOODS_2_388,CA_1,Estacional,2016-05-05,1.7486902,XGBoost
FOODS_2_388,CA_1,Estacional,2016-05-06,2.322146,XGBoost
FOODS_2_388,CA_1,Estacional,2016-05-07,3.0111225,XGBoost
FOODS_2_388,CA_1,Estacional,2016-05-08,3.2430997,XGBoost
FOODS_2_388,CA_1,Estacional,2016-05-09,1.9779727,XGBoost
FOODS_2_388,CA_1,Estacional,2016-05-10,1.7016522,XGBoost
FOODS_2_388,CA_1,Estacional,2016-05-11,1.835462,XGBoost
FOODS_2_388,CA_1,Estacional,2016-05-12,1.761544,XGBoost
FOODS_2_388,CA_1,Estacional,2016-05-13,2.2647471,XGBoost
FOODS_2_388,CA_1,Estacional,2016-05-14,3.1048305,XGBoost
FOODS_2_388,CA_1,Estacional,2016-05-15,3.138052,XGBoost
FOODS_2_388,CA_1,Estacional,2016-05-16,1.9884881,XGBoost
FOODS_2_388,CA_1,Estacional,2016-05-17,1.8910433,XGBoost
FOODS_2_388,CA_1,Estacional,2016-05-18,1.6166077,XGBoost
FOODS_2_388,CA_1,Estacional,2016-05-19,1.7395561,XGBoost
FOODS_2_388,CA_1,Estacional,2016-05-20,2.368381,XGBoost
FOODS_2_388,CA_1,Estacional,2016-05-21,2.8910987,XGBoost
FOODS_2_388,CA_1,Estacional,2016-05-22,3.0084796,XGBoost
FOODS_2_396,CA_1,Estacional,2016-04-25,2.1275551,XGBoost
FOODS_2_396,CA_1,Estacional,2016-04-26,1.7472497,XGBoost
FOODS_2_396,CA_1,Estacional,2016-04-27,1.8483235,XGBoost
FOODS_2_396,CA_1,Estacional,2016-04-28,1.7026381,XGBoost
FOODS_2_396,CA_1,Estacional,2016-04-29,2.2410753,XGBoost
FOODS_2_396,CA_1,Estacional,2016-04-30,2.7939296,XGBoost
FOODS_2_396,CA_1,Estacional,2016-05-01,2.7677784,XGBoost
FOODS_2_396,CA_1,Estacional,2016-05-02,2.038219,XGBoost
FOODS_2_396,CA_1,Estacional,2016-05-03,1.7543473,XGBoost
FOODS_2_396,CA_1,Estacional,2016-05-04,1.8069721,XGBoost
FOODS_2_396,CA_1,Estacional,2016-05-05,1.8043226,XGBoost
FOODS_2_396,CA_1,Estacional,2016-05-06,2.3000436,XGBoost
FOODS_2_396,CA_1,Estacional,2016-05-07,3.1012964,XGBoost
FOODS_2_396,CA_1,Estacional,2016-05-08,2.9211764,XGBoost
FOODS_2_396,CA_1,Estacional,2016-05-09,1.879884,XGBoost
FOODS_2_396,CA_1,Estacional,2016-05-10,1.8585652,XGBoost
FOODS_2_396,CA_1,Estacional,2016-05-11,1.850995,XGBoost
FOODS_2_396,CA_1,Estacional,2016-05-12,1.7379427,XGBoost
FOODS_2_396,CA_1,Estacional,2016-05-13,2.2625322,XGBoost
FOODS_2_396,CA_1,Estacional,2016-05-14,3.1067429,XGBoost
FOODS_2_396,CA_1,Estacional,2016-05-15,3.0048685,XGBoost
FOODS_2_396,CA_1,Estacional,2016-05-16,1.8654916,XGBoost
FOODS_2_396,CA_1,Estacional,2016-05-17,1.7858045,XGBoost
FOODS_2_396,CA_1,Estacional,2016-05-18,1.7881728,XGBoost
FOODS_2_396,CA_1,Estacional,2016-05-19,1.6647822,XGBoost
FOODS_2_396,CA_1,Estacional,2016-05-20,2.3165243,XGBoost
FOODS_2_396,CA_1,Estacional,2016-05-21,3.0737119,XGBoost
FOODS_2_396,CA_1,Estacional,2016-05-22,2.8066366,XGBoost
FOODS_3_039,CA_1,Estacional,2016-04-25,4.9964767,XGBoost
FOODS_3_039,CA_1,Estacional,2016-04-26,4.645855,XGBoost
FOODS_3_039,CA_1,Estacional,2016-04-27,4.657907,XGBoost
FOODS_3_039,CA_1,Estacional,2016-04-28,4.780781,XGBoost
FOODS_3_039,CA_1,Estacional,2016-04-29,6.108778,XGBoost
FOODS_3_039,CA_1,Estacional,2016-04-30,7.3747826,XGBoost
FOODS_3_039,CA_1,Estacional,2016-05-01,7.028871,XGBoost
FOODS_3_039,CA_1,Estacional,2016-05-02,5.148113,XGBoost
FOODS_3_039,CA_1,Estacional,2016-05-03,4.7664504,XGBoost
FOODS_3_039,CA_1,Estacional,2016-05-04,4.671384,XGBoost
FOODS_3_039,CA_1,Estacional,2016-05-05,4.741567,XGBoost
FOODS_3_039,CA_1,Estacional,2016-05-06,6.169859,XGBoost
FOODS_3_039,CA_1,Estacional,2016-05-07,7.0305924,XGBoost
FOODS_3_039,CA_1,Estacional,2016-05-08,6.8540263,XGBoost
FOODS_3_039,CA_1,Estacional,2016-05-09,4.926209,XGBoost
FOODS_3_039,CA_1,Estacional,2016-05-10,4.6747746,XGBoost
FOODS_3_039,CA_1,Estacional,2016-05-11,4.749817,XGBoost
FOODS_3_039,CA_1,Estacional,2016-05-12,5.262355,XGBoost
FOODS_3_039,CA_1,Estacional,2016-05-13,6.0994816,XGBoost
FOODS_3_039,CA_1,Estacional,2016-05-14,7.219798,XGBoost
FOODS_3_039,CA_1,Estacional,2016-05-15,7.4303613,XGBoost
FOODS_3_039,CA_1,Estacional,2016-05-16,4.989806,XGBoost
FOODS_3_039,CA_1,Estacional,2016-05-17,4.546134,XGBoost
FOODS_3_039,CA_1,Estacional,2016-05-18,4.553814,XGBoost
FOODS_3_039,CA_1,Estacional,2016-05-19,4.9515767,XGBoost
FOODS_3_039,CA_1,Estacional,2016-05-20,6.1664824,XGBoost
FOODS_3_039,CA_1,Estacional,2016-05-21,7.547495,XGBoost
FOODS_3_039,CA_1,Estacional,2016-05-22,7.4778557,XGBoost
FOODS_3_080,CA_1,Estacional,2016-04-25,17.255526,XGBoost
FOODS_3_080,CA_1,Estacional,2016-04-26,16.991407,XGBoost
FOODS_3_080,CA_1,Estacional,2016-04-27,15.850754,XGBoost
FOODS_3_080,CA_1,Estacional,2016-04-28,15.264461,XGBoost
FOODS_3_080,CA_1,Estacional,2016-04-29,18.82737,XGBoost
FOODS_3_080,CA_1,Estacional,2016-04-30,24.433676,XGBoost
FOODS_3_080,CA_1,Estacional,2016-05-01,22.39165,XGBoost
FOODS_3_080,CA_1,Estacional,2016-05-02,17.326532,XGBoost
FOODS_3_080,CA_1,Estacional,2016-05-03,15.82128,XGBoost
FOODS_3_080,CA_1,Estacional,2016-05-04,15.922725,XGBoost
FOODS_3_080,CA_1,Estacional,2016-05-05,14.834016,XGBoost
FOODS_3_080,CA_1,Estacional,2016-05-06,18.37166,XGBoost
FOODS_3_080,CA_1,Estacional,2016-05-07,24.264236,XGBoost
FOODS_3_080,CA_1,Estacional,2016-05-08,20.928514,XGBoost
FOODS_3_080,CA_1,Estacional,2016-05-09,16.469206,XGBoost
FOODS_3_080,CA_1,Estacional,2016-05-10,15.201277,XGBoost
FOODS_3_080,CA_1,Estacional,2016-05-11,16.484234,XGBoost
FOODS_3_080,CA_1,Estacional,2016-05-12,14.590664,XGBoost
FOODS_3_080,CA_1,Estacional,2016-05-13,18.919464,XGBoost
FOODS_3_080,CA_1,Estacional,2016-05-14,23.91385,XGBoost
FOODS_3_080,CA_1,Estacional,2016-05-15,23.177874,XGBoost
FOODS_3_080,CA_1,Estacional,2016-05-16,16.075985,XGBoost
FOODS_3_080,CA_1,Estacional,2016-05-17,15.711052,XGBoost
FOODS_3_080,CA_1,Estacional,2016-05-18,16.095764,XGBoost
FOODS_3_080,CA_1,Estacional,2016-05-19,15.598686,XGBoost
FOODS_3_080,CA_1,Estacional,2016-05-20,18.641676,XGBoost
FOODS_3_080,CA_1,Estacional,2016-05-21,24.133614,XGBoost
FOODS_3_080,CA_1,Estacional,2016-05-22,23.04671,XGBoost
FOODS_3_081,CA_1,Estacional,2016-04-25,0.733912,XGBoost
FOODS_3_081,CA_1,Estacional,2016-04-26,0.549249,XGBoost
FOODS_3_081,CA_1,Estacional,2016-04-27,0.5854134,XGBoost
FOODS_3_081,CA_1,Estacional,2016-04-28,0.62909675,XGBoost
FOODS_3_081,CA_1,Estacional,2016-04-29,0.746193,XGBoost
FOODS_3_081,CA_1,Estacional,2016-04-30,1.0878422,XGBoost
FOODS_3_081,CA_1,Estacional,2016-05-01,1.0250374,XGBoost
FOODS_3_081,CA_1,Estacional,2016-05-02,0.8246471,XGBoost
FOODS_3_081,CA_1,Estacional,2016-05-03,0.6794845,XGBoost
FOODS_3_081,CA_1,Estacional,2016-05-04,0.6794845,XGBoost
FOODS_3_081,CA_1,Estacional,2016-05-05,0.764911,XGBoost
FOODS_3_081,CA_1,Estacional,2016-05-06,0.86196303,XGBoost
FOODS_3_081,CA_1,Estacional,2016-05-07,1.1263673,XGBoost
FOODS_3_081,CA_1,Estacional,2016-05-08,1.1102285,XGBoost
FOODS_3_081,CA_1,Estacional,2016-05-09,0.79803216,XGBoost
FOODS_3_081,CA_1,Estacional,2016-05-10,0.7602337,XGBoost
FOODS_3_081,CA_1,Estacional,2016-05-11,0.6794845,XGBoost
FOODS_3_081,CA_1,Estacional,2016-05-12,0.7246918,XGBoost
FOODS_3_081,CA_1,Estacional,2016-05-13,0.8745623,XGBoost
FOODS_3_081,CA_1,Estacional,2016-05-14,1.1389667,XGBoost
FOODS_3_081,CA_1,Estacional,2016-05-15,1.1780133,XGBoost
FOODS_3_081,CA_1,Estacional,2016-05-16,0.7854329,XGBoost
FOODS_3_081,CA_1,Estacional,2016-05-17,0.6794845,XGBoost
FOODS_3_081,CA_1,Estacional,2016-05-18,0.6794845,XGBoost
FOODS_3_081,CA_1,Estacional,2016-05-19,0.7119475,XGBoost
FOODS_3_081,CA_1,Estacional,2016-05-20,0.86196303,XGBoost
FOODS_3_081,CA_1,Estacional,2016-05-21,1.1945169,XGBoost
FOODS_3_081,CA_1,Estacional,2016-05-22,1.0845201,XGBoost
FOODS_3_086,CA_1,Estacional,2016-04-25,8.202618,XGBoost
FOODS_3_086,CA_1,Estacional,2016-04-26,7.4523005,XGBoost
FOODS_3_086,CA_1,Estacional,2016-04-27,7.440175,XGBoost
FOODS_3_086,CA_1,Estacional,2016-04-28,7.731517,XGBoost
FOODS_3_086,CA_1,Estacional,2016-04-29,8.639702,XGBoost
FOODS_3_086,CA_1,Estacional,2016-04-30,12.955944,XGBoost
FOODS_3_086,CA_1,Estacional,2016-05-01,11.985605,XGBoost
FOODS_3_086,CA_1,Estacional,2016-05-02,8.089821,XGBoost
FOODS_3_086,CA_1,Estacional,2016-05-03,6.809608,XGBoost
FOODS_3_086,CA_1,Estacional,2016-05-04,6.6194572,XGBoost
FOODS_3_086,CA_1,Estacional,2016-05-05,7.563704,XGBoost
FOODS_3_086,CA_1,Estacional,2016-05-06,8.841309,XGBoost
FOODS_3_086,CA_1,Estacional,2016-05-07,11.835927,XGBoost
FOODS_3_086,CA_1,Estacional,2016-05-08,10.996409,XGBoost
FOODS_3_086,CA_1,Estacional,2016-05-09,7.527032,XGBoost
FOODS_3_086,CA_1,Estacional,2016-05-10,6.7941523,XGBoost
FOODS_3_086,CA_1,Estacional,2016-05-11,6.5713925,XGBoost
FOODS_3_086,CA_1,Estacional,2016-05-12,7.0922713,XGBoost
FOODS_3_086,CA_1,Estacional,2016-05-13,8.787053,XGBoost
FOODS_3_086,CA_1,Estacional,2016-05-14,12.157232,XGBoost
FOODS_3_086,CA_1,Estacional,2016-05-15,11.834995,XGBoost
FOODS_3_086,CA_1,Estacional,2016-05-16,7.6346493,XGBoost
FOODS_3_086,CA_1,Estacional,2016-05-17,7.1947985,XGBoost
FOODS_3_086,CA_1,Estacional,2016-05-18,6.7176733,XGBoost
FOODS_3_086,CA_1,Estacional,2016-05-19,7.4655194,XGBoost
FOODS_3_086,CA_1,Estacional,2016-05-20,8.828288,XGBoost
FOODS_3_086,CA_1,Estacional,2016-05-21,12.489607,XGBoost
FOODS_3_086,CA_1,Estacional,2016-05-22,12.578751,XGBoost
FOODS_3_098,CA_1,Estacional,2016-04-25,1.2613264,XGBoost
FOODS_3_098,CA_1,Estacional,2016-04-26,1.0130029,XGBoost
FOODS_3_098,CA_1,Estacional,2016-04-27,1.1442803,XGBoost
FOODS_3_098,CA_1,Estacional,2016-04-28,1.0870986,XGBoost
FOODS_3_098,CA_1,Estacional,2016-04-29,1.4059438,XGBoost
FOODS_3_098,CA_1,Estacional,2016-04-30,1.9770732,XGBoost
FOODS_3_098,CA_1,Estacional,2016-05-01,1.9800049,XGBoost
FOODS_3_098,CA_1,Estacional,2016-05-02,1.2643317,XGBoost
FOODS_3_098,CA_1,Estacional,2016-05-03,1.1049236,XGBoost
FOODS_3_098,CA_1,Estacional,2016-05-04,1.156882,XGBoost
FOODS_3_098,CA_1,Estacional,2016-05-05,1.2042559,XGBoost
FOODS_3_098,CA_1,Estacional,2016-05-06,1.4603064,XGBoost
FOODS_3_098,CA_1,Estacional,2016-05-07,1.9129587,XGBoost
FOODS_3_098,CA_1,Estacional,2016-05-08,1.9695255,XGBoost
FOODS_3_098,CA_1,Estacional,2016-05-09,1.2669939,XGBoost
FOODS_3_098,CA_1,Estacional,2016-05-10,1.0678648,XGBoost
FOODS_3_098,CA_1,Estacional,2016-05-11,1.0835763,XGBoost
FOODS_3_098,CA_1,Estacional,2016-05-12,1.0826595,XGBoost
FOODS_3_098,CA_1,Estacional,2016-05-13,1.387454,XGBoost
FOODS_3_098,CA_1,Estacional,2016-05-14,1.8279736,XGBoost
FOODS_3_098,CA_1,Estacional,2016-05-15,1.9688541,XGBoost
FOODS_3_098,CA_1,Estacional,2016-05-16,1.2792941,XGBoost
FOODS_3_098,CA_1,Estacional,2016-05-17,1.0374521,XGBoost
FOODS_3_098,CA_1,Estacional,2016-05-18,1.1448158,XGBoost
FOODS_3_098,CA_1,Estacional,2016-05-19,1.0699152,XGBoost
FOODS_3_098,CA_1,Estacional,2016-05-20,1.3078061,XGBoost
FOODS_3_098,CA_1,Estacional,2016-05-21,1.9191009,XGBoost
FOODS_3_098,CA_1,Estacional,2016-05-22,1.8328532,XGBoost
FOODS_3_124,CA_1,Estacional,2016-04-25,5.134349,XGBoost
FOODS_3_124,CA_1,Estacional,2016-04-26,4.9048824,XGBoost
FOODS_3_124,CA_1,Estacional,2016-04-27,4.6421237,XGBoost
FOODS_3_124,CA_1,Estacional,2016-04-28,4.48859,XGBoost
FOODS_3_124,CA_1,Estacional,2016-04-29,5.2390738,XGBoost
FOODS_3_124,CA_1,Estacional,2016-04-30,7.3318386,XGBoost
FOODS_3_124,CA_1,Estacional,2016-05-01,8.158143,XGBoost
FOODS_3_124,CA_1,Estacional,2016-05-02,5.1211452,XGBoost
FOODS_3_124,CA_1,Estacional,2016-05-03,5.078456,XGBoost
FOODS_3_124,CA_1,Estacional,2016-05-04,5.092022,XGBoost
FOODS_3_124,CA_1,Estacional,2016-05-05,4.713938,XGBoost
FOODS_3_124,CA_1,Estacional,2016-05-06,5.509176,XGBoost
FOODS_3_124,CA_1,Estacional,2016-05-07,7.5374427,XGBoost
FOODS_3_124,CA_1,Estacional,2016-05-08,7.915903,XGBoost
FOODS_3_124,CA_1,Estacional,2016-05-09,5.241502,XGBoost
FOODS_3_124,CA_1,Estacional,2016-05-10,4.935845,XGBoost
FOODS_3_124,CA_1,Estacional,2016-05-11,4.744571,XGBoost
FOODS_3_124,CA_1,Estacional,2016-05-12,4.7176704,XGBoost
FOODS_3_124,CA_1,Estacional,2016-05-13,5.44826,XGBoost
FOODS_3_124,CA_1,Estacional,2016-05-14,7.4274387,XGBoost
FOODS_3_124,CA_1,Estacional,2016-05-15,8.545,XGBoost
FOODS_3_124,CA_1,Estacional,2016-05-16,5.0167875,XGBoost
FOODS_3_124,CA_1,Estacional,2016-05-17,4.6547217,XGBoost
FOODS_3_124,CA_1,Estacional,2016-05-18,4.449025,XGBoost
FOODS_3_124,CA_1,Estacional,2016-05-19,4.531654,XGBoost
FOODS_3_124,CA_1,Estacional,2016-05-20,5.2495437,XGBoost
FOODS_3_124,CA_1,Estacional,2016-05-21,7.3597894,XGBoost
FOODS_3_124,CA_1,Estacional,2016-05-22,7.6111617,XGBoost
FOODS_3_127,CA_1,Estacional,2016-04-25,3.6936865,XGBoost
FOODS_3_127,CA_1,Estacional,2016-04-26,3.3518379,XGBoost
FOODS_3_127,CA_1,Estacional,2016-04-27,3.5822823,XGBoost
FOODS_3_127,CA_1,Estacional,2016-04-28,3.9882114,XGBoost
FOODS_3_127,CA_1,Estacional,2016-04-29,4.8742857,XGBoost
FOODS_3_127,CA_1,Estacional,2016-04-30,5.998256,XGBoost
FOODS_3_127,CA_1,Estacional,2016-05-01,5.7019706,XGBoost
FOODS_3_127,CA_1,Estacional,2016-05-02,3.8486755,XGBoost
FOODS_3_127,CA_1,Estacional,2016-05-03,3.7356982,XGBoost
FOODS_3_127,CA_1,Estacional,2016-05-04,3.6431396,XGBoost
FOODS_3_127,CA_1,Estacional,2016-05-05,3.890909,XGBoost
FOODS_3_127,CA_1,Estacional,2016-05-06,4.572741,XGBoost
FOODS_3_127,CA_1,Estacional,2016-05-07,5.775964,XGBoost
FOODS_3_127,CA_1,Estacional,2016-05-08,5.647275,XGBoost
FOODS_3_127,CA_1,Estacional,2016-05-09,3.8527305,XGBoost
FOODS_3_127,CA_1,Estacional,2016-05-10,3.6266806,XGBoost
FOODS_3_127,CA_1,Estacional,2016-05-11,3.875463,XGBoost
FOODS_3_127,CA_1,Estacional,2016-05-12,4.326311,XGBoost
FOODS_3_127,CA_1,Estacional,2016-05-13,4.6664762,XGBoost
FOODS_3_127,CA_1,Estacional,2016-05-14,5.935349,XGBoost
FOODS_3_127,CA_1,Estacional,2016-05-15,5.482536,XGBoost
FOODS_3_127,CA_1,Estacional,2016-05-16,3.695174,XGBoost
FOODS_3_127,CA_1,Estacional,2016-05-17,3.3303113,XGBoost
FOODS_3_127,CA_1,Estacional,2016-05-18,3.3995285,XGBoost
FOODS_3_127,CA_1,Estacional,2016-05-19,3.9020486,XGBoost
FOODS_3_127,CA_1,Estacional,2016-05-20,5.105512,XGBoost
FOODS_3_127,CA_1,Estacional,2016-05-21,6.1283164,XGBoost
FOODS_3_127,CA_1,Estacional,2016-05-22,6.050408,XGBoost
FOODS_3_133,CA_1,Estacional,2016-04-25,6.9926724,XGBoost
FOODS_3_133,CA_1,Estacional,2016-04-26,6.281186,XGBoost
FOODS_3_133,CA_1,Estacional,2016-04-27,5.9017286,XGBoost
FOODS_3_133,CA_1,Estacional,2016-04-28,5.964176,XGBoost
FOODS_3_133,CA_1,Estacional,2016-04-29,6.9386864,XGBoost
FOODS_3_133,CA_1,Estacional,2016-04-30,7.84634,XGBoost
FOODS_3_133,CA_1,Estacional,2016-05-01,9.731222,XGBoost
FOODS_3_133,CA_1,Estacional,2016-05-02,6.8498664,XGBoost
FOODS_3_133,CA_1,Estacional,2016-05-03,6.0131392,XGBoost
FOODS_3_133,CA_1,Estacional,2016-05-04,5.85263,XGBoost
FOODS_3_133,CA_1,Estacional,2016-05-05,6.1087966,XGBoost
FOODS_3_133,CA_1,Estacional,2016-05-06,6.9745755,XGBoost
FOODS_3_133,CA_1,Estacional,2016-05-07,8.72028,XGBoost
FOODS_3_133,CA_1,Estacional,2016-05-08,9.826507,XGBoost
FOODS_3_133,CA_1,Estacional,2016-05-09,6.776625,XGBoost
FOODS_3_133,CA_1,Estacional,2016-05-10,5.8823857,XGBoost
FOODS_3_133,CA_1,Estacional,2016-05-11,5.7948136,XGBoost
FOODS_3_133,CA_1,Estacional,2016-05-12,5.7285132,XGBoost
FOODS_3_133,CA_1,Estacional,2016-05-13,6.807102,XGBoost
FOODS_3_133,CA_1,Estacional,2016-05-14,8.659152,XGBoost
FOODS_3_133,CA_1,Estacional,2016-05-15,9.345357,XGBoost
FOODS_3_133,CA_1,Estacional,2016-05-16,6.46415,XGBoost
FOODS_3_133,CA_1,Estacional,2016-05-17,6.065683,XGBoost
FOODS_3_133,CA_1,Estacional,2016-05-18,5.4981318,XGBoost
FOODS_3_133,CA_1,Estacional,2016-05-19,5.664634,XGBoost
FOODS_3_133,CA_1,Estacional,2016-05-20,7.1834044,XGBoost
FOODS_3_133,CA_1,Estacional,2016-05-21,7.939539,XGBoost
FOODS_3_133,CA_1,Estacional,2016-05-22,8.673765,XGBoost
FOODS_3_163,CA_1,Estacional,2016-04-25,4.7182217,XGBoost
FOODS_3_163,CA_1,Estacional,2016-04-26,4.516418,XGBoost
FOODS_3_163,CA_1,Estacional,2016-04-27,4.6561985,XGBoost
FOODS_3_163,CA_1,Estacional,2016-04-28,4.802165,XGBoost
FOODS_3_163,CA_1,Estacional,2016-04-29,5.284155,XGBoost
FOODS_3_163,CA_1,Estacional,2016-04-30,7.362075,XGBoost
FOODS_3_163,CA_1,Estacional,2016-05-01,7.636523,XGBoost
FOODS_3_163,CA_1,Estacional,2016-05-02,4.7544785,XGBoost
FOODS_3_163,CA_1,Estacional,2016-05-03,4.644651,XGBoost
FOODS_3_163,CA_1,Estacional,2016-05-04,4.4021106,XGBoost
FOODS_3_163,CA_1,Estacional,2016-05-05,4.3505797,XGBoost
FOODS_3_163,CA_1,Estacional,2016-05-06,4.9019322,XGBoost
FOODS_3_163,CA_1,Estacional,2016-05-07,7.3549986,XGBoost
FOODS_3_163,CA_1,Estacional,2016-05-08,7.6289167,XGBoost
FOODS_3_163,CA_1,Estacional,2016-05-09,4.6483264,XGBoost
FOODS_3_163,CA_1,Estacional,2016-05-10,4.1406384,XGBoost
FOODS_3_163,CA_1,Estacional,2016-05-11,4.3537855,XGBoost
FOODS_3_163,CA_1,Estacional,2016-05-12,3.9251513,XGBoost
FOODS_3_163,CA_1,Estacional,2016-05-13,4.6454916,XGBoost
FOODS_3_163,CA_1,Estacional,2016-05-14,6.5650206,XGBoost
FOODS_3_163,CA_1,Estacional,2016-05-15,7.413766,XGBoost
FOODS_3_163,CA_1,Estacional,2016-05-16,4.533489,XGBoost
FOODS_3_163,CA_1,Estacional,2016-05-17,4.1033936,XGBoost
FOODS_3_163,CA_1,Estacional,2016-05-18,4.1033936,XGBoost
FOODS_3_163,CA_1,Estacional,2016-05-19,4.096931,XGBoost
FOODS_3_163,CA_1,Estacional,2016-05-20,4.8085737,XGBoost
FOODS_3_163,CA_1,Estacional,2016-05-21,6.487763,XGBoost
FOODS_3_163,CA_1,Estacional,2016-05-22,6.895405,XGBoost
FOODS_3_203,CA_1,Estacional,2016-04-25,3.3687532,XGBoost
FOODS_3_203,CA_1,Estacional,2016-04-26,3.008801,XGBoost
FOODS_3_203,CA_1,Estacional,2016-04-27,3.0490508,XGBoost
FOODS_3_203,CA_1,Estacional,2016-04-28,3.1079392,XGBoost
FOODS_3_203,CA_1,Estacional,2016-04-29,4.527036,XGBoost
FOODS_3_203,CA_1,Estacional,2016-04-30,5.2016125,XGBoost
FOODS_3_203,CA_1,Estacional,2016-05-01,4.6500487,XGBoost
FOODS_3_203,CA_1,Estacional,2016-05-02,3.3291647,XGBoost
FOODS_3_203,CA_1,Estacional,2016-05-03,2.8734968,XGBoost
FOODS_3_203,CA_1,Estacional,2016-05-04,3.045806,XGBoost
FOODS_3_203,CA_1,Estacional,2016-05-05,3.2483149,XGBoost
FOODS_3_203,CA_1,Estacional,2016-05-06,4.2458267,XGBoost
FOODS_3_203,CA_1,Estacional,2016-05-07,5.3396244,XGBoost
FOODS_3_203,CA_1,Estacional,2016-05-08,4.837599,XGBoost
FOODS_3_203,CA_1,Estacional,2016-05-09,3.2283037,XGBoost
FOODS_3_203,CA_1,Estacional,2016-05-10,2.8891823,XGBoost
FOODS_3_203,CA_1,Estacional,2016-05-11,2.980958,XGBoost
FOODS_3_203,CA_1,Estacional,2016-05-12,2.9752057,XGBoost
FOODS_3_203,CA_1,Estacional,2016-05-13,4.115563,XGBoost
FOODS_3_203,CA_1,Estacional,2016-05-14,5.3496094,XGBoost
FOODS_3_203,CA_1,Estacional,2016-05-15,4.7975235,XGBoost
FOODS_3_203,CA_1,Estacional,2016-05-16,3.1625385,XGBoost
FOODS_3_203,CA_1,Estacional,2016-05-17,2.9573371,XGBoost
FOODS_3_203,CA_1,Estacional,2016-05-18,2.8267903,XGBoost
FOODS_3_203,CA_1,Estacional,2016-05-19,2.8529792,XGBoost
FOODS_3_203,CA_1,Estacional,2016-05-20,4.562633,XGBoost
FOODS_3_203,CA_1,Estacional,2016-05-21,5.1192875,XGBoost
FOODS_3_203,CA_1,Estacional,2016-05-22,4.5204086,XGBoost
FOODS_3_211,CA_1,Estacional,2016-04-25,1.9436214,XGBoost
FOODS_3_211,CA_1,Estacional,2016-04-26,1.5202378,XGBoost
FOODS_3_211,CA_1,Estacional,2016-04-27,1.5505593,XGBoost
FOODS_3_211,CA_1,Estacional,2016-04-28,1.451638,XGBoost
FOODS_3_211,CA_1,Estacional,2016-04-29,1.649054,XGBoost
FOODS_3_211,CA_1,Estacional,2016-04-30,2.6760151,XGBoost
FOODS_3_211,CA_1,Estacional,2016-05-01,2.35132,XGBoost
FOODS_3_211,CA_1,Estacional,2016-05-02,1.8715289,XGBoost
FOODS_3_211,CA_1,Estacional,2016-05-03,1.4574555,XGBoost
FOODS_3_211,CA_1,Estacional,2016-05-04,1.5361673,XGBoost
FOODS_3_211,CA_1,Estacional,2016-05-05,1.4549787,XGBoost
FOODS_3_211,CA_1,Estacional,2016-05-06,1.6207998,XGBoost
FOODS_3_211,CA_1,Estacional,2016-05-07,2.6315494,XGBoost
FOODS_3_211,CA_1,Estacional,2016-05-08,2.3101177,XGBoost
FOODS_3_211,CA_1,Estacional,2016-05-09,1.8978705,XGBoost
FOODS_3_211,CA_1,Estacional,2016-05-10,1.3168743,XGBoost
FOODS_3_211,CA_1,Estacional,2016-05-11,1.3168743,XGBoost
FOODS_3_211,CA_1,Estacional,2016-05-12,1.3601327,XGBoost
FOODS_3_211,CA_1,Estacional,2016-05-13,1.59359,XGBoost
FOODS_3_211,CA_1,Estacional,2016-05-14,2.527491,XGBoost
FOODS_3_211,CA_1,Estacional,2016-05-15,2.3581195,XGBoost
FOODS_3_211,CA_1,Estacional,2016-05-16,1.6255025,XGBoost
FOODS_3_211,CA_1,Estacional,2016-05-17,1.4499843,XGBoost
FOODS_3_211,CA_1,Estacional,2016-05-18,1.3276696,XGBoost
FOODS_3_211,CA_1,Estacional,2016-05-19,1.3601327,XGBoost
FOODS_3_211,CA_1,Estacional,2016-05-20,1.6080554,XGBoost
FOODS_3_211,CA_1,Estacional,2016-05-21,2.5099251,XGBoost
FOODS_3_211,CA_1,Estacional,2016-05-22,2.4418333,XGBoost
FOODS_3_217,CA_1,Estacional,2016-04-25,3.0491776,XGBoost
FOODS_3_217,CA_1,Estacional,2016-04-26,2.5696857,XGBoost
FOODS_3_217,CA_1,Estacional,2016-04-27,2.636435,XGBoost
FOODS_3_217,CA_1,Estacional,2016-04-28,2.635293,XGBoost
FOODS_3_217,CA_1,Estacional,2016-04-29,3.3125284,XGBoost
FOODS_3_217,CA_1,Estacional,2016-04-30,4.379382,XGBoost
FOODS_3_217,CA_1,Estacional,2016-05-01,4.3372707,XGBoost
FOODS_3_217,CA_1,Estacional,2016-05-02,2.9894855,XGBoost
FOODS_3_217,CA_1,Estacional,2016-05-03,2.6190815,XGBoost
FOODS_3_217,CA_1,Estacional,2016-05-04,2.5960946,XGBoost
FOODS_3_217,CA_1,Estacional,2016-05-05,2.5648491,XGBoost
FOODS_3_217,CA_1,Estacional,2016-05-06,3.197947,XGBoost
FOODS_3_217,CA_1,Estacional,2016-05-07,4.360144,XGBoost
FOODS_3_217,CA_1,Estacional,2016-05-08,3.9881806,XGBoost
FOODS_3_217,CA_1,Estacional,2016-05-09,3.052727,XGBoost
FOODS_3_217,CA_1,Estacional,2016-05-10,2.6166055,XGBoost
FOODS_3_217,CA_1,Estacional,2016-05-11,2.6548398,XGBoost
FOODS_3_217,CA_1,Estacional,2016-05-12,2.4467185,XGBoost
FOODS_3_217,CA_1,Estacional,2016-05-13,3.1972845,XGBoost
FOODS_3_217,CA_1,Estacional,2016-05-14,4.327727,XGBoost
FOODS_3_217,CA_1,Estacional,2016-05-15,4.1084294,XGBoost
FOODS_3_217,CA_1,Estacional,2016-05-16,2.9152198,XGBoost
FOODS_3_217,CA_1,Estacional,2016-05-17,2.4296048,XGBoost
FOODS_3_217,CA_1,Estacional,2016-05-18,2.5957625,XGBoost
FOODS_3_217,CA_1,Estacional,2016-05-19,2.6071148,XGBoost
FOODS_3_217,CA_1,Estacional,2016-05-20,3.1678586,XGBoost
FOODS_3_217,CA_1,Estacional,2016-05-21,4.2107015,XGBoost
FOODS_3_217,CA_1,Estacional,2016-05-22,3.9925194,XGBoost
FOODS_3_226,CA_1,Estacional,2016-04-25,5.2437468,XGBoost
FOODS_3_226,CA_1,Estacional,2016-04-26,5.266855,XGBoost
FOODS_3_226,CA_1,Estacional,2016-04-27,4.7540517,XGBoost
FOODS_3_226,CA_1,Estacional,2016-04-28,5.14842,XGBoost
FOODS_3_226,CA_1,Estacional,2016-04-29,7.0358224,XGBoost
FOODS_3_226,CA_1,Estacional,2016-04-30,6.951294,XGBoost
FOODS_3_226,CA_1,Estacional,2016-05-01,9.761358,XGBoost
FOODS_3_226,CA_1,Estacional,2016-05-02,5.498652,XGBoost
FOODS_3_226,CA_1,Estacional,2016-05-03,5.2973657,XGBoost
FOODS_3_226,CA_1,Estacional,2016-05-04,5.0182366,XGBoost
FOODS_3_226,CA_1,Estacional,2016-05-05,5.260596,XGBoost
FOODS_3_226,CA_1,Estacional,2016-05-06,6.460808,XGBoost
FOODS_3_226,CA_1,Estacional,2016-05-07,7.0037875,XGBoost
FOODS_3_226,CA_1,Estacional,2016-05-08,8.517418,XGBoost
FOODS_3_226,CA_1,Estacional,2016-05-09,5.256473,XGBoost
FOODS_3_226,CA_1,Estacional,2016-05-10,5.105192,XGBoost
FOODS_3_226,CA_1,Estacional,2016-05-11,5.017558,XGBoost
FOODS_3_226,CA_1,Estacional,2016-05-12,4.699557,XGBoost
FOODS_3_226,CA_1,Estacional,2016-05-13,6.6836863,XGBoost
FOODS_3_226,CA_1,Estacional,2016-05-14,6.4794836,XGBoost
FOODS_3_226,CA_1,Estacional,2016-05-15,8.113879,XGBoost
FOODS_3_226,CA_1,Estacional,2016-05-16,5.2152157,XGBoost
FOODS_3_226,CA_1,Estacional,2016-05-17,5.2619324,XGBoost
FOODS_3_226,CA_1,Estacional,2016-05-18,4.7647624,XGBoost
FOODS_3_226,CA_1,Estacional,2016-05-19,4.9618993,XGBoost
FOODS_3_226,CA_1,Estacional,2016-05-20,6.8845377,XGBoost
FOODS_3_226,CA_1,Estacional,2016-05-21,7.6708336,XGBoost
FOODS_3_226,CA_1,Estacional,2016-05-22,8.49441,XGBoost
FOODS_3_228,CA_1,Estacional,2016-04-25,5.722669,XGBoost
FOODS_3_228,CA_1,Estacional,2016-04-26,5.11333,XGBoost
FOODS_3_228,CA_1,Estacional,2016-04-27,5.214543,XGBoost
FOODS_3_228,CA_1,Estacional,2016-04-28,5.560879,XGBoost
FOODS_3_228,CA_1,Estacional,2016-04-29,6.532553,XGBoost
FOODS_3_228,CA_1,Estacional,2016-04-30,8.249425,XGBoost
FOODS_3_228,CA_1,Estacional,2016-05-01,7.31429,XGBoost
FOODS_3_228,CA_1,Estacional,2016-05-02,5.700743,XGBoost
FOODS_3_228,CA_1,Estacional,2016-05-03,5.331695,XGBoost
FOODS_3_228,CA_1,Estacional,2016-05-04,5.0370293,XGBoost
FOODS_3_228,CA_1,Estacional,2016-05-05,5.179677,XGBoost
FOODS_3_228,CA_1,Estacional,2016-05-06,6.2626867,XGBoost
FOODS_3_228,CA_1,Estacional,2016-05-07,7.8924127,XGBoost
FOODS_3_228,CA_1,Estacional,2016-05-08,7.377023,XGBoost
FOODS_3_228,CA_1,Estacional,2016-05-09,5.6102424,XGBoost
FOODS_3_228,CA_1,Estacional,2016-05-10,5.605286,XGBoost
FOODS_3_228,CA_1,Estacional,2016-05-11,5.198024,XGBoost
FOODS_3_228,CA_1,Estacional,2016-05-12,5.403869,XGBoost
FOODS_3_228,CA_1,Estacional,2016-05-13,6.433176,XGBoost
FOODS_3_228,CA_1,Estacional,2016-05-14,7.9256973,XGBoost
FOODS_3_228,CA_1,Estacional,2016-05-15,7.9922185,XGBoost
FOODS_3_228,CA_1,Estacional,2016-05-16,5.567934,XGBoost
FOODS_3_228,CA_1,Estacional,2016-05-17,5.2751093,XGBoost
FOODS_3_228,CA_1,Estacional,2016-05-18,5.1341014,XGBoost
FOODS_3_228,CA_1,Estacional,2016-05-19,5.4226966,XGBoost
FOODS_3_228,CA_1,Estacional,2016-05-20,6.793243,XGBoost
FOODS_3_228,CA_1,Estacional,2016-05-21,8.107423,XGBoost
FOODS_3_228,CA_1,Estacional,2016-05-22,7.873539,XGBoost
FOODS_3_230,CA_1,Estacional,2016-04-25,4.147027,XGBoost
FOODS_3_230,CA_1,Estacional,2016-04-26,3.6260319,XGBoost
FOODS_3_230,CA_1,Estacional,2016-04-27,3.9091396,XGBoost
FOODS_3_230,CA_1,Estacional,2016-04-28,4.412136,XGBoost
FOODS_3_230,CA_1,Estacional,2016-04-29,5.331198,XGBoost
FOODS_3_230,CA_1,Estacional,2016-04-30,8.058527,XGBoost
FOODS_3_230,CA_1,Estacional,2016-05-01,6.1243505,XGBoost
FOODS_3_230,CA_1,Estacional,2016-05-02,4.1724677,XGBoost
FOODS_3_230,CA_1,Estacional,2016-05-03,3.6220138,XGBoost
FOODS_3_230,CA_1,Estacional,2016-05-04,3.8505294,XGBoost
FOODS_3_230,CA_1,Estacional,2016-05-05,4.2006917,XGBoost
FOODS_3_230,CA_1,Estacional,2016-05-06,5.1207585,XGBoost
FOODS_3_230,CA_1,Estacional,2016-05-07,7.5472198,XGBoost
FOODS_3_230,CA_1,Estacional,2016-05-08,5.809417,XGBoost
FOODS_3_230,CA_1,Estacional,2016-05-09,4.3607726,XGBoost
FOODS_3_230,CA_1,Estacional,2016-05-10,3.757876,XGBoost
FOODS_3_230,CA_1,Estacional,2016-05-11,3.9811153,XGBoost
FOODS_3_230,CA_1,Estacional,2016-05-12,4.199815,XGBoost
FOODS_3_230,CA_1,Estacional,2016-05-13,5.248745,XGBoost
FOODS_3_230,CA_1,Estacional,2016-05-14,7.5726027,XGBoost
FOODS_3_230,CA_1,Estacional,2016-05-15,5.816915,XGBoost
FOODS_3_230,CA_1,Estacional,2016-05-16,4.1988606,XGBoost
FOODS_3_230,CA_1,Estacional,2016-05-17,3.6057775,XGBoost
FOODS_3_230,CA_1,Estacional,2016-05-18,3.9742024,XGBoost
FOODS_3_230,CA_1,Estacional,2016-05-19,4.117512,XGBoost
FOODS_3_230,CA_1,Estacional,2016-05-20,5.070619,XGBoost
FOODS_3_230,CA_1,Estacional,2016-05-21,7.6396203,XGBoost
FOODS_3_230,CA_1,Estacional,2016-05-22,6.4598403,XGBoost
FOODS_3_231,CA_1,Estacional,2016-04-25,2.7151988,XGBoost
FOODS_3_231,CA_1,Estacional,2016-04-26,2.5099802,XGBoost
FOODS_3_231,CA_1,Estacional,2016-04-27,2.1136847,XGBoost
FOODS_3_231,CA_1,Estacional,2016-04-28,2.0879593,XGBoost
FOODS_3_231,CA_1,Estacional,2016-04-29,2.4519513,XGBoost
FOODS_3_231,CA_1,Estacional,2016-04-30,3.5132563,XGBoost
FOODS_3_231,CA_1,Estacional,2016-05-01,3.502133,XGBoost
FOODS_3_231,CA_1,Estacional,2016-05-02,2.306519,XGBoost
FOODS_3_231,CA_1,Estacional,2016-05-03,2.2624986,XGBoost
FOODS_3_231,CA_1,Estacional,2016-05-04,2.024843,XGBoost
FOODS_3_231,CA_1,Estacional,2016-05-05,2.23777,XGBoost
FOODS_3_231,CA_1,Estacional,2016-05-06,2.4936538,XGBoost
FOODS_3_231,CA_1,Estacional,2016-05-07,3.5846272,XGBoost
FOODS_3_231,CA_1,Estacional,2016-05-08,3.3942661,XGBoost
FOODS_3_231,CA_1,Estacional,2016-05-09,2.4103978,XGBoost
FOODS_3_231,CA_1,Estacional,2016-05-10,2.2052653,XGBoost
FOODS_3_231,CA_1,Estacional,2016-05-11,1.9982027,XGBoost
FOODS_3_231,CA_1,Estacional,2016-05-12,2.2198226,XGBoost
FOODS_3_231,CA_1,Estacional,2016-05-13,2.5351636,XGBoost
FOODS_3_231,CA_1,Estacional,2016-05-14,3.5121102,XGBoost
FOODS_3_231,CA_1,Estacional,2016-05-15,3.5893164,XGBoost
FOODS_3_231,CA_1,Estacional,2016-05-16,2.51864,XGBoost
FOODS_3_231,CA_1,Estacional,2016-05-17,2.3626125,XGBoost
FOODS_3_231,CA_1,Estacional,2016-05-18,2.0026941,XGBoost
FOODS_3_231,CA_1,Estacional,2016-05-19,2.1513789,XGBoost
FOODS_3_231,CA_1,Estacional,2016-05-20,2.474862,XGBoost
FOODS_3_231,CA_1,Estacional,2016-05-21,3.5253637,XGBoost
FOODS_3_231,CA_1,Estacional,2016-05-22,3.6641068,XGBoost
FOODS_3_252,CA_1,Estacional,2016-04-25,29.823112,XGBoost
FOODS_3_252,CA_1,Estacional,2016-04-26,29.152693,XGBoost
FOODS_3_252,CA_1,Estacional,2016-04-27,30.272701,XGBoost
FOODS_3_252,CA_1,Estacional,2016-04-28,30.763103,XGBoost
FOODS_3_252,CA_1,Estacional,2016-04-29,36.966396,XGBoost
FOODS_3_252,CA_1,Estacional,2016-04-30,50.763058,XGBoost
FOODS_3_252,CA_1,Estacional,2016-05-01,48.532215,XGBoost
FOODS_3_252,CA_1,Estacional,2016-05-02,30.744202,XGBoost
FOODS_3_252,CA_1,Estacional,2016-05-03,31.449684,XGBoost
FOODS_3_252,CA_1,Estacional,2016-05-04,30.571829,XGBoost
FOODS_3_252,CA_1,Estacional,2016-05-05,33.75253,XGBoost
FOODS_3_252,CA_1,Estacional,2016-05-06,37.46412,XGBoost
FOODS_3_252,CA_1,Estacional,2016-05-07,50.66162,XGBoost
FOODS_3_252,CA_1,Estacional,2016-05-08,45.07038,XGBoost
FOODS_3_252,CA_1,Estacional,2016-05-09,31.263523,XGBoost
FOODS_3_252,CA_1,Estacional,2016-05-10,30.26591,XGBoost
FOODS_3_252,CA_1,Estacional,2016-05-11,31.604252,XGBoost
FOODS_3_252,CA_1,Estacional,2016-05-12,30.63288,XGBoost
FOODS_3_252,CA_1,Estacional,2016-05-13,35.50319,XGBoost
FOODS_3_252,CA_1,Estacional,2016-05-14,50.878452,XGBoost
FOODS_3_252,CA_1,Estacional,2016-05-15,46.608337,XGBoost
FOODS_3_252,CA_1,Estacional,2016-05-16,30.3915,XGBoost
FOODS_3_252,CA_1,Estacional,2016-05-17,32.315956,XGBoost
FOODS_3_252,CA_1,Estacional,2016-05-18,30.629316,XGBoost
FOODS_3_252,CA_1,Estacional,2016-05-19,31.771507,XGBoost
FOODS_3_252,CA_1,Estacional,2016-05-20,35.922543,XGBoost
FOODS_3_252,CA_1,Estacional,2016-05-21,50.631393,XGBoost
FOODS_3_252,CA_1,Estacional,2016-05-22,47.62272,XGBoost
FOODS_3_259,CA_1,Estacional,2016-04-25,2.8111765,XGBoost
FOODS_3_259,CA_1,Estacional,2016-04-26,2.3885245,XGBoost
FOODS_3_259,CA_1,Estacional,2016-04-27,2.032982,XGBoost
FOODS_3_259,CA_1,Estacional,2016-04-28,2.152606,XGBoost
FOODS_3_259,CA_1,Estacional,2016-04-29,2.55838,XGBoost
FOODS_3_259,CA_1,Estacional,2016-04-30,3.59619,XGBoost
FOODS_3_259,CA_1,Estacional,2016-05-01,3.941409,XGBoost
FOODS_3_259,CA_1,Estacional,2016-05-02,3.1338117,XGBoost
FOODS_3_259,CA_1,Estacional,2016-05-03,2.4141755,XGBoost
FOODS_3_259,CA_1,Estacional,2016-05-04,2.1530511,XGBoost
FOODS_3_259,CA_1,Estacional,2016-05-05,2.139576,XGBoost
FOODS_3_259,CA_1,Estacional,2016-05-06,2.776832,XGBoost
FOODS_3_259,CA_1,Estacional,2016-05-07,3.645325,XGBoost
FOODS_3_259,CA_1,Estacional,2016-05-08,3.7960665,XGBoost
FOODS_3_259,CA_1,Estacional,2016-05-09,2.5238771,XGBoost
FOODS_3_259,CA_1,Estacional,2016-05-10,2.1677437,XGBoost
FOODS_3_259,CA_1,Estacional,2016-05-11,2.1137428,XGBoost
FOODS_3_259,CA_1,Estacional,2016-05-12,2.084624,XGBoost
FOODS_3_259,CA_1,Estacional,2016-05-13,2.535336,XGBoost
FOODS_3_259,CA_1,Estacional,2016-05-14,3.366342,XGBoost
FOODS_3_259,CA_1,Estacional,2016-05-15,3.809985,XGBoost
FOODS_3_259,CA_1,Estacional,2016-05-16,2.4289672,XGBoost
FOODS_3_259,CA_1,Estacional,2016-05-17,2.3722107,XGBoost
FOODS_3_259,CA_1,Estacional,2016-05-18,1.8243077,XGBoost
FOODS_3_259,CA_1,Estacional,2016-05-19,1.8567708,XGBoost
FOODS_3_259,CA_1,Estacional,2016-05-20,2.5249074,XGBoost
FOODS_3_259,CA_1,Estacional,2016-05-21,3.572228,XGBoost
FOODS_3_259,CA_1,Estacional,2016-05-22,3.5661466,XGBoost
FOODS_3_263,CA_1,Estacional,2016-04-25,5.3888454,XGBoost
FOODS_3_263,CA_1,Estacional,2016-04-26,4.71992,XGBoost
FOODS_3_263,CA_1,Estacional,2016-04-27,4.561873,XGBoost
FOODS_3_263,CA_1,Estacional,2016-04-28,5.110572,XGBoost
FOODS_3_263,CA_1,Estacional,2016-04-29,5.7503457,XGBoost
FOODS_3_263,CA_1,Estacional,2016-04-30,7.4432316,XGBoost
FOODS_3_263,CA_1,Estacional,2016-05-01,7.5003147,XGBoost
FOODS_3_263,CA_1,Estacional,2016-05-02,5.523693,XGBoost
FOODS_3_263,CA_1,Estacional,2016-05-03,5.239448,XGBoost
FOODS_3_263,CA_1,Estacional,2016-05-04,4.650352,XGBoost
FOODS_3_263,CA_1,Estacional,2016-05-05,5.2348037,XGBoost
FOODS_3_263,CA_1,Estacional,2016-05-06,6.2839694,XGBoost
FOODS_3_263,CA_1,Estacional,2016-05-07,8.709677,XGBoost
FOODS_3_263,CA_1,Estacional,2016-05-08,7.5676193,XGBoost
FOODS_3_263,CA_1,Estacional,2016-05-09,5.338657,XGBoost
FOODS_3_263,CA_1,Estacional,2016-05-10,5.1264873,XGBoost
FOODS_3_263,CA_1,Estacional,2016-05-11,4.9429874,XGBoost
FOODS_3_263,CA_1,Estacional,2016-05-12,5.3112288,XGBoost
FOODS_3_263,CA_1,Estacional,2016-05-13,5.8036923,XGBoost
FOODS_3_263,CA_1,Estacional,2016-05-14,7.908819,XGBoost
FOODS_3_263,CA_1,Estacional,2016-05-15,7.619176,XGBoost
FOODS_3_263,CA_1,Estacional,2016-05-16,5.1608105,XGBoost
FOODS_3_263,CA_1,Estacional,2016-05-17,5.1214156,XGBoost
FOODS_3_263,CA_1,Estacional,2016-05-18,4.685495,XGBoost
FOODS_3_263,CA_1,Estacional,2016-05-19,5.37381,XGBoost
FOODS_3_263,CA_1,Estacional,2016-05-20,5.9580994,XGBoost
FOODS_3_263,CA_1,Estacional,2016-05-21,7.482236,XGBoost
FOODS_3_263,CA_1,Estacional,2016-05-22,7.4444203,XGBoost
FOODS_3_271,CA_1,Estacional,2016-04-25,0.16073582,XGBoost
FOODS_3_271,CA_1,Estacional,2016-04-26,0.04738012,XGBoost
FOODS_3_271,CA_1,Estacional,2016-04-27,0.035254173,XGBoost
FOODS_3_271,CA_1,Estacional,2016-04-28,0.102491744,XGBoost
FOODS_3_271,CA_1,Estacional,2016-04-29,0.15480083,XGBoost
FOODS_3_271,CA_1,Estacional,2016-04-30,0.1437963,XGBoost
FOODS_3_271,CA_1,Estacional,2016-05-01,0.07224856,XGBoost
FOODS_3_271,CA_1,Estacional,2016-05-02,0.099150084,XGBoost
FOODS_3_271,CA_1,Estacional,2016-05-03,0.076467775,XGBoost
FOODS_3_271,CA_1,Estacional,2016-05-04,0.07039933,XGBoost
FOODS_3_271,CA_1,Estacional,2016-05-05,0.10031144,XGBoost
FOODS_3_271,CA_1,Estacional,2016-05-06,0.15517144,XGBoost
FOODS_3_271,CA_1,Estacional,2016-05-07,0.18567525,XGBoost
FOODS_3_271,CA_1,Estacional,2016-05-08,0.11617942,XGBoost
FOODS_3_271,CA_1,Estacional,2016-05-09,0.1489805,XGBoost
FOODS_3_271,CA_1,Estacional,2016-05-10,0.07039933,XGBoost
FOODS_3_271,CA_1,Estacional,2016-05-11,0.07039933,XGBoost
FOODS_3_271,CA_1,Estacional,2016-05-12,0.10286235,XGBoost
FOODS_3_271,CA_1,Estacional,2016-05-13,0.15517144,XGBoost
FOODS_3_271,CA_1,Estacional,2016-05-14,0.18567525,XGBoost
FOODS_3_271,CA_1,Estacional,2016-05-15,0.14382768,XGBoost
FOODS_3_271,CA_1,Estacional,2016-05-16,0.1489805,XGBoost
FOODS_3_271,CA_1,Estacional,2016-05-17,0.07039933,XGBoost
FOODS_3_271,CA_1,Estacional,2016-05-18,0.07039933,XGBoost
FOODS_3_271,CA_1,Estacional,2016-05-19,0.10286235,XGBoost
FOODS_3_271,CA_1,Estacional,2016-05-20,0.15517144,XGBoost
FOODS_3_271,CA_1,Estacional,2016-05-21,0.18567525,XGBoost
FOODS_3_271,CA_1,Estacional,2016-05-22,0.14382768,XGBoost
FOODS_3_274,CA_1,Estacional,2016-04-25,3.0430887,XGBoost
FOODS_3_274,CA_1,Estacional,2016-04-26,2.6647274,XGBoost
FOODS_3_274,CA_1,Estacional,2016-04-27,2.1274753,XGBoost
FOODS_3_274,CA_1,Estacional,2016-04-28,2.541719,XGBoost
FOODS_3_274,CA_1,Estacional,2016-04-29,3.801548,XGBoost
FOODS_3_274,CA_1,Estacional,2016-04-30,4.4685106,XGBoost
FOODS_3_274,CA_1,Estacional,2016-05-01,4.2240663,XGBoost
FOODS_3_274,CA_1,Estacional,2016-05-02,3.089252,XGBoost
FOODS_3_274,CA_1,Estacional,2016-05-03,3.088448,XGBoost
FOODS_3_274,CA_1,Estacional,2016-05-04,2.4681892,XGBoost
FOODS_3_274,CA_1,Estacional,2016-05-05,2.7945218,XGBoost
FOODS_3_274,CA_1,Estacional,2016-05-06,3.705149,XGBoost
FOODS_3_274,CA_1,Estacional,2016-05-07,4.3399477,XGBoost
FOODS_3_274,CA_1,Estacional,2016-05-08,3.972311,XGBoost
FOODS_3_274,CA_1,Estacional,2016-05-09,2.901852,XGBoost
FOODS_3_274,CA_1,Estacional,2016-05-10,2.6995392,XGBoost
FOODS_3_274,CA_1,Estacional,2016-05-11,2.3477454,XGBoost
FOODS_3_274,CA_1,Estacional,2016-05-12,2.8655636,XGBoost
FOODS_3_274,CA_1,Estacional,2016-05-13,3.8782194,XGBoost
FOODS_3_274,CA_1,Estacional,2016-05-14,4.357056,XGBoost
FOODS_3_274,CA_1,Estacional,2016-05-15,4.153563,XGBoost
FOODS_3_274,CA_1,Estacional,2016-05-16,2.9808543,XGBoost
FOODS_3_274,CA_1,Estacional,2016-05-17,2.4404428,XGBoost
FOODS_3_274,CA_1,Estacional,2016-05-18,2.2908444,XGBoost
FOODS_3_274,CA_1,Estacional,2016-05-19,2.5618668,XGBoost
FOODS_3_274,CA_1,Estacional,2016-05-20,3.2797,XGBoost
FOODS_3_274,CA_1,Estacional,2016-05-21,4.2756705,XGBoost
FOODS_3_274,CA_1,Estacional,2016-05-22,4.036674,XGBoost
FOODS_3_276,CA_1,Estacional,2016-04-25,0.13059974,XGBoost
FOODS_3_276,CA_1,Estacional,2016-04-26,0.05201859,XGBoost
FOODS_3_276,CA_1,Estacional,2016-04-27,0.05201859,XGBoost
FOODS_3_276,CA_1,Estacional,2016-04-28,0.08448161,XGBoost
FOODS_3_276,CA_1,Estacional,2016-04-29,0.1367907,XGBoost
FOODS_3_276,CA_1,Estacional,2016-04-30,0.15969262,XGBoost
FOODS_3_276,CA_1,Estacional,2016-05-01,0.087473325,XGBoost
FOODS_3_276,CA_1,Estacional,2016-05-02,0.11420601,XGBoost
FOODS_3_276,CA_1,Estacional,2016-05-03,0.07039933,XGBoost
FOODS_3_276,CA_1,Estacional,2016-05-04,0.07039933,XGBoost
FOODS_3_276,CA_1,Estacional,2016-05-05,0.10031144,XGBoost
FOODS_3_276,CA_1,Estacional,2016-05-06,0.15517144,XGBoost
FOODS_3_276,CA_1,Estacional,2016-05-07,0.18567525,XGBoost
FOODS_3_276,CA_1,Estacional,2016-05-08,0.11617942,XGBoost
FOODS_3_276,CA_1,Estacional,2016-05-09,0.1489805,XGBoost
FOODS_3_276,CA_1,Estacional,2016-05-10,0.07039933,XGBoost
FOODS_3_276,CA_1,Estacional,2016-05-11,0.07039933,XGBoost
FOODS_3_276,CA_1,Estacional,2016-05-12,0.10286235,XGBoost
FOODS_3_276,CA_1,Estacional,2016-05-13,0.15517144,XGBoost
FOODS_3_276,CA_1,Estacional,2016-05-14,0.18567525,XGBoost
FOODS_3_276,CA_1,Estacional,2016-05-15,0.14382768,XGBoost
FOODS_3_276,CA_1,Estacional,2016-05-16,0.1489805,XGBoost
FOODS_3_276,CA_1,Estacional,2016-05-17,0.07039933,XGBoost
FOODS_3_276,CA_1,Estacional,2016-05-18,0.07039933,XGBoost
FOODS_3_276,CA_1,Estacional,2016-05-19,0.10286235,XGBoost
FOODS_3_276,CA_1,Estacional,2016-05-20,0.15517144,XGBoost
FOODS_3_276,CA_1,Estacional,2016-05-21,0.18567525,XGBoost
FOODS_3_276,CA_1,Estacional,2016-05-22,0.14382768,XGBoost
FOODS_3_295,CA_1,Estacional,2016-04-25,21.585932,XGBoost
FOODS_3_295,CA_1,Estacional,2016-04-26,22.809479,XGBoost
FOODS_3_295,CA_1,Estacional,2016-04-27,18.624659,XGBoost
FOODS_3_295,CA_1,Estacional,2016-04-28,17.686882,XGBoost
FOODS_3_295,CA_1,Estacional,2016-04-29,20.92005,XGBoost
FOODS_3_295,CA_1,Estacional,2016-04-30,27.879646,XGBoost
FOODS_3_295,CA_1,Estacional,2016-05-01,32.144417,XGBoost
FOODS_3_295,CA_1,Estacional,2016-05-02,23.221712,XGBoost
FOODS_3_295,CA_1,Estacional,2016-05-03,19.16485,XGBoost
FOODS_3_295,CA_1,Estacional,2016-05-04,19.503145,XGBoost
FOODS_3_295,CA_1,Estacional,2016-05-05,18.737118,XGBoost
FOODS_3_295,CA_1,Estacional,2016-05-06,23.840559,XGBoost
FOODS_3_295,CA_1,Estacional,2016-05-07,30.22343,XGBoost
FOODS_3_295,CA_1,Estacional,2016-05-08,31.141068,XGBoost
FOODS_3_295,CA_1,Estacional,2016-05-09,20.663527,XGBoost
FOODS_3_295,CA_1,Estacional,2016-05-10,18.525011,XGBoost
FOODS_3_295,CA_1,Estacional,2016-05-11,19.269848,XGBoost
FOODS_3_295,CA_1,Estacional,2016-05-12,18.357735,XGBoost
FOODS_3_295,CA_1,Estacional,2016-05-13,22.055769,XGBoost
FOODS_3_295,CA_1,Estacional,2016-05-14,30.055975,XGBoost
FOODS_3_295,CA_1,Estacional,2016-05-15,32.443092,XGBoost
FOODS_3_295,CA_1,Estacional,2016-05-16,20.590351,XGBoost
FOODS_3_295,CA_1,Estacional,2016-05-17,19.501556,XGBoost
FOODS_3_295,CA_1,Estacional,2016-05-18,19.76345,XGBoost
FOODS_3_295,CA_1,Estacional,2016-05-19,19.349495,XGBoost
FOODS_3_295,CA_1,Estacional,2016-05-20,23.179382,XGBoost
FOODS_3_295,CA_1,Estacional,2016-05-21,29.325575,XGBoost
FOODS_3_295,CA_1,Estacional,2016-05-22,29.682117,XGBoost
FOODS_3_300,CA_1,Estacional,2016-04-25,3.636275,XGBoost
FOODS_3_300,CA_1,Estacional,2016-04-26,3.234867,XGBoost
FOODS_3_300,CA_1,Estacional,2016-04-27,2.8364396,XGBoost
FOODS_3_300,CA_1,Estacional,2016-04-28,3.0360646,XGBoost
FOODS_3_300,CA_1,Estacional,2016-04-29,3.6894357,XGBoost
FOODS_3_300,CA_1,Estacional,2016-04-30,6.057425,XGBoost
FOODS_3_300,CA_1,Estacional,2016-05-01,5.083035,XGBoost
FOODS_3_300,CA_1,Estacional,2016-05-02,3.2639883,XGBoost
FOODS_3_300,CA_1,Estacional,2016-05-03,3.0690436,XGBoost
FOODS_3_300,CA_1,Estacional,2016-05-04,3.0023363,XGBoost
FOODS_3_300,CA_1,Estacional,2016-05-05,2.9638214,XGBoost
FOODS_3_300,CA_1,Estacional,2016-05-06,3.762078,XGBoost
FOODS_3_300,CA_1,Estacional,2016-05-07,5.8748035,XGBoost
FOODS_3_300,CA_1,Estacional,2016-05-08,5.2472267,XGBoost
FOODS_3_300,CA_1,Estacional,2016-05-09,3.2982862,XGBoost
FOODS_3_300,CA_1,Estacional,2016-05-10,3.1738338,XGBoost
FOODS_3_300,CA_1,Estacional,2016-05-11,3.1782134,XGBoost
FOODS_3_300,CA_1,Estacional,2016-05-12,3.0897958,XGBoost
FOODS_3_300,CA_1,Estacional,2016-05-13,3.7371557,XGBoost
FOODS_3_300,CA_1,Estacional,2016-05-14,5.5206823,XGBoost
FOODS_3_300,CA_1,Estacional,2016-05-15,5.0760293,XGBoost
FOODS_3_300,CA_1,Estacional,2016-05-16,3.2695067,XGBoost
FOODS_3_300,CA_1,Estacional,2016-05-17,3.0446546,XGBoost
FOODS_3_300,CA_1,Estacional,2016-05-18,3.0268712,XGBoost
FOODS_3_300,CA_1,Estacional,2016-05-19,3.0386524,XGBoost
FOODS_3_300,CA_1,Estacional,2016-05-20,3.7779999,XGBoost
FOODS_3_300,CA_1,Estacional,2016-05-21,5.630489,XGBoost
FOODS_3_300,CA_1,Estacional,2016-05-22,4.8726683,XGBoost
FOODS_3_304,CA_1,Estacional,2016-04-25,1.5237541,XGBoost
FOODS_3_304,CA_1,Estacional,2016-04-26,1.4436039,XGBoost
FOODS_3_304,CA_1,Estacional,2016-04-27,1.1747423,XGBoost
FOODS_3_304,CA_1,Estacional,2016-04-28,1.3373028,XGBoost
FOODS_3_304,CA_1,Estacional,2016-04-29,1.5814421,XGBoost
FOODS_3_304,CA_1,Estacional,2016-04-30,2.657606,XGBoost
FOODS_3_304,CA_1,Estacional,2016-05-01,2.1050553,XGBoost
FOODS_3_304,CA_1,Estacional,2016-05-02,1.5476514,XGBoost
FOODS_3_304,CA_1,Estacional,2016-05-03,1.5495194,XGBoost
FOODS_3_304,CA_1,Estacional,2016-05-04,1.3723562,XGBoost
FOODS_3_304,CA_1,Estacional,2016-05-05,1.4170082,XGBoost
FOODS_3_304,CA_1,Estacional,2016-05-06,1.5924203,XGBoost
FOODS_3_304,CA_1,Estacional,2016-05-07,2.4231696,XGBoost
FOODS_3_304,CA_1,Estacional,2016-05-08,2.2832868,XGBoost
FOODS_3_304,CA_1,Estacional,2016-05-09,1.4533323,XGBoost
FOODS_3_304,CA_1,Estacional,2016-05-10,1.3259369,XGBoost
FOODS_3_304,CA_1,Estacional,2016-05-11,1.2660248,XGBoost
FOODS_3_304,CA_1,Estacional,2016-05-12,1.2737391,XGBoost
FOODS_3_304,CA_1,Estacional,2016-05-13,1.5192379,XGBoost
FOODS_3_304,CA_1,Estacional,2016-05-14,2.083593,XGBoost
FOODS_3_304,CA_1,Estacional,2016-05-15,2.18754,XGBoost
FOODS_3_304,CA_1,Estacional,2016-05-16,1.3879411,XGBoost
FOODS_3_304,CA_1,Estacional,2016-05-17,1.3637054,XGBoost
FOODS_3_304,CA_1,Estacional,2016-05-18,1.1593392,XGBoost
FOODS_3_304,CA_1,Estacional,2016-05-19,1.1858009,XGBoost
FOODS_3_304,CA_1,Estacional,2016-05-20,1.5262021,XGBoost
FOODS_3_304,CA_1,Estacional,2016-05-21,2.2738547,XGBoost
FOODS_3_304,CA_1,Estacional,2016-05-22,2.083935,XGBoost
FOODS_3_326,CA_1,Estacional,2016-04-25,2.2431157,XGBoost
FOODS_3_326,CA_1,Estacional,2016-04-26,2.095325,XGBoost
FOODS_3_326,CA_1,Estacional,2016-04-27,2.479952,XGBoost
FOODS_3_326,CA_1,Estacional,2016-04-28,1.671233,XGBoost
FOODS_3_326,CA_1,Estacional,2016-04-29,2.2425873,XGBoost
FOODS_3_326,CA_1,Estacional,2016-04-30,2.751621,XGBoost
FOODS_3_326,CA_1,Estacional,2016-05-01,2.6992555,XGBoost
FOODS_3_326,CA_1,Estacional,2016-05-02,2.1278164,XGBoost
FOODS_3_326,CA_1,Estacional,2016-05-03,1.7128724,XGBoost
FOODS_3_326,CA_1,Estacional,2016-05-04,2.4338033,XGBoost
FOODS_3_326,CA_1,Estacional,2016-05-05,1.7246505,XGBoost
FOODS_3_326,CA_1,Estacional,2016-05-06,2.4795039,XGBoost
FOODS_3_326,CA_1,Estacional,2016-05-07,2.7791386,XGBoost
FOODS_3_326,CA_1,Estacional,2016-05-08,2.7376418,XGBoost
FOODS_3_326,CA_1,Estacional,2016-05-09,2.07865,XGBoost
FOODS_3_326,CA_1,Estacional,2016-05-10,1.664694,XGBoost
FOODS_3_326,CA_1,Estacional,2016-05-11,2.0496924,XGBoost
FOODS_3_326,CA_1,Estacional,2016-05-12,1.7172205,XGBoost
FOODS_3_326,CA_1,Estacional,2016-05-13,2.2263086,XGBoost
FOODS_3_326,CA_1,Estacional,2016-05-14,2.9147146,XGBoost
FOODS_3_326,CA_1,Estacional,2016-05-15,2.8457553,XGBoost
FOODS_3_326,CA_1,Estacional,2016-05-16,1.8954359,XGBoost
FOODS_3_326,CA_1,Estacional,2016-05-17,1.6438173,XGBoost
FOODS_3_326,CA_1,Estacional,2016-05-18,1.8466382,XGBoost
FOODS_3_326,CA_1,Estacional,2016-05-19,1.6490707,XGBoost
FOODS_3_326,CA_1,Estacional,2016-05-20,2.297023,XGBoost
FOODS_3_326,CA_1,Estacional,2016-05-21,2.791883,XGBoost
FOODS_3_326,CA_1,Estacional,2016-05-22,2.8448715,XGBoost
FOODS_3_348,CA_1,Estacional,2016-04-25,6.842305,XGBoost
FOODS_3_348,CA_1,Estacional,2016-04-26,5.622415,XGBoost
FOODS_3_348,CA_1,Estacional,2016-04-27,5.7706857,XGBoost
FOODS_3_348,CA_1,Estacional,2016-04-28,5.651129,XGBoost
FOODS_3_348,CA_1,Estacional,2016-04-29,7.471008,XGBoost
FOODS_3_348,CA_1,Estacional,2016-04-30,7.5743294,XGBoost
FOODS_3_348,CA_1,Estacional,2016-05-01,9.758868,XGBoost
FOODS_3_348,CA_1,Estacional,2016-05-02,7.012729,XGBoost
FOODS_3_348,CA_1,Estacional,2016-05-03,5.781748,XGBoost
FOODS_3_348,CA_1,Estacional,2016-05-04,6.2475142,XGBoost
FOODS_3_348,CA_1,Estacional,2016-05-05,6.035661,XGBoost
FOODS_3_348,CA_1,Estacional,2016-05-06,7.837431,XGBoost
FOODS_3_348,CA_1,Estacional,2016-05-07,8.502706,XGBoost
FOODS_3_348,CA_1,Estacional,2016-05-08,10.11324,XGBoost
FOODS_3_348,CA_1,Estacional,2016-05-09,6.9813566,XGBoost
FOODS_3_348,CA_1,Estacional,2016-05-10,5.7646422,XGBoost
FOODS_3_348,CA_1,Estacional,2016-05-11,6.471175,XGBoost
FOODS_3_348,CA_1,Estacional,2016-05-12,5.5687747,XGBoost
FOODS_3_348,CA_1,Estacional,2016-05-13,7.659087,XGBoost
FOODS_3_348,CA_1,Estacional,2016-05-14,8.971395,XGBoost
FOODS_3_348,CA_1,Estacional,2016-05-15,8.857638,XGBoost
FOODS_3_348,CA_1,Estacional,2016-05-16,6.7568483,XGBoost
FOODS_3_348,CA_1,Estacional,2016-05-17,5.815212,XGBoost
FOODS_3_348,CA_1,Estacional,2016-05-18,6.098833,XGBoost
FOODS_3_348,CA_1,Estacional,2016-05-19,5.8173337,XGBoost
FOODS_3_348,CA_1,Estacional,2016-05-20,7.5700707,XGBoost
FOODS_3_348,CA_1,Estacional,2016-05-21,8.069526,XGBoost
FOODS_3_348,CA_1,Estacional,2016-05-22,8.854818,XGBoost
FOODS_3_349,CA_1,Estacional,2016-04-25,7.107808,XGBoost
FOODS_3_349,CA_1,Estacional,2016-04-26,6.1472707,XGBoost
FOODS_3_349,CA_1,Estacional,2016-04-27,6.8078403,XGBoost
FOODS_3_349,CA_1,Estacional,2016-04-28,7.251877,XGBoost
FOODS_3_349,CA_1,Estacional,2016-04-29,7.549512,XGBoost
FOODS_3_349,CA_1,Estacional,2016-04-30,11.529106,XGBoost
FOODS_3_349,CA_1,Estacional,2016-05-01,10.15659,XGBoost
FOODS_3_349,CA_1,Estacional,2016-05-02,7.3168488,XGBoost
FOODS_3_349,CA_1,Estacional,2016-05-03,6.7341127,XGBoost
FOODS_3_349,CA_1,Estacional,2016-05-04,7.941925,XGBoost
FOODS_3_349,CA_1,Estacional,2016-05-05,7.0039926,XGBoost
FOODS_3_349,CA_1,Estacional,2016-05-06,8.010639,XGBoost
FOODS_3_349,CA_1,Estacional,2016-05-07,11.1994095,XGBoost
FOODS_3_349,CA_1,Estacional,2016-05-08,10.630817,XGBoost
FOODS_3_349,CA_1,Estacional,2016-05-09,7.2264533,XGBoost
FOODS_3_349,CA_1,Estacional,2016-05-10,6.4587517,XGBoost
FOODS_3_349,CA_1,Estacional,2016-05-11,7.0792603,XGBoost
FOODS_3_349,CA_1,Estacional,2016-05-12,6.943424,XGBoost
FOODS_3_349,CA_1,Estacional,2016-05-13,8.07457,XGBoost
FOODS_3_349,CA_1,Estacional,2016-05-14,10.539478,XGBoost
FOODS_3_349,CA_1,Estacional,2016-05-15,9.978478,XGBoost
FOODS_3_349,CA_1,Estacional,2016-05-16,6.768131,XGBoost
FOODS_3_349,CA_1,Estacional,2016-05-17,6.1493735,XGBoost
FOODS_3_349,CA_1,Estacional,2016-05-18,6.403056,XGBoost
FOODS_3_349,CA_1,Estacional,2016-05-19,7.3305483,XGBoost
FOODS_3_349,CA_1,Estacional,2016-05-20,8.3598995,XGBoost
FOODS_3_349,CA_1,Estacional,2016-05-21,11.214905,XGBoost
FOODS_3_349,CA_1,Estacional,2016-05-22,10.556553,XGBoost
FOODS_3_377,CA_1,Estacional,2016-04-25,7.019427,XGBoost
FOODS_3_377,CA_1,Estacional,2016-04-26,6.9529567,XGBoost
FOODS_3_377,CA_1,Estacional,2016-04-27,6.451683,XGBoost
FOODS_3_377,CA_1,Estacional,2016-04-28,7.5266604,XGBoost
FOODS_3_377,CA_1,Estacional,2016-04-29,8.942763,XGBoost
FOODS_3_377,CA_1,Estacional,2016-04-30,10.029678,XGBoost
FOODS_3_377,CA_1,Estacional,2016-05-01,10.0585575,XGBoost
FOODS_3_377,CA_1,Estacional,2016-05-02,7.620595,XGBoost
FOODS_3_377,CA_1,Estacional,2016-05-03,6.8267455,XGBoost
FOODS_3_377,CA_1,Estacional,2016-05-04,6.7899213,XGBoost
FOODS_3_377,CA_1,Estacional,2016-05-05,7.937229,XGBoost
FOODS_3_377,CA_1,Estacional,2016-05-06,8.744433,XGBoost
FOODS_3_377,CA_1,Estacional,2016-05-07,10.322466,XGBoost
FOODS_3_377,CA_1,Estacional,2016-05-08,10.299287,XGBoost
FOODS_3_377,CA_1,Estacional,2016-05-09,7.138086,XGBoost
FOODS_3_377,CA_1,Estacional,2016-05-10,6.4475675,XGBoost
FOODS_3_377,CA_1,Estacional,2016-05-11,6.6104193,XGBoost
FOODS_3_377,CA_1,Estacional,2016-05-12,7.599893,XGBoost
FOODS_3_377,CA_1,Estacional,2016-05-13,8.37372,XGBoost
FOODS_3_377,CA_1,Estacional,2016-05-14,10.002764,XGBoost
FOODS_3_377,CA_1,Estacional,2016-05-15,10.388374,XGBoost
FOODS_3_377,CA_1,Estacional,2016-05-16,6.5832963,XGBoost
FOODS_3_377,CA_1,Estacional,2016-05-17,6.8623233,XGBoost
FOODS_3_377,CA_1,Estacional,2016-05-18,6.3308535,XGBoost
FOODS_3_377,CA_1,Estacional,2016-05-19,7.1487765,XGBoost
FOODS_3_377,CA_1,Estacional,2016-05-20,8.222143,XGBoost
FOODS_3_377,CA_1,Estacional,2016-05-21,10.3841305,XGBoost
FOODS_3_377,CA_1,Estacional,2016-05-22,10.310425,XGBoost
FOODS_3_389,CA_1,Estacional,2016-04-25,6.180711,XGBoost
FOODS_3_389,CA_1,Estacional,2016-04-26,6.027587,XGBoost
FOODS_3_389,CA_1,Estacional,2016-04-27,5.7722473,XGBoost
FOODS_3_389,CA_1,Estacional,2016-04-28,5.8160896,XGBoost
FOODS_3_389,CA_1,Estacional,2016-04-29,7.1711545,XGBoost
FOODS_3_389,CA_1,Estacional,2016-04-30,9.7334385,XGBoost
FOODS_3_389,CA_1,Estacional,2016-05-01,10.149698,XGBoost
FOODS_3_389,CA_1,Estacional,2016-05-02,6.2142754,XGBoost
FOODS_3_389,CA_1,Estacional,2016-05-03,6.4331713,XGBoost
FOODS_3_389,CA_1,Estacional,2016-05-04,6.1333103,XGBoost
FOODS_3_389,CA_1,Estacional,2016-05-05,6.3644,XGBoost
FOODS_3_389,CA_1,Estacional,2016-05-06,7.721726,XGBoost
FOODS_3_389,CA_1,Estacional,2016-05-07,9.4789715,XGBoost
FOODS_3_389,CA_1,Estacional,2016-05-08,9.24072,XGBoost
FOODS_3_389,CA_1,Estacional,2016-05-09,6.3825755,XGBoost
FOODS_3_389,CA_1,Estacional,2016-05-10,6.1402993,XGBoost
FOODS_3_389,CA_1,Estacional,2016-05-11,6.099114,XGBoost
FOODS_3_389,CA_1,Estacional,2016-05-12,5.887109,XGBoost
FOODS_3_389,CA_1,Estacional,2016-05-13,6.8958883,XGBoost
FOODS_3_389,CA_1,Estacional,2016-05-14,9.465161,XGBoost
FOODS_3_389,CA_1,Estacional,2016-05-15,9.538174,XGBoost
FOODS_3_389,CA_1,Estacional,2016-05-16,6.365992,XGBoost
FOODS_3_389,CA_1,Estacional,2016-05-17,6.3164334,XGBoost
FOODS_3_389,CA_1,Estacional,2016-05-18,6.0479193,XGBoost
FOODS_3_389,CA_1,Estacional,2016-05-19,5.982161,XGBoost
FOODS_3_389,CA_1,Estacional,2016-05-20,7.4820933,XGBoost
FOODS_3_389,CA_1,Estacional,2016-05-21,9.632243,XGBoost
FOODS_3_389,CA_1,Estacional,2016-05-22,10.265797,XGBoost
FOODS_3_400,CA_1,Estacional,2016-04-25,1.9956025,XGBoost
FOODS_3_400,CA_1,Estacional,2016-04-26,2.0606265,XGBoost
FOODS_3_400,CA_1,Estacional,2016-04-27,1.810551,XGBoost
FOODS_3_400,CA_1,Estacional,2016-04-28,1.8036023,XGBoost
FOODS_3_400,CA_1,Estacional,2016-04-29,2.4734318,XGBoost
FOODS_3_400,CA_1,Estacional,2016-04-30,3.2829642,XGBoost
FOODS_3_400,CA_1,Estacional,2016-05-01,3.1404462,XGBoost
FOODS_3_400,CA_1,Estacional,2016-05-02,1.9936743,XGBoost
FOODS_3_400,CA_1,Estacional,2016-05-03,1.9277672,XGBoost
FOODS_3_400,CA_1,Estacional,2016-05-04,1.8329448,XGBoost
FOODS_3_400,CA_1,Estacional,2016-05-05,1.8740898,XGBoost
FOODS_3_400,CA_1,Estacional,2016-05-06,2.534327,XGBoost
FOODS_3_400,CA_1,Estacional,2016-05-07,3.296088,XGBoost
FOODS_3_400,CA_1,Estacional,2016-05-08,3.1493435,XGBoost
FOODS_3_400,CA_1,Estacional,2016-05-09,2.0760407,XGBoost
FOODS_3_400,CA_1,Estacional,2016-05-10,1.9266235,XGBoost
FOODS_3_400,CA_1,Estacional,2016-05-11,1.7827481,XGBoost
FOODS_3_400,CA_1,Estacional,2016-05-12,2.0560513,XGBoost
FOODS_3_400,CA_1,Estacional,2016-05-13,2.4005342,XGBoost
FOODS_3_400,CA_1,Estacional,2016-05-14,3.3350265,XGBoost
FOODS_3_400,CA_1,Estacional,2016-05-15,2.9634497,XGBoost
FOODS_3_400,CA_1,Estacional,2016-05-16,1.9611663,XGBoost
FOODS_3_400,CA_1,Estacional,2016-05-17,1.9208715,XGBoost
FOODS_3_400,CA_1,Estacional,2016-05-18,1.779393,XGBoost
FOODS_3_400,CA_1,Estacional,2016-05-19,1.7718053,XGBoost
FOODS_3_400,CA_1,Estacional,2016-05-20,2.3612216,XGBoost
FOODS_3_400,CA_1,Estacional,2016-05-21,3.3232822,XGBoost
FOODS_3_400,CA_1,Estacional,2016-05-22,3.0785427,XGBoost
FOODS_3_406,CA_1,Estacional,2016-04-25,13.692686,XGBoost
FOODS_3_406,CA_1,Estacional,2016-04-26,12.063023,XGBoost
FOODS_3_406,CA_1,Estacional,2016-04-27,10.47576,XGBoost
FOODS_3_406,CA_1,Estacional,2016-04-28,9.78038,XGBoost
FOODS_3_406,CA_1,Estacional,2016-04-29,11.547729,XGBoost
FOODS_3_406,CA_1,Estacional,2016-04-30,13.886354,XGBoost
FOODS_3_406,CA_1,Estacional,2016-05-01,18.218622,XGBoost
FOODS_3_406,CA_1,Estacional,2016-05-02,13.233579,XGBoost
FOODS_3_406,CA_1,Estacional,2016-05-03,12.478385,XGBoost
FOODS_3_406,CA_1,Estacional,2016-05-04,11.068407,XGBoost
FOODS_3_406,CA_1,Estacional,2016-05-05,10.615626,XGBoost
FOODS_3_406,CA_1,Estacional,2016-05-06,13.3191185,XGBoost
FOODS_3_406,CA_1,Estacional,2016-05-07,14.988927,XGBoost
FOODS_3_406,CA_1,Estacional,2016-05-08,18.23266,XGBoost
FOODS_3_406,CA_1,Estacional,2016-05-09,13.333272,XGBoost
FOODS_3_406,CA_1,Estacional,2016-05-10,12.625138,XGBoost
FOODS_3_406,CA_1,Estacional,2016-05-11,11.552656,XGBoost
FOODS_3_406,CA_1,Estacional,2016-05-12,11.126547,XGBoost
FOODS_3_406,CA_1,Estacional,2016-05-13,13.3571005,XGBoost
FOODS_3_406,CA_1,Estacional,2016-05-14,16.316193,XGBoost
FOODS_3_406,CA_1,Estacional,2016-05-15,18.40915,XGBoost
FOODS_3_406,CA_1,Estacional,2016-05-16,12.725867,XGBoost
FOODS_3_406,CA_1,Estacional,2016-05-17,11.793674,XGBoost
FOODS_3_406,CA_1,Estacional,2016-05-18,11.450434,XGBoost
FOODS_3_406,CA_1,Estacional,2016-05-19,11.268975,XGBoost
FOODS_3_406,CA_1,Estacional,2016-05-20,13.370345,XGBoost
FOODS_3_406,CA_1,Estacional,2016-05-21,15.47384,XGBoost
FOODS_3_406,CA_1,Estacional,2016-05-22,16.368435,XGBoost
FOODS_3_407,CA_1,Estacional,2016-04-25,2.6848247,XGBoost
FOODS_3_407,CA_1,Estacional,2016-04-26,2.3840535,XGBoost
FOODS_3_407,CA_1,Estacional,2016-04-27,2.4366128,XGBoost
FOODS_3_407,CA_1,Estacional,2016-04-28,2.3778334,XGBoost
FOODS_3_407,CA_1,Estacional,2016-04-29,3.459456,XGBoost
FOODS_3_407,CA_1,Estacional,2016-04-30,4.563885,XGBoost
FOODS_3_407,CA_1,Estacional,2016-05-01,5.1709647,XGBoost
FOODS_3_407,CA_1,Estacional,2016-05-02,2.7317653,XGBoost
FOODS_3_407,CA_1,Estacional,2016-05-03,2.5507631,XGBoost
FOODS_3_407,CA_1,Estacional,2016-05-04,2.5777433,XGBoost
FOODS_3_407,CA_1,Estacional,2016-05-05,2.5547733,XGBoost
FOODS_3_407,CA_1,Estacional,2016-05-06,3.2926939,XGBoost
FOODS_3_407,CA_1,Estacional,2016-05-07,4.6680818,XGBoost
FOODS_3_407,CA_1,Estacional,2016-05-08,4.5992894,XGBoost
FOODS_3_407,CA_1,Estacional,2016-05-09,2.843713,XGBoost
FOODS_3_407,CA_1,Estacional,2016-05-10,2.352229,XGBoost
FOODS_3_407,CA_1,Estacional,2016-05-11,2.5343287,XGBoost
FOODS_3_407,CA_1,Estacional,2016-05-12,2.333421,XGBoost
FOODS_3_407,CA_1,Estacional,2016-05-13,3.0258813,XGBoost
FOODS_3_407,CA_1,Estacional,2016-05-14,4.143277,XGBoost
FOODS_3_407,CA_1,Estacional,2016-05-15,4.424708,XGBoost
FOODS_3_407,CA_1,Estacional,2016-05-16,2.5529478,XGBoost
FOODS_3_407,CA_1,Estacional,2016-05-17,2.3589945,XGBoost
FOODS_3_407,CA_1,Estacional,2016-05-18,2.3668644,XGBoost
FOODS_3_407,CA_1,Estacional,2016-05-19,2.3233075,XGBoost
FOODS_3_407,CA_1,Estacional,2016-05-20,2.9520242,XGBoost
FOODS_3_407,CA_1,Estacional,2016-05-21,4.0471115,XGBoost
FOODS_3_407,CA_1,Estacional,2016-05-22,4.1616445,XGBoost
FOODS_3_408,CA_1,Estacional,2016-04-25,0.71499854,XGBoost
FOODS_3_408,CA_1,Estacional,2016-04-26,0.64826417,XGBoost
FOODS_3_408,CA_1,Estacional,2016-04-27,0.64521444,XGBoost
FOODS_3_408,CA_1,Estacional,2016-04-28,0.71635574,XGBoost
FOODS_3_408,CA_1,Estacional,2016-04-29,1.0554838,XGBoost
FOODS_3_408,CA_1,Estacional,2016-04-30,0.98419535,XGBoost
FOODS_3_408,CA_1,Estacional,2016-05-01,1.1200898,XGBoost
FOODS_3_408,CA_1,Estacional,2016-05-02,0.8142904,XGBoost
FOODS_3_408,CA_1,Estacional,2016-05-03,0.7083419,XGBoost
FOODS_3_408,CA_1,Estacional,2016-05-04,0.86474556,XGBoost
FOODS_3_408,CA_1,Estacional,2016-05-05,0.72579694,XGBoost
FOODS_3_408,CA_1,Estacional,2016-05-06,0.9576345,XGBoost
FOODS_3_408,CA_1,Estacional,2016-05-07,1.2413841,XGBoost
FOODS_3_408,CA_1,Estacional,2016-05-08,1.0444005,XGBoost
FOODS_3_408,CA_1,Estacional,2016-05-09,0.79803216,XGBoost
FOODS_3_408,CA_1,Estacional,2016-05-10,0.6920838,XGBoost
FOODS_3_408,CA_1,Estacional,2016-05-11,0.6920838,XGBoost
FOODS_3_408,CA_1,Estacional,2016-05-12,0.7245468,XGBoost
FOODS_3_408,CA_1,Estacional,2016-05-13,0.88730663,XGBoost
FOODS_3_408,CA_1,Estacional,2016-05-14,1.1552248,XGBoost
FOODS_3_408,CA_1,Estacional,2016-05-15,1.2620025,XGBoost
FOODS_3_408,CA_1,Estacional,2016-05-16,0.79803216,XGBoost
FOODS_3_408,CA_1,Estacional,2016-05-17,0.7602337,XGBoost
FOODS_3_408,CA_1,Estacional,2016-05-18,0.6920838,XGBoost
FOODS_3_408,CA_1,Estacional,2016-05-19,0.7245468,XGBoost
FOODS_3_408,CA_1,Estacional,2016-05-20,0.9994465,XGBoost
FOODS_3_408,CA_1,Estacional,2016-05-21,1.1263673,XGBoost
FOODS_3_408,CA_1,Estacional,2016-05-22,1.1526697,XGBoost
FOODS_3_432,CA_1,Estacional,2016-04-25,0.7406206,XGBoost
FOODS_3_432,CA_1,Estacional,2016-04-26,0.5121168,XGBoost
FOODS_3_432,CA_1,Estacional,2016-04-27,0.5121168,XGBoost
FOODS_3_432,CA_1,Estacional,2016-04-28,0.5573241,XGBoost
FOODS_3_432,CA_1,Estacional,2016-04-29,0.8117544,XGBoost
FOODS_3_432,CA_1,Estacional,2016-04-30,0.98434037,XGBoost
FOODS_3_432,CA_1,Estacional,2016-05-01,1.1657788,XGBoost
FOODS_3_432,CA_1,Estacional,2016-05-02,0.7981773,XGBoost
FOODS_3_432,CA_1,Estacional,2016-05-03,0.6794845,XGBoost
FOODS_3_432,CA_1,Estacional,2016-05-04,0.6794845,XGBoost
FOODS_3_432,CA_1,Estacional,2016-05-05,0.71319765,XGBoost
FOODS_3_432,CA_1,Estacional,2016-05-06,0.87470734,XGBoost
FOODS_3_432,CA_1,Estacional,2016-05-07,1.1263673,XGBoost
FOODS_3_432,CA_1,Estacional,2016-05-08,1.0445454,XGBoost
FOODS_3_432,CA_1,Estacional,2016-05-09,0.7854329,XGBoost
FOODS_3_432,CA_1,Estacional,2016-05-10,0.6794845,XGBoost
FOODS_3_432,CA_1,Estacional,2016-05-11,0.6794845,XGBoost
FOODS_3_432,CA_1,Estacional,2016-05-12,0.72641283,XGBoost
FOODS_3_432,CA_1,Estacional,2016-05-13,0.87642837,XGBoost
FOODS_3_432,CA_1,Estacional,2016-05-14,1.1606352,XGBoost
FOODS_3_432,CA_1,Estacional,2016-05-15,1.0845201,XGBoost
FOODS_3_432,CA_1,Estacional,2016-05-16,0.7998983,XGBoost
FOODS_3_432,CA_1,Estacional,2016-05-17,0.6794845,XGBoost
FOODS_3_432,CA_1,Estacional,2016-05-18,0.6794845,XGBoost
FOODS_3_432,CA_1,Estacional,2016-05-19,0.7119475,XGBoost
FOODS_3_432,CA_1,Estacional,2016-05-20,0.87642837,XGBoost
FOODS_3_432,CA_1,Estacional,2016-05-21,1.1263673,XGBoost
FOODS_3_432,CA_1,Estacional,2016-05-22,1.118788,XGBoost
FOODS_3_448,CA_1,Estacional,2016-04-25,1.5080252,XGBoost
FOODS_3_448,CA_1,Estacional,2016-04-26,1.5665125,XGBoost
FOODS_3_448,CA_1,Estacional,2016-04-27,2.0942743,XGBoost
FOODS_3_448,CA_1,Estacional,2016-04-28,1.0157766,XGBoost
FOODS_3_448,CA_1,Estacional,2016-04-29,1.1657922,XGBoost
FOODS_3_448,CA_1,Estacional,2016-04-30,1.7202264,XGBoost
FOODS_3_448,CA_1,Estacional,2016-05-01,1.5343012,XGBoost
FOODS_3_448,CA_1,Estacional,2016-05-02,0.92762387,XGBoost
FOODS_3_448,CA_1,Estacional,2016-05-03,0.867744,XGBoost
FOODS_3_448,CA_1,Estacional,2016-05-04,1.1182156,XGBoost
FOODS_3_448,CA_1,Estacional,2016-05-05,0.94399655,XGBoost
FOODS_3_448,CA_1,Estacional,2016-05-06,0.9388515,XGBoost
FOODS_3_448,CA_1,Estacional,2016-05-07,1.5561196,XGBoost
FOODS_3_448,CA_1,Estacional,2016-05-08,1.3748158,XGBoost
FOODS_3_448,CA_1,Estacional,2016-05-09,0.8928954,XGBoost
FOODS_3_448,CA_1,Estacional,2016-05-10,0.7869469,XGBoost
FOODS_3_448,CA_1,Estacional,2016-05-11,0.8985723,XGBoost
FOODS_3_448,CA_1,Estacional,2016-05-12,0.8194099,XGBoost
FOODS_3_448,CA_1,Estacional,2016-05-13,0.9694253,XGBoost
FOODS_3_448,CA_1,Estacional,2016-05-14,1.4162983,XGBoost
FOODS_3_448,CA_1,Estacional,2016-05-15,1.439833,XGBoost
FOODS_3_448,CA_1,Estacional,2016-05-16,0.9426772,XGBoost
FOODS_3_448,CA_1,Estacional,2016-05-17,0.8367288,XGBoost
FOODS_3_448,CA_1,Estacional,2016-05-18,0.9985274,XGBoost
FOODS_3_448,CA_1,Estacional,2016-05-19,0.8320092,XGBoost
FOODS_3_448,CA_1,Estacional,2016-05-20,0.9820246,XGBoost
FOODS_3_448,CA_1,Estacional,2016-05-21,1.4318649,XGBoost
FOODS_3_448,CA_1,Estacional,2016-05-22,1.3743061,XGBoost
FOODS_3_450,CA_1,Estacional,2016-04-25,1.8327655,XGBoost
FOODS_3_450,CA_1,Estacional,2016-04-26,1.6059232,XGBoost
FOODS_3_450,CA_1,Estacional,2016-04-27,1.707259,XGBoost
FOODS_3_450,CA_1,Estacional,2016-04-28,1.7787832,XGBoost
FOODS_3_450,CA_1,Estacional,2016-04-29,2.2049468,XGBoost
FOODS_3_450,CA_1,Estacional,2016-04-30,2.5654376,XGBoost
FOODS_3_450,CA_1,Estacional,2016-05-01,2.6428144,XGBoost
FOODS_3_450,CA_1,Estacional,2016-05-02,1.759967,XGBoost
FOODS_3_450,CA_1,Estacional,2016-05-03,1.6231346,XGBoost
FOODS_3_450,CA_1,Estacional,2016-05-04,1.6380507,XGBoost
FOODS_3_450,CA_1,Estacional,2016-05-05,1.6570808,XGBoost
FOODS_3_450,CA_1,Estacional,2016-05-06,2.1999881,XGBoost
FOODS_3_450,CA_1,Estacional,2016-05-07,2.668534,XGBoost
FOODS_3_450,CA_1,Estacional,2016-05-08,2.7326584,XGBoost
FOODS_3_450,CA_1,Estacional,2016-05-09,1.7568377,XGBoost
FOODS_3_450,CA_1,Estacional,2016-05-10,1.6300052,XGBoost
FOODS_3_450,CA_1,Estacional,2016-05-11,1.61554,XGBoost
FOODS_3_450,CA_1,Estacional,2016-05-12,1.6637145,XGBoost
FOODS_3_450,CA_1,Estacional,2016-05-13,2.2708209,XGBoost
FOODS_3_450,CA_1,Estacional,2016-05-14,2.6879706,XGBoost
FOODS_3_450,CA_1,Estacional,2016-05-15,2.6330135,XGBoost
FOODS_3_450,CA_1,Estacional,2016-05-16,1.7097374,XGBoost
FOODS_3_450,CA_1,Estacional,2016-05-17,1.558156,XGBoost
FOODS_3_450,CA_1,Estacional,2016-05-18,1.6925536,XGBoost
FOODS_3_450,CA_1,Estacional,2016-05-19,1.5718966,XGBoost
FOODS_3_450,CA_1,Estacional,2016-05-20,2.1182795,XGBoost
FOODS_3_450,CA_1,Estacional,2016-05-21,2.6132102,XGBoost
FOODS_3_450,CA_1,Estacional,2016-05-22,2.5969045,XGBoost
FOODS_3_455,CA_1,Estacional,2016-04-25,8.533958,XGBoost
FOODS_3_455,CA_1,Estacional,2016-04-26,6.432252,XGBoost
FOODS_3_455,CA_1,Estacional,2016-04-27,6.236111,XGBoost
FOODS_3_455,CA_1,Estacional,2016-04-28,6.7306685,XGBoost
FOODS_3_455,CA_1,Estacional,2016-04-29,8.669754,XGBoost
FOODS_3_455,CA_1,Estacional,2016-04-30,10.897936,XGBoost
FOODS_3_455,CA_1,Estacional,2016-05-01,11.616658,XGBoost
FOODS_3_455,CA_1,Estacional,2016-05-02,8.317103,XGBoost
FOODS_3_455,CA_1,Estacional,2016-05-03,6.956213,XGBoost
FOODS_3_455,CA_1,Estacional,2016-05-04,6.941762,XGBoost
FOODS_3_455,CA_1,Estacional,2016-05-05,7.0474153,XGBoost
FOODS_3_455,CA_1,Estacional,2016-05-06,9.34921,XGBoost
FOODS_3_455,CA_1,Estacional,2016-05-07,10.985148,XGBoost
FOODS_3_455,CA_1,Estacional,2016-05-08,11.709234,XGBoost
FOODS_3_455,CA_1,Estacional,2016-05-09,8.168724,XGBoost
FOODS_3_455,CA_1,Estacional,2016-05-10,6.92575,XGBoost
FOODS_3_455,CA_1,Estacional,2016-05-11,6.901572,XGBoost
FOODS_3_455,CA_1,Estacional,2016-05-12,6.9859066,XGBoost
FOODS_3_455,CA_1,Estacional,2016-05-13,9.078669,XGBoost
FOODS_3_455,CA_1,Estacional,2016-05-14,10.742479,XGBoost
FOODS_3_455,CA_1,Estacional,2016-05-15,12.373185,XGBoost
FOODS_3_455,CA_1,Estacional,2016-05-16,8.014475,XGBoost
FOODS_3_455,CA_1,Estacional,2016-05-17,6.525234,XGBoost
FOODS_3_455,CA_1,Estacional,2016-05-18,7.06022,XGBoost
FOODS_3_455,CA_1,Estacional,2016-05-19,6.7959847,XGBoost
FOODS_3_455,CA_1,Estacional,2016-05-20,8.906216,XGBoost
FOODS_3_455,CA_1,Estacional,2016-05-21,10.387127,XGBoost
FOODS_3_455,CA_1,Estacional,2016-05-22,11.294775,XGBoost
FOODS_3_469,CA_1,Estacional,2016-04-25,3.0550373,XGBoost
FOODS_3_469,CA_1,Estacional,2016-04-26,2.8186574,XGBoost
FOODS_3_469,CA_1,Estacional,2016-04-27,2.7814634,XGBoost
FOODS_3_469,CA_1,Estacional,2016-04-28,2.8165545,XGBoost
FOODS_3_469,CA_1,Estacional,2016-04-29,4.533182,XGBoost
FOODS_3_469,CA_1,Estacional,2016-04-30,4.912511,XGBoost
FOODS_3_469,CA_1,Estacional,2016-05-01,4.766142,XGBoost
FOODS_3_469,CA_1,Estacional,2016-05-02,3.0306823,XGBoost
FOODS_3_469,CA_1,Estacional,2016-05-03,2.594723,XGBoost
FOODS_3_469,CA_1,Estacional,2016-05-04,2.7498713,XGBoost
FOODS_3_469,CA_1,Estacional,2016-05-05,2.6915312,XGBoost
FOODS_3_469,CA_1,Estacional,2016-05-06,3.7436545,XGBoost
FOODS_3_469,CA_1,Estacional,2016-05-07,4.779348,XGBoost
FOODS_3_469,CA_1,Estacional,2016-05-08,4.8392186,XGBoost
FOODS_3_469,CA_1,Estacional,2016-05-09,2.8054519,XGBoost
FOODS_3_469,CA_1,Estacional,2016-05-10,2.63031,XGBoost
FOODS_3_469,CA_1,Estacional,2016-05-11,2.8658144,XGBoost
FOODS_3_469,CA_1,Estacional,2016-05-12,2.5889344,XGBoost
FOODS_3_469,CA_1,Estacional,2016-05-13,3.657135,XGBoost
FOODS_3_469,CA_1,Estacional,2016-05-14,4.731881,XGBoost
FOODS_3_469,CA_1,Estacional,2016-05-15,4.950277,XGBoost
FOODS_3_469,CA_1,Estacional,2016-05-16,2.7972302,XGBoost
FOODS_3_469,CA_1,Estacional,2016-05-17,2.6609473,XGBoost
FOODS_3_469,CA_1,Estacional,2016-05-18,2.4896688,XGBoost
FOODS_3_469,CA_1,Estacional,2016-05-19,2.669829,XGBoost
FOODS_3_469,CA_1,Estacional,2016-05-20,3.591801,XGBoost
FOODS_3_469,CA_1,Estacional,2016-05-21,4.6713376,XGBoost
FOODS_3_469,CA_1,Estacional,2016-05-22,4.689298,XGBoost
FOODS_3_473,CA_1,Estacional,2016-04-25,6.8498325,XGBoost
FOODS_3_473,CA_1,Estacional,2016-04-26,6.605954,XGBoost
FOODS_3_473,CA_1,Estacional,2016-04-27,5.7046347,XGBoost
FOODS_3_473,CA_1,Estacional,2016-04-28,5.8606167,XGBoost
FOODS_3_473,CA_1,Estacional,2016-04-29,8.497008,XGBoost
FOODS_3_473,CA_1,Estacional,2016-04-30,9.160292,XGBoost
FOODS_3_473,CA_1,Estacional,2016-05-01,10.73464,XGBoost
FOODS_3_473,CA_1,Estacional,2016-05-02,6.650174,XGBoost
FOODS_3_473,CA_1,Estacional,2016-05-03,6.630446,XGBoost
FOODS_3_473,CA_1,Estacional,2016-05-04,5.7061586,XGBoost
FOODS_3_473,CA_1,Estacional,2016-05-05,5.83808,XGBoost
FOODS_3_473,CA_1,Estacional,2016-05-06,8.4422245,XGBoost
FOODS_3_473,CA_1,Estacional,2016-05-07,9.247581,XGBoost
FOODS_3_473,CA_1,Estacional,2016-05-08,9.389138,XGBoost
FOODS_3_473,CA_1,Estacional,2016-05-09,6.766081,XGBoost
FOODS_3_473,CA_1,Estacional,2016-05-10,5.989637,XGBoost
FOODS_3_473,CA_1,Estacional,2016-05-11,5.6122913,XGBoost
FOODS_3_473,CA_1,Estacional,2016-05-12,6.3077955,XGBoost
FOODS_3_473,CA_1,Estacional,2016-05-13,8.129828,XGBoost
FOODS_3_473,CA_1,Estacional,2016-05-14,8.61928,XGBoost
FOODS_3_473,CA_1,Estacional,2016-05-15,10.373761,XGBoost
FOODS_3_473,CA_1,Estacional,2016-05-16,6.431544,XGBoost
FOODS_3_473,CA_1,Estacional,2016-05-17,6.1411,XGBoost
FOODS_3_473,CA_1,Estacional,2016-05-18,5.7022743,XGBoost
FOODS_3_473,CA_1,Estacional,2016-05-19,5.876104,XGBoost
FOODS_3_473,CA_1,Estacional,2016-05-20,7.6419177,XGBoost
FOODS_3_473,CA_1,Estacional,2016-05-21,9.156474,XGBoost
FOODS_3_473,CA_1,Estacional,2016-05-22,9.266911,XGBoost
FOODS_3_477,CA_1,Estacional,2016-04-25,4.0870013,XGBoost
FOODS_3_477,CA_1,Estacional,2016-04-26,4.6245947,XGBoost
FOODS_3_477,CA_1,Estacional,2016-04-27,4.130597,XGBoost
FOODS_3_477,CA_1,Estacional,2016-04-28,4.451466,XGBoost
FOODS_3_477,CA_1,Estacional,2016-04-29,5.4750757,XGBoost
FOODS_3_477,CA_1,Estacional,2016-04-30,7.394878,XGBoost
FOODS_3_477,CA_1,Estacional,2016-05-01,5.943283,XGBoost
FOODS_3_477,CA_1,Estacional,2016-05-02,4.1574974,XGBoost
FOODS_3_477,CA_1,Estacional,2016-05-03,4.3354697,XGBoost
FOODS_3_477,CA_1,Estacional,2016-05-04,3.8837304,XGBoost
FOODS_3_477,CA_1,Estacional,2016-05-05,3.992916,XGBoost
FOODS_3_477,CA_1,Estacional,2016-05-06,5.148368,XGBoost
FOODS_3_477,CA_1,Estacional,2016-05-07,7.2070913,XGBoost
FOODS_3_477,CA_1,Estacional,2016-05-08,5.6772995,XGBoost
FOODS_3_477,CA_1,Estacional,2016-05-09,4.262982,XGBoost
FOODS_3_477,CA_1,Estacional,2016-05-10,4.281926,XGBoost
FOODS_3_477,CA_1,Estacional,2016-05-11,3.657922,XGBoost
FOODS_3_477,CA_1,Estacional,2016-05-12,4.3771873,XGBoost
FOODS_3_477,CA_1,Estacional,2016-05-13,4.7864375,XGBoost
FOODS_3_477,CA_1,Estacional,2016-05-14,7.284755,XGBoost
FOODS_3_477,CA_1,Estacional,2016-05-15,5.556498,XGBoost
FOODS_3_477,CA_1,Estacional,2016-05-16,4.0575886,XGBoost
FOODS_3_477,CA_1,Estacional,2016-05-17,4.1267,XGBoost
FOODS_3_477,CA_1,Estacional,2016-05-18,3.8029606,XGBoost
FOODS_3_477,CA_1,Estacional,2016-05-19,4.3922224,XGBoost
FOODS_3_477,CA_1,Estacional,2016-05-20,5.007673,XGBoost
FOODS_3_477,CA_1,Estacional,2016-05-21,7.309345,XGBoost
FOODS_3_477,CA_1,Estacional,2016-05-22,5.755489,XGBoost
FOODS_3_513,CA_1,Estacional,2016-04-25,1.6083293,XGBoost
FOODS_3_513,CA_1,Estacional,2016-04-26,1.3847446,XGBoost
FOODS_3_513,CA_1,Estacional,2016-04-27,1.2669228,XGBoost
FOODS_3_513,CA_1,Estacional,2016-04-28,1.4271095,XGBoost
FOODS_3_513,CA_1,Estacional,2016-04-29,1.6973296,XGBoost
FOODS_3_513,CA_1,Estacional,2016-04-30,2.1878576,XGBoost
FOODS_3_513,CA_1,Estacional,2016-05-01,2.6774888,XGBoost
FOODS_3_513,CA_1,Estacional,2016-05-02,1.4590687,XGBoost
FOODS_3_513,CA_1,Estacional,2016-05-03,1.4166799,XGBoost
FOODS_3_513,CA_1,Estacional,2016-05-04,1.2230284,XGBoost
FOODS_3_513,CA_1,Estacional,2016-05-05,1.2561823,XGBoost
FOODS_3_513,CA_1,Estacional,2016-05-06,1.5558327,XGBoost
FOODS_3_513,CA_1,Estacional,2016-05-07,2.302761,XGBoost
FOODS_3_513,CA_1,Estacional,2016-05-08,2.516104,XGBoost
FOODS_3_513,CA_1,Estacional,2016-05-09,1.4821205,XGBoost
FOODS_3_513,CA_1,Estacional,2016-05-10,1.2213074,XGBoost
FOODS_3_513,CA_1,Estacional,2016-05-11,1.2085631,XGBoost
FOODS_3_513,CA_1,Estacional,2016-05-12,1.3027103,XGBoost
FOODS_3_513,CA_1,Estacional,2016-05-13,1.5520993,XGBoost
FOODS_3_513,CA_1,Estacional,2016-05-14,2.267306,XGBoost
FOODS_3_513,CA_1,Estacional,2016-05-15,2.4519167,XGBoost
FOODS_3_513,CA_1,Estacional,2016-05-16,1.6508158,XGBoost
FOODS_3_513,CA_1,Estacional,2016-05-17,1.517962,XGBoost
FOODS_3_513,CA_1,Estacional,2016-05-18,1.2702472,XGBoost
FOODS_3_513,CA_1,Estacional,2016-05-19,1.3757735,XGBoost
FOODS_3_513,CA_1,Estacional,2016-05-20,1.5979531,XGBoost
FOODS_3_513,CA_1,Estacional,2016-05-21,2.363098,XGBoost
FOODS_3_513,CA_1,Estacional,2016-05-22,2.4616995,XGBoost
FOODS_3_516,CA_1,Estacional,2016-04-25,7.276569,XGBoost
FOODS_3_516,CA_1,Estacional,2016-04-26,7.214817,XGBoost
FOODS_3_516,CA_1,Estacional,2016-04-27,8.172415,XGBoost
FOODS_3_516,CA_1,Estacional,2016-04-28,7.9112716,XGBoost
FOODS_3_516,CA_1,Estacional,2016-04-29,9.27147,XGBoost
FOODS_3_516,CA_1,Estacional,2016-04-30,13.779157,XGBoost
FOODS_3_516,CA_1,Estacional,2016-05-01,12.757659,XGBoost
FOODS_3_516,CA_1,Estacional,2016-05-02,8.0410185,XGBoost
FOODS_3_516,CA_1,Estacional,2016-05-03,7.528879,XGBoost
FOODS_3_516,CA_1,Estacional,2016-05-04,8.391338,XGBoost
FOODS_3_516,CA_1,Estacional,2016-05-05,7.8544607,XGBoost
FOODS_3_516,CA_1,Estacional,2016-05-06,9.832288,XGBoost
FOODS_3_516,CA_1,Estacional,2016-05-07,13.994132,XGBoost
FOODS_3_516,CA_1,Estacional,2016-05-08,12.41633,XGBoost
FOODS_3_516,CA_1,Estacional,2016-05-09,8.360225,XGBoost
FOODS_3_516,CA_1,Estacional,2016-05-10,7.865252,XGBoost
FOODS_3_516,CA_1,Estacional,2016-05-11,8.170674,XGBoost
FOODS_3_516,CA_1,Estacional,2016-05-12,7.8432536,XGBoost
FOODS_3_516,CA_1,Estacional,2016-05-13,10.289135,XGBoost
FOODS_3_516,CA_1,Estacional,2016-05-14,12.556744,XGBoost
FOODS_3_516,CA_1,Estacional,2016-05-15,12.727568,XGBoost
FOODS_3_516,CA_1,Estacional,2016-05-16,8.223106,XGBoost
FOODS_3_516,CA_1,Estacional,2016-05-17,7.6330566,XGBoost
FOODS_3_516,CA_1,Estacional,2016-05-18,7.9066553,XGBoost
FOODS_3_516,CA_1,Estacional,2016-05-19,8.259007,XGBoost
FOODS_3_516,CA_1,Estacional,2016-05-20,10.305029,XGBoost
FOODS_3_516,CA_1,Estacional,2016-05-21,13.272673,XGBoost
FOODS_3_516,CA_1,Estacional,2016-05-22,12.749921,XGBoost
FOODS_3_524,CA_1,Estacional,2016-04-25,1.2967887,XGBoost
FOODS_3_524,CA_1,Estacional,2016-04-26,0.95835096,XGBoost
FOODS_3_524,CA_1,Estacional,2016-04-27,1.4171356,XGBoost
FOODS_3_524,CA_1,Estacional,2016-04-28,1.5370452,XGBoost
FOODS_3_524,CA_1,Estacional,2016-04-29,2.5181034,XGBoost
FOODS_3_524,CA_1,Estacional,2016-04-30,3.7430937,XGBoost
FOODS_3_524,CA_1,Estacional,2016-05-01,2.7474535,XGBoost
FOODS_3_524,CA_1,Estacional,2016-05-02,2.239997,XGBoost
FOODS_3_524,CA_1,Estacional,2016-05-03,2.0193317,XGBoost
FOODS_3_524,CA_1,Estacional,2016-05-04,1.9875087,XGBoost
FOODS_3_524,CA_1,Estacional,2016-05-05,2.8041773,XGBoost
FOODS_3_524,CA_1,Estacional,2016-05-06,2.4146507,XGBoost
FOODS_3_524,CA_1,Estacional,2016-05-07,3.206587,XGBoost
FOODS_3_524,CA_1,Estacional,2016-05-08,3.1507525,XGBoost
FOODS_3_524,CA_1,Estacional,2016-05-09,1.8872659,XGBoost
FOODS_3_524,CA_1,Estacional,2016-05-10,1.8767815,XGBoost
FOODS_3_524,CA_1,Estacional,2016-05-11,2.0394094,XGBoost
FOODS_3_524,CA_1,Estacional,2016-05-12,2.0299902,XGBoost
FOODS_3_524,CA_1,Estacional,2016-05-13,2.4173918,XGBoost
FOODS_3_524,CA_1,Estacional,2016-05-14,3.3909078,XGBoost
FOODS_3_524,CA_1,Estacional,2016-05-15,2.9727883,XGBoost
FOODS_3_524,CA_1,Estacional,2016-05-16,2.2384813,XGBoost
FOODS_3_524,CA_1,Estacional,2016-05-17,1.824909,XGBoost
FOODS_3_524,CA_1,Estacional,2016-05-18,1.7937071,XGBoost
FOODS_3_524,CA_1,Estacional,2016-05-19,2.0769753,XGBoost
FOODS_3_524,CA_1,Estacional,2016-05-20,2.3663697,XGBoost
FOODS_3_524,CA_1,Estacional,2016-05-21,3.2571025,XGBoost
FOODS_3_524,CA_1,Estacional,2016-05-22,2.962939,XGBoost
FOODS_3_534,CA_1,Estacional,2016-04-25,3.4879005,XGBoost
FOODS_3_534,CA_1,Estacional,2016-04-26,3.4652405,XGBoost
FOODS_3_534,CA_1,Estacional,2016-04-27,3.8002574,XGBoost
FOODS_3_534,CA_1,Estacional,2016-04-28,4.248585,XGBoost
FOODS_3_534,CA_1,Estacional,2016-04-29,4.6244926,XGBoost
FOODS_3_534,CA_1,Estacional,2016-04-30,6.7589254,XGBoost
FOODS_3_534,CA_1,Estacional,2016-05-01,5.633445,XGBoost
FOODS_3_534,CA_1,Estacional,2016-05-02,3.432409,XGBoost
FOODS_3_534,CA_1,Estacional,2016-05-03,3.3018553,XGBoost
FOODS_3_534,CA_1,Estacional,2016-05-04,3.5882342,XGBoost
FOODS_3_534,CA_1,Estacional,2016-05-05,3.8421657,XGBoost
FOODS_3_534,CA_1,Estacional,2016-05-06,4.258981,XGBoost
FOODS_3_534,CA_1,Estacional,2016-05-07,6.1496587,XGBoost
FOODS_3_534,CA_1,Estacional,2016-05-08,5.6984982,XGBoost
FOODS_3_534,CA_1,Estacional,2016-05-09,3.3921964,XGBoost
FOODS_3_534,CA_1,Estacional,2016-05-10,3.201002,XGBoost
FOODS_3_534,CA_1,Estacional,2016-05-11,3.7125342,XGBoost
FOODS_3_534,CA_1,Estacional,2016-05-12,3.510681,XGBoost
FOODS_3_534,CA_1,Estacional,2016-05-13,4.635861,XGBoost
FOODS_3_534,CA_1,Estacional,2016-05-14,6.3227386,XGBoost
FOODS_3_534,CA_1,Estacional,2016-05-15,5.6520534,XGBoost
FOODS_3_534,CA_1,Estacional,2016-05-16,3.407908,XGBoost
FOODS_3_534,CA_1,Estacional,2016-05-17,3.3388999,XGBoost
FOODS_3_534,CA_1,Estacional,2016-05-18,3.635457,XGBoost
FOODS_3_534,CA_1,Estacional,2016-05-19,3.5170534,XGBoost
FOODS_3_534,CA_1,Estacional,2016-05-20,4.1187806,XGBoost
FOODS_3_534,CA_1,Estacional,2016-05-21,6.0600114,XGBoost
FOODS_3_534,CA_1,Estacional,2016-05-22,5.618328,XGBoost
FOODS_3_537,CA_1,Estacional,2016-04-25,1.4809958,XGBoost
FOODS_3_537,CA_1,Estacional,2016-04-26,1.4849424,XGBoost
FOODS_3_537,CA_1,Estacional,2016-04-27,1.2852434,XGBoost
FOODS_3_537,CA_1,Estacional,2016-04-28,1.289481,XGBoost
FOODS_3_537,CA_1,Estacional,2016-04-29,1.677769,XGBoost
FOODS_3_537,CA_1,Estacional,2016-04-30,2.3854938,XGBoost
FOODS_3_537,CA_1,Estacional,2016-05-01,2.380517,XGBoost
FOODS_3_537,CA_1,Estacional,2016-05-02,1.4779711,XGBoost
FOODS_3_537,CA_1,Estacional,2016-05-03,1.832063,XGBoost
FOODS_3_537,CA_1,Estacional,2016-05-04,1.492365,XGBoost
FOODS_3_537,CA_1,Estacional,2016-05-05,1.3695794,XGBoost
FOODS_3_537,CA_1,Estacional,2016-05-06,1.6136646,XGBoost
FOODS_3_537,CA_1,Estacional,2016-05-07,2.3114703,XGBoost
FOODS_3_537,CA_1,Estacional,2016-05-08,2.3291242,XGBoost
FOODS_3_537,CA_1,Estacional,2016-05-09,1.4991859,XGBoost
FOODS_3_537,CA_1,Estacional,2016-05-10,1.3029602,XGBoost
FOODS_3_537,CA_1,Estacional,2016-05-11,1.4818077,XGBoost
FOODS_3_537,CA_1,Estacional,2016-05-12,1.4067655,XGBoost
FOODS_3_537,CA_1,Estacional,2016-05-13,1.6814164,XGBoost
FOODS_3_537,CA_1,Estacional,2016-05-14,2.5142958,XGBoost
FOODS_3_537,CA_1,Estacional,2016-05-15,2.5769625,XGBoost
FOODS_3_537,CA_1,Estacional,2016-05-16,1.3879411,XGBoost
FOODS_3_537,CA_1,Estacional,2016-05-17,1.3566446,XGBoost
FOODS_3_537,CA_1,Estacional,2016-05-18,1.2884948,XGBoost
FOODS_3_537,CA_1,Estacional,2016-05-19,1.3209579,XGBoost
FOODS_3_537,CA_1,Estacional,2016-05-20,1.7557334,XGBoost
FOODS_3_537,CA_1,Estacional,2016-05-21,2.485809,XGBoost
FOODS_3_537,CA_1,Estacional,2016-05-22,2.4644835,XGBoost
FOODS_3_541,CA_1,Estacional,2016-04-25,0.13788821,XGBoost
FOODS_3_541,CA_1,Estacional,2016-04-26,0.08215468,XGBoost
FOODS_3_541,CA_1,Estacional,2016-04-27,0.07002874,XGBoost
FOODS_3_541,CA_1,Estacional,2016-04-28,0.102491744,XGBoost
FOODS_3_541,CA_1,Estacional,2016-04-29,0.15480083,XGBoost
FOODS_3_541,CA_1,Estacional,2016-04-30,0.19337197,XGBoost
FOODS_3_541,CA_1,Estacional,2016-05-01,0.14025798,XGBoost
FOODS_3_541,CA_1,Estacional,2016-05-02,0.17305908,XGBoost
FOODS_3_541,CA_1,Estacional,2016-05-03,0.10660387,XGBoost
FOODS_3_541,CA_1,Estacional,2016-05-04,0.10660387,XGBoost
FOODS_3_541,CA_1,Estacional,2016-05-05,0.13651597,XGBoost
FOODS_3_541,CA_1,Estacional,2016-05-06,0.53865224,XGBoost
FOODS_3_541,CA_1,Estacional,2016-05-07,0.58609915,XGBoost
FOODS_3_541,CA_1,Estacional,2016-05-08,0.49153253,XGBoost
FOODS_3_541,CA_1,Estacional,2016-05-09,0.5529728,XGBoost
FOODS_3_541,CA_1,Estacional,2016-05-10,0.46481702,XGBoost
FOODS_3_541,CA_1,Estacional,2016-05-11,0.46481702,XGBoost
FOODS_3_541,CA_1,Estacional,2016-05-12,0.57096905,XGBoost
FOODS_3_541,CA_1,Estacional,2016-05-13,0.70554113,XGBoost
FOODS_3_541,CA_1,Estacional,2016-05-14,1.1583261,XGBoost
FOODS_3_541,CA_1,Estacional,2016-05-15,1.0264975,XGBoost
FOODS_3_541,CA_1,Estacional,2016-05-16,0.7477966,XGBoost
FOODS_3_541,CA_1,Estacional,2016-05-17,0.60986257,XGBoost
FOODS_3_541,CA_1,Estacional,2016-05-18,0.60986257,XGBoost
FOODS_3_541,CA_1,Estacional,2016-05-19,0.6423256,XGBoost
FOODS_3_541,CA_1,Estacional,2016-05-20,0.7923411,XGBoost
FOODS_3_541,CA_1,Estacional,2016-05-21,1.0191479,XGBoost
FOODS_3_541,CA_1,Estacional,2016-05-22,0.9773006,XGBoost
FOODS_3_551,CA_1,Estacional,2016-04-25,0.94692075,XGBoost
FOODS_3_551,CA_1,Estacional,2016-04-26,0.89268565,XGBoost
FOODS_3_551,CA_1,Estacional,2016-04-27,0.94338316,XGBoost
FOODS_3_551,CA_1,Estacional,2016-04-28,0.950968,XGBoost
FOODS_3_551,CA_1,Estacional,2016-04-29,1.2376183,XGBoost
FOODS_3_551,CA_1,Estacional,2016-04-30,1.5600821,XGBoost
FOODS_3_551,CA_1,Estacional,2016-05-01,2.2056837,XGBoost
FOODS_3_551,CA_1,Estacional,2016-05-02,1.0088241,XGBoost
FOODS_3_551,CA_1,Estacional,2016-05-03,0.8996522,XGBoost
FOODS_3_551,CA_1,Estacional,2016-05-04,0.8869079,XGBoost
FOODS_3_551,CA_1,Estacional,2016-05-05,0.9987743,XGBoost
FOODS_3_551,CA_1,Estacional,2016-05-06,1.3462577,XGBoost
FOODS_3_551,CA_1,Estacional,2016-05-07,1.6452746,XGBoost
FOODS_3_551,CA_1,Estacional,2016-05-08,2.135462,XGBoost
FOODS_3_551,CA_1,Estacional,2016-05-09,1.05741,XGBoost
FOODS_3_551,CA_1,Estacional,2016-05-10,0.93549377,XGBoost
FOODS_3_551,CA_1,Estacional,2016-05-11,0.93901473,XGBoost
FOODS_3_551,CA_1,Estacional,2016-05-12,0.97147787,XGBoost
FOODS_3_551,CA_1,Estacional,2016-05-13,1.1361183,XGBoost
FOODS_3_551,CA_1,Estacional,2016-05-14,1.5798925,XGBoost
FOODS_3_551,CA_1,Estacional,2016-05-15,2.2254097,XGBoost
FOODS_3_551,CA_1,Estacional,2016-05-16,1.05741,XGBoost
FOODS_3_551,CA_1,Estacional,2016-05-17,0.9499591,XGBoost
FOODS_3_551,CA_1,Estacional,2016-05-18,1.0541797,XGBoost
FOODS_3_551,CA_1,Estacional,2016-05-19,0.9679569,XGBoost
FOODS_3_551,CA_1,Estacional,2016-05-20,1.1325979,XGBoost
FOODS_3_551,CA_1,Estacional,2016-05-21,1.5798925,XGBoost
FOODS_3_551,CA_1,Estacional,2016-05-22,2.0249949,XGBoost
FOODS_3_555,CA_1,Estacional,2016-04-25,15.655926,XGBoost
FOODS_3_555,CA_1,Estacional,2016-04-26,16.412823,XGBoost
FOODS_3_555,CA_1,Estacional,2016-04-27,15.225633,XGBoost
FOODS_3_555,CA_1,Estacional,2016-04-28,15.3745775,XGBoost
FOODS_3_555,CA_1,Estacional,2016-04-29,17.997335,XGBoost
FOODS_3_555,CA_1,Estacional,2016-04-30,25.142525,XGBoost
FOODS_3_555,CA_1,Estacional,2016-05-01,24.128176,XGBoost
FOODS_3_555,CA_1,Estacional,2016-05-02,16.189264,XGBoost
FOODS_3_555,CA_1,Estacional,2016-05-03,16.804916,XGBoost
FOODS_3_555,CA_1,Estacional,2016-05-04,15.611803,XGBoost
FOODS_3_555,CA_1,Estacional,2016-05-05,16.089151,XGBoost
FOODS_3_555,CA_1,Estacional,2016-05-06,17.98835,XGBoost
FOODS_3_555,CA_1,Estacional,2016-05-07,25.542536,XGBoost
FOODS_3_555,CA_1,Estacional,2016-05-08,23.052313,XGBoost
FOODS_3_555,CA_1,Estacional,2016-05-09,16.784771,XGBoost
FOODS_3_555,CA_1,Estacional,2016-05-10,15.903699,XGBoost
FOODS_3_555,CA_1,Estacional,2016-05-11,15.587944,XGBoost
FOODS_3_555,CA_1,Estacional,2016-05-12,15.547255,XGBoost
FOODS_3_555,CA_1,Estacional,2016-05-13,18.35212,XGBoost
FOODS_3_555,CA_1,Estacional,2016-05-14,24.71738,XGBoost
FOODS_3_555,CA_1,Estacional,2016-05-15,23.497988,XGBoost
FOODS_3_555,CA_1,Estacional,2016-05-16,15.936615,XGBoost
FOODS_3_555,CA_1,Estacional,2016-05-17,16.268246,XGBoost
FOODS_3_555,CA_1,Estacional,2016-05-18,15.224058,XGBoost
FOODS_3_555,CA_1,Estacional,2016-05-19,15.558985,XGBoost
FOODS_3_555,CA_1,Estacional,2016-05-20,18.418097,XGBoost
FOODS_3_555,CA_1,Estacional,2016-05-21,24.069265,XGBoost
FOODS_3_555,CA_1,Estacional,2016-05-22,23.498781,XGBoost
FOODS_3_586,CA_1,Estacional,2016-04-25,32.06874,XGBoost
FOODS_3_586,CA_1,Estacional,2016-04-26,31.364206,XGBoost
FOODS_3_586,CA_1,Estacional,2016-04-27,30.164848,XGBoost
FOODS_3_586,CA_1,Estacional,2016-04-28,32.73601,XGBoost
FOODS_3_586,CA_1,Estacional,2016-04-29,36.910812,XGBoost
FOODS_3_586,CA_1,Estacional,2016-04-30,47.084667,XGBoost
FOODS_3_586,CA_1,Estacional,2016-05-01,50.591232,XGBoost
FOODS_3_586,CA_1,Estacional,2016-05-02,32.424145,XGBoost
FOODS_3_586,CA_1,Estacional,2016-05-03,33.88947,XGBoost
FOODS_3_586,CA_1,Estacional,2016-05-04,29.770052,XGBoost
FOODS_3_586,CA_1,Estacional,2016-05-05,35.39163,XGBoost
FOODS_3_586,CA_1,Estacional,2016-05-06,37.06388,XGBoost
FOODS_3_586,CA_1,Estacional,2016-05-07,49.250576,XGBoost
FOODS_3_586,CA_1,Estacional,2016-05-08,49.56138,XGBoost
FOODS_3_586,CA_1,Estacional,2016-05-09,35.82002,XGBoost
FOODS_3_586,CA_1,Estacional,2016-05-10,31.599539,XGBoost
FOODS_3_586,CA_1,Estacional,2016-05-11,30.35049,XGBoost
FOODS_3_586,CA_1,Estacional,2016-05-12,37.394848,XGBoost
FOODS_3_586,CA_1,Estacional,2016-05-13,37.587788,XGBoost
FOODS_3_586,CA_1,Estacional,2016-05-14,47.521465,XGBoost
FOODS_3_586,CA_1,Estacional,2016-05-15,50.738922,XGBoost
FOODS_3_586,CA_1,Estacional,2016-05-16,32.73704,XGBoost
FOODS_3_586,CA_1,Estacional,2016-05-17,33.16449,XGBoost
FOODS_3_586,CA_1,Estacional,2016-05-18,31.323925,XGBoost
FOODS_3_586,CA_1,Estacional,2016-05-19,36.721836,XGBoost
FOODS_3_586,CA_1,Estacional,2016-05-20,37.69038,XGBoost
FOODS_3_586,CA_1,Estacional,2016-05-21,48.717804,XGBoost
FOODS_3_586,CA_1,Estacional,2016-05-22,53.856556,XGBoost
FOODS_3_591,CA_1,Estacional,2016-04-25,1.8840641,XGBoost
FOODS_3_591,CA_1,Estacional,2016-04-26,1.3223084,XGBoost
FOODS_3_591,CA_1,Estacional,2016-04-27,1.4916369,XGBoost
FOODS_3_591,CA_1,Estacional,2016-04-28,1.347072,XGBoost
FOODS_3_591,CA_1,Estacional,2016-04-29,1.8608025,XGBoost
FOODS_3_591,CA_1,Estacional,2016-04-30,2.4282904,XGBoost
FOODS_3_591,CA_1,Estacional,2016-05-01,2.7398195,XGBoost
FOODS_3_591,CA_1,Estacional,2016-05-02,1.9026634,XGBoost
FOODS_3_591,CA_1,Estacional,2016-05-03,1.5315171,XGBoost
FOODS_3_591,CA_1,Estacional,2016-05-04,1.4715663,XGBoost
FOODS_3_591,CA_1,Estacional,2016-05-05,1.5274234,XGBoost
FOODS_3_591,CA_1,Estacional,2016-05-06,1.8223919,XGBoost
FOODS_3_591,CA_1,Estacional,2016-05-07,2.5196838,XGBoost
FOODS_3_591,CA_1,Estacional,2016-05-08,2.541852,XGBoost
FOODS_3_591,CA_1,Estacional,2016-05-09,1.748662,XGBoost
FOODS_3_591,CA_1,Estacional,2016-05-10,1.4527781,XGBoost
FOODS_3_591,CA_1,Estacional,2016-05-11,1.5769284,XGBoost
FOODS_3_591,CA_1,Estacional,2016-05-12,1.4724966,XGBoost
FOODS_3_591,CA_1,Estacional,2016-05-13,1.8423723,XGBoost
FOODS_3_591,CA_1,Estacional,2016-05-14,2.5523994,XGBoost
FOODS_3_591,CA_1,Estacional,2016-05-15,2.408878,XGBoost
FOODS_3_591,CA_1,Estacional,2016-05-16,1.6705974,XGBoost
FOODS_3_591,CA_1,Estacional,2016-05-17,1.3168743,XGBoost
FOODS_3_591,CA_1,Estacional,2016-05-18,1.4860712,XGBoost
FOODS_3_591,CA_1,Estacional,2016-05-19,1.3493373,XGBoost
FOODS_3_591,CA_1,Estacional,2016-05-20,1.9144306,XGBoost
FOODS_3_591,CA_1,Estacional,2016-05-21,2.581601,XGBoost
FOODS_3_591,CA_1,Estacional,2016-05-22,2.4341679,XGBoost
FOODS_3_607,CA_1,Estacional,2016-04-25,10.60693,XGBoost
FOODS_3_607,CA_1,Estacional,2016-04-26,9.055889,XGBoost
FOODS_3_607,CA_1,Estacional,2016-04-27,8.685088,XGBoost
FOODS_3_607,CA_1,Estacional,2016-04-28,9.785162,XGBoost
FOODS_3_607,CA_1,Estacional,2016-04-29,12.976508,XGBoost
FOODS_3_607,CA_1,Estacional,2016-04-30,16.53865,XGBoost
FOODS_3_607,CA_1,Estacional,2016-05-01,17.686619,XGBoost
FOODS_3_607,CA_1,Estacional,2016-05-02,10.616226,XGBoost
FOODS_3_607,CA_1,Estacional,2016-05-03,10.609737,XGBoost
FOODS_3_607,CA_1,Estacional,2016-05-04,9.388909,XGBoost
FOODS_3_607,CA_1,Estacional,2016-05-05,9.590039,XGBoost
FOODS_3_607,CA_1,Estacional,2016-05-06,12.393854,XGBoost
FOODS_3_607,CA_1,Estacional,2016-05-07,16.259026,XGBoost
FOODS_3_607,CA_1,Estacional,2016-05-08,17.566528,XGBoost
FOODS_3_607,CA_1,Estacional,2016-05-09,11.142506,XGBoost
FOODS_3_607,CA_1,Estacional,2016-05-10,9.572195,XGBoost
FOODS_3_607,CA_1,Estacional,2016-05-11,10.06883,XGBoost
FOODS_3_607,CA_1,Estacional,2016-05-12,9.411879,XGBoost
FOODS_3_607,CA_1,Estacional,2016-05-13,12.705062,XGBoost
FOODS_3_607,CA_1,Estacional,2016-05-14,15.795907,XGBoost
FOODS_3_607,CA_1,Estacional,2016-05-15,18.576233,XGBoost
FOODS_3_607,CA_1,Estacional,2016-05-16,11.7555685,XGBoost
FOODS_3_607,CA_1,Estacional,2016-05-17,9.679042,XGBoost
FOODS_3_607,CA_1,Estacional,2016-05-18,9.874992,XGBoost
FOODS_3_607,CA_1,Estacional,2016-05-19,10.075875,XGBoost
FOODS_3_607,CA_1,Estacional,2016-05-20,13.64928,XGBoost
FOODS_3_607,CA_1,Estacional,2016-05-21,17.4503,XGBoost
FOODS_3_607,CA_1,Estacional,2016-05-22,17.612997,XGBoost
FOODS_3_617,CA_1,Estacional,2016-04-25,1.907917,XGBoost
FOODS_3_617,CA_1,Estacional,2016-04-26,1.6320373,XGBoost
FOODS_3_617,CA_1,Estacional,2016-04-27,1.5811585,XGBoost
FOODS_3_617,CA_1,Estacional,2016-04-28,1.7626708,XGBoost
FOODS_3_617,CA_1,Estacional,2016-04-29,2.065553,XGBoost
FOODS_3_617,CA_1,Estacional,2016-04-30,3.0549562,XGBoost
FOODS_3_617,CA_1,Estacional,2016-05-01,3.126489,XGBoost
FOODS_3_617,CA_1,Estacional,2016-05-02,2.004956,XGBoost
FOODS_3_617,CA_1,Estacional,2016-05-03,1.6519108,XGBoost
FOODS_3_617,CA_1,Estacional,2016-05-04,1.7286525,XGBoost
FOODS_3_617,CA_1,Estacional,2016-05-05,1.7944307,XGBoost
FOODS_3_617,CA_1,Estacional,2016-05-06,2.3004298,XGBoost
FOODS_3_617,CA_1,Estacional,2016-05-07,3.091395,XGBoost
FOODS_3_617,CA_1,Estacional,2016-05-08,3.122393,XGBoost
FOODS_3_617,CA_1,Estacional,2016-05-09,1.8808516,XGBoost
FOODS_3_617,CA_1,Estacional,2016-05-10,1.5654101,XGBoost
FOODS_3_617,CA_1,Estacional,2016-05-11,1.7131022,XGBoost
FOODS_3_617,CA_1,Estacional,2016-05-12,1.6413445,XGBoost
FOODS_3_617,CA_1,Estacional,2016-05-13,2.2100346,XGBoost
FOODS_3_617,CA_1,Estacional,2016-05-14,3.487989,XGBoost
FOODS_3_617,CA_1,Estacional,2016-05-15,3.2452476,XGBoost
FOODS_3_617,CA_1,Estacional,2016-05-16,1.8530276,XGBoost
FOODS_3_617,CA_1,Estacional,2016-05-17,1.5575027,XGBoost
FOODS_3_617,CA_1,Estacional,2016-05-18,1.5575027,XGBoost
FOODS_3_617,CA_1,Estacional,2016-05-19,1.5899658,XGBoost
FOODS_3_617,CA_1,Estacional,2016-05-20,2.2256188,XGBoost
FOODS_3_617,CA_1,Estacional,2016-05-21,3.074364,XGBoost
FOODS_3_617,CA_1,Estacional,2016-05-22,3.078922,XGBoost
FOODS_3_625,CA_1,Estacional,2016-04-25,1.7321858,XGBoost
FOODS_3_625,CA_1,Estacional,2016-04-26,1.2637105,XGBoost
FOODS_3_625,CA_1,Estacional,2016-04-27,1.5647181,XGBoost
FOODS_3_625,CA_1,Estacional,2016-04-28,1.754562,XGBoost
FOODS_3_625,CA_1,Estacional,2016-04-29,1.7064905,XGBoost
FOODS_3_625,CA_1,Estacional,2016-04-30,2.5579531,XGBoost
FOODS_3_625,CA_1,Estacional,2016-05-01,2.5497286,XGBoost
FOODS_3_625,CA_1,Estacional,2016-05-02,1.7795355,XGBoost
FOODS_3_625,CA_1,Estacional,2016-05-03,1.5068386,XGBoost
FOODS_3_625,CA_1,Estacional,2016-05-04,1.6706719,XGBoost
FOODS_3_625,CA_1,Estacional,2016-05-05,1.816569,XGBoost
FOODS_3_625,CA_1,Estacional,2016-05-06,1.7519277,XGBoost
FOODS_3_625,CA_1,Estacional,2016-05-07,2.564369,XGBoost
FOODS_3_625,CA_1,Estacional,2016-05-08,2.526268,XGBoost
FOODS_3_625,CA_1,Estacional,2016-05-09,1.6447107,XGBoost
FOODS_3_625,CA_1,Estacional,2016-05-10,1.4962494,XGBoost
FOODS_3_625,CA_1,Estacional,2016-05-11,1.6203997,XGBoost
FOODS_3_625,CA_1,Estacional,2016-05-12,1.698156,XGBoost
FOODS_3_625,CA_1,Estacional,2016-05-13,1.7312148,XGBoost
FOODS_3_625,CA_1,Estacional,2016-05-14,2.7074704,XGBoost
FOODS_3_625,CA_1,Estacional,2016-05-15,2.5903118,XGBoost
FOODS_3_625,CA_1,Estacional,2016-05-16,1.6783768,XGBoost
FOODS_3_625,CA_1,Estacional,2016-05-17,1.3669702,XGBoost
FOODS_3_625,CA_1,Estacional,2016-05-18,1.6108195,XGBoost
FOODS_3_625,CA_1,Estacional,2016-05-19,1.5402509,XGBoost
FOODS_3_625,CA_1,Estacional,2016-05-20,1.6153066,XGBoost
FOODS_3_625,CA_1,Estacional,2016-05-21,2.4225178,XGBoost
FOODS_3_625,CA_1,Estacional,2016-05-22,2.3985057,XGBoost
FOODS_3_628,CA_1,Estacional,2016-04-25,3.3100693,XGBoost
FOODS_3_628,CA_1,Estacional,2016-04-26,3.033337,XGBoost
FOODS_3_628,CA_1,Estacional,2016-04-27,3.433868,XGBoost
FOODS_3_628,CA_1,Estacional,2016-04-28,3.4175863,XGBoost
FOODS_3_628,CA_1,Estacional,2016-04-29,4.3084292,XGBoost
FOODS_3_628,CA_1,Estacional,2016-04-30,5.7022114,XGBoost
FOODS_3_628,CA_1,Estacional,2016-05-01,5.71571,XGBoost
FOODS_3_628,CA_1,Estacional,2016-05-02,3.1863337,XGBoost
FOODS_3_628,CA_1,Estacional,2016-05-03,2.9653718,XGBoost
FOODS_3_628,CA_1,Estacional,2016-05-04,3.216821,XGBoost
FOODS_3_628,CA_1,Estacional,2016-05-05,3.121819,XGBoost
FOODS_3_628,CA_1,Estacional,2016-05-06,4.1856837,XGBoost
FOODS_3_628,CA_1,Estacional,2016-05-07,5.620773,XGBoost
FOODS_3_628,CA_1,Estacional,2016-05-08,5.1022606,XGBoost
FOODS_3_628,CA_1,Estacional,2016-05-09,3.2112737,XGBoost
FOODS_3_628,CA_1,Estacional,2016-05-10,2.9458323,XGBoost
FOODS_3_628,CA_1,Estacional,2016-05-11,3.1382024,XGBoost
FOODS_3_628,CA_1,Estacional,2016-05-12,3.1309342,XGBoost
FOODS_3_628,CA_1,Estacional,2016-05-13,4.4026947,XGBoost
FOODS_3_628,CA_1,Estacional,2016-05-14,5.2891393,XGBoost
FOODS_3_628,CA_1,Estacional,2016-05-15,5.194721,XGBoost
FOODS_3_628,CA_1,Estacional,2016-05-16,3.2435555,XGBoost
FOODS_3_628,CA_1,Estacional,2016-05-17,2.9259295,XGBoost
FOODS_3_628,CA_1,Estacional,2016-05-18,3.2122877,XGBoost
FOODS_3_628,CA_1,Estacional,2016-05-19,3.1013978,XGBoost
FOODS_3_628,CA_1,Estacional,2016-05-20,4.1925073,XGBoost
FOODS_3_628,CA_1,Estacional,2016-05-21,5.6984677,XGBoost
FOODS_3_628,CA_1,Estacional,2016-05-22,5.260358,XGBoost
FOODS_3_632,CA_1,Estacional,2016-04-25,2.1461222,XGBoost
FOODS_3_632,CA_1,Estacional,2016-04-26,1.9992006,XGBoost
FOODS_3_632,CA_1,Estacional,2016-04-27,1.80449,XGBoost
FOODS_3_632,CA_1,Estacional,2016-04-28,1.9694046,XGBoost
FOODS_3_632,CA_1,Estacional,2016-04-29,2.4924753,XGBoost
FOODS_3_632,CA_1,Estacional,2016-04-30,2.9711618,XGBoost
FOODS_3_632,CA_1,Estacional,2016-05-01,3.4004629,XGBoost
FOODS_3_632,CA_1,Estacional,2016-05-02,2.0917106,XGBoost
FOODS_3_632,CA_1,Estacional,2016-05-03,1.8840832,XGBoost
FOODS_3_632,CA_1,Estacional,2016-05-04,1.7824465,XGBoost
FOODS_3_632,CA_1,Estacional,2016-05-05,1.9482313,XGBoost
FOODS_3_632,CA_1,Estacional,2016-05-06,2.408728,XGBoost
FOODS_3_632,CA_1,Estacional,2016-05-07,3.1917813,XGBoost
FOODS_3_632,CA_1,Estacional,2016-05-08,3.184093,XGBoost
FOODS_3_632,CA_1,Estacional,2016-05-09,2.0393527,XGBoost
FOODS_3_632,CA_1,Estacional,2016-05-10,2.0044253,XGBoost
FOODS_3_632,CA_1,Estacional,2016-05-11,1.7464025,XGBoost
FOODS_3_632,CA_1,Estacional,2016-05-12,1.9453044,XGBoost
FOODS_3_632,CA_1,Estacional,2016-05-13,2.2686915,XGBoost
FOODS_3_632,CA_1,Estacional,2016-05-14,2.9968343,XGBoost
FOODS_3_632,CA_1,Estacional,2016-05-15,3.3626547,XGBoost
FOODS_3_632,CA_1,Estacional,2016-05-16,2.0548258,XGBoost
FOODS_3_632,CA_1,Estacional,2016-05-17,1.942445,XGBoost
FOODS_3_632,CA_1,Estacional,2016-05-18,1.6889077,XGBoost
FOODS_3_632,CA_1,Estacional,2016-05-19,1.8216796,XGBoost
FOODS_3_632,CA_1,Estacional,2016-05-20,2.3396864,XGBoost
FOODS_3_632,CA_1,Estacional,2016-05-21,3.107113,XGBoost
FOODS_3_632,CA_1,Estacional,2016-05-22,3.3410394,XGBoost
FOODS_3_634,CA_1,Estacional,2016-04-25,2.866502,XGBoost
FOODS_3_634,CA_1,Estacional,2016-04-26,2.5111055,XGBoost
FOODS_3_634,CA_1,Estacional,2016-04-27,2.6049218,XGBoost
FOODS_3_634,CA_1,Estacional,2016-04-28,2.6789374,XGBoost
FOODS_3_634,CA_1,Estacional,2016-04-29,3.8606257,XGBoost
FOODS_3_634,CA_1,Estacional,2016-04-30,5.044828,XGBoost
FOODS_3_634,CA_1,Estacional,2016-05-01,4.366395,XGBoost
FOODS_3_634,CA_1,Estacional,2016-05-02,2.7788305,XGBoost
FOODS_3_634,CA_1,Estacional,2016-05-03,2.5811498,XGBoost
FOODS_3_634,CA_1,Estacional,2016-05-04,2.6570475,XGBoost
FOODS_3_634,CA_1,Estacional,2016-05-05,2.5285528,XGBoost
FOODS_3_634,CA_1,Estacional,2016-05-06,3.7165234,XGBoost
FOODS_3_634,CA_1,Estacional,2016-05-07,4.48797,XGBoost
FOODS_3_634,CA_1,Estacional,2016-05-08,4.2753787,XGBoost
FOODS_3_634,CA_1,Estacional,2016-05-09,2.9474008,XGBoost
FOODS_3_634,CA_1,Estacional,2016-05-10,2.542028,XGBoost
FOODS_3_634,CA_1,Estacional,2016-05-11,2.5706217,XGBoost
FOODS_3_634,CA_1,Estacional,2016-05-12,2.5006523,XGBoost
FOODS_3_634,CA_1,Estacional,2016-05-13,3.6786506,XGBoost
FOODS_3_634,CA_1,Estacional,2016-05-14,4.637465,XGBoost
FOODS_3_634,CA_1,Estacional,2016-05-15,4.212236,XGBoost
FOODS_3_634,CA_1,Estacional,2016-05-16,2.842876,XGBoost
FOODS_3_634,CA_1,Estacional,2016-05-17,2.5149617,XGBoost
FOODS_3_634,CA_1,Estacional,2016-05-18,2.6398695,XGBoost
FOODS_3_634,CA_1,Estacional,2016-05-19,2.7793658,XGBoost
FOODS_3_634,CA_1,Estacional,2016-05-20,3.624016,XGBoost
FOODS_3_634,CA_1,Estacional,2016-05-21,4.7512007,XGBoost
FOODS_3_634,CA_1,Estacional,2016-05-22,4.386422,XGBoost
FOODS_3_654,CA_1,Estacional,2016-04-25,6.117506,XGBoost
FOODS_3_654,CA_1,Estacional,2016-04-26,5.3831177,XGBoost
FOODS_3_654,CA_1,Estacional,2016-04-27,5.8266697,XGBoost
FOODS_3_654,CA_1,Estacional,2016-04-28,5.9864416,XGBoost
FOODS_3_654,CA_1,Estacional,2016-04-29,6.6872597,XGBoost
FOODS_3_654,CA_1,Estacional,2016-04-30,10.306446,XGBoost
FOODS_3_654,CA_1,Estacional,2016-05-01,8.972641,XGBoost
FOODS_3_654,CA_1,Estacional,2016-05-02,5.97905,XGBoost
FOODS_3_654,CA_1,Estacional,2016-05-03,5.3457446,XGBoost
FOODS_3_654,CA_1,Estacional,2016-05-04,6.190531,XGBoost
FOODS_3_654,CA_1,Estacional,2016-05-05,5.922455,XGBoost
FOODS_3_654,CA_1,Estacional,2016-05-06,6.7543006,XGBoost
FOODS_3_654,CA_1,Estacional,2016-05-07,9.177167,XGBoost
FOODS_3_654,CA_1,Estacional,2016-05-08,8.446864,XGBoost
FOODS_3_654,CA_1,Estacional,2016-05-09,5.790876,XGBoost
FOODS_3_654,CA_1,Estacional,2016-05-10,5.561517,XGBoost
FOODS_3_654,CA_1,Estacional,2016-05-11,6.30265,XGBoost
FOODS_3_654,CA_1,Estacional,2016-05-12,5.6631885,XGBoost
FOODS_3_654,CA_1,Estacional,2016-05-13,6.7946944,XGBoost
FOODS_3_654,CA_1,Estacional,2016-05-14,8.855053,XGBoost
FOODS_3_654,CA_1,Estacional,2016-05-15,9.154738,XGBoost
FOODS_3_654,CA_1,Estacional,2016-05-16,6.1294193,XGBoost
FOODS_3_654,CA_1,Estacional,2016-05-17,5.6140594,XGBoost
FOODS_3_654,CA_1,Estacional,2016-05-18,5.8814936,XGBoost
FOODS_3_654,CA_1,Estacional,2016-05-19,5.7358565,XGBoost
FOODS_3_654,CA_1,Estacional,2016-05-20,7.0275164,XGBoost
FOODS_3_654,CA_1,Estacional,2016-05-21,9.603025,XGBoost
FOODS_3_654,CA_1,Estacional,2016-05-22,9.743579,XGBoost
FOODS_3_668,CA_1,Estacional,2016-04-25,6.15407,XGBoost
FOODS_3_668,CA_1,Estacional,2016-04-26,6.4393644,XGBoost
FOODS_3_668,CA_1,Estacional,2016-04-27,5.9747605,XGBoost
FOODS_3_668,CA_1,Estacional,2016-04-28,5.8974667,XGBoost
FOODS_3_668,CA_1,Estacional,2016-04-29,7.1567454,XGBoost
FOODS_3_668,CA_1,Estacional,2016-04-30,9.007322,XGBoost
FOODS_3_668,CA_1,Estacional,2016-05-01,8.134354,XGBoost
FOODS_3_668,CA_1,Estacional,2016-05-02,5.9527645,XGBoost
FOODS_3_668,CA_1,Estacional,2016-05-03,6.012608,XGBoost
FOODS_3_668,CA_1,Estacional,2016-05-04,5.6799197,XGBoost
FOODS_3_668,CA_1,Estacional,2016-05-05,5.8868723,XGBoost
FOODS_3_668,CA_1,Estacional,2016-05-06,7.011003,XGBoost
FOODS_3_668,CA_1,Estacional,2016-05-07,9.409073,XGBoost
FOODS_3_668,CA_1,Estacional,2016-05-08,7.9750414,XGBoost
FOODS_3_668,CA_1,Estacional,2016-05-09,6.0169067,XGBoost
FOODS_3_668,CA_1,Estacional,2016-05-10,6.0416236,XGBoost
FOODS_3_668,CA_1,Estacional,2016-05-11,5.8387527,XGBoost
FOODS_3_668,CA_1,Estacional,2016-05-12,5.9354615,XGBoost
FOODS_3_668,CA_1,Estacional,2016-05-13,7.4063807,XGBoost
FOODS_3_668,CA_1,Estacional,2016-05-14,9.648192,XGBoost
FOODS_3_668,CA_1,Estacional,2016-05-15,8.192026,XGBoost
FOODS_3_668,CA_1,Estacional,2016-05-16,6.339798,XGBoost
FOODS_3_668,CA_1,Estacional,2016-05-17,6.0826893,XGBoost
FOODS_3_668,CA_1,Estacional,2016-05-18,6.1021633,XGBoost
FOODS_3_668,CA_1,Estacional,2016-05-19,6.149082,XGBoost
FOODS_3_668,CA_1,Estacional,2016-05-20,7.4204307,XGBoost
FOODS_3_668,CA_1,Estacional,2016-05-21,9.617265,XGBoost
FOODS_3_668,CA_1,Estacional,2016-05-22,8.181488,XGBoost
FOODS_3_694,CA_1,Estacional,2016-04-25,9.360075,XGBoost
FOODS_3_694,CA_1,Estacional,2016-04-26,8.616511,XGBoost
FOODS_3_694,CA_1,Estacional,2016-04-27,8.447551,XGBoost
FOODS_3_694,CA_1,Estacional,2016-04-28,9.646779,XGBoost
FOODS_3_694,CA_1,Estacional,2016-04-29,9.557318,XGBoost
FOODS_3_694,CA_1,Estacional,2016-04-30,15.1643,XGBoost
FOODS_3_694,CA_1,Estacional,2016-05-01,14.251899,XGBoost
FOODS_3_694,CA_1,Estacional,2016-05-02,10.143842,XGBoost
FOODS_3_694,CA_1,Estacional,2016-05-03,8.896923,XGBoost
FOODS_3_694,CA_1,Estacional,2016-05-04,8.831997,XGBoost
FOODS_3_694,CA_1,Estacional,2016-05-05,9.629598,XGBoost
FOODS_3_694,CA_1,Estacional,2016-05-06,10.388554,XGBoost
FOODS_3_694,CA_1,Estacional,2016-05-07,15.304196,XGBoost
FOODS_3_694,CA_1,Estacional,2016-05-08,14.766982,XGBoost
FOODS_3_694,CA_1,Estacional,2016-05-09,9.716599,XGBoost
FOODS_3_694,CA_1,Estacional,2016-05-10,9.043366,XGBoost
FOODS_3_694,CA_1,Estacional,2016-05-11,9.183137,XGBoost
FOODS_3_694,CA_1,Estacional,2016-05-12,9.588078,XGBoost
FOODS_3_694,CA_1,Estacional,2016-05-13,9.624468,XGBoost
FOODS_3_694,CA_1,Estacional,2016-05-14,15.066449,XGBoost
FOODS_3_694,CA_1,Estacional,2016-05-15,14.626125,XGBoost
FOODS_3_694,CA_1,Estacional,2016-05-16,9.762006,XGBoost
FOODS_3_694,CA_1,Estacional,2016-05-17,8.95555,XGBoost
FOODS_3_694,CA_1,Estacional,2016-05-18,9.044442,XGBoost
FOODS_3_694,CA_1,Estacional,2016-05-19,10.07541,XGBoost
FOODS_3_694,CA_1,Estacional,2016-05-20,10.143113,XGBoost
FOODS_3_694,CA_1,Estacional,2016-05-21,15.421216,XGBoost
FOODS_3_694,CA_1,Estacional,2016-05-22,13.948737,XGBoost
FOODS_3_697,CA_1,Estacional,2016-04-25,11.857878,XGBoost
FOODS_3_697,CA_1,Estacional,2016-04-26,9.958205,XGBoost
FOODS_3_697,CA_1,Estacional,2016-04-27,10.583191,XGBoost
FOODS_3_697,CA_1,Estacional,2016-04-28,10.381872,XGBoost
FOODS_3_697,CA_1,Estacional,2016-04-29,14.083035,XGBoost
FOODS_3_697,CA_1,Estacional,2016-04-30,15.862662,XGBoost
FOODS_3_697,CA_1,Estacional,2016-05-01,15.94193,XGBoost
FOODS_3_697,CA_1,Estacional,2016-05-02,12.049878,XGBoost
FOODS_3_697,CA_1,Estacional,2016-05-03,10.460966,XGBoost
FOODS_3_697,CA_1,Estacional,2016-05-04,10.608767,XGBoost
FOODS_3_697,CA_1,Estacional,2016-05-05,10.317773,XGBoost
FOODS_3_697,CA_1,Estacional,2016-05-06,13.414968,XGBoost
FOODS_3_697,CA_1,Estacional,2016-05-07,16.313866,XGBoost
FOODS_3_697,CA_1,Estacional,2016-05-08,16.054762,XGBoost
FOODS_3_697,CA_1,Estacional,2016-05-09,12.2125225,XGBoost
FOODS_3_697,CA_1,Estacional,2016-05-10,10.99225,XGBoost
FOODS_3_697,CA_1,Estacional,2016-05-11,10.579187,XGBoost
FOODS_3_697,CA_1,Estacional,2016-05-12,10.813731,XGBoost
FOODS_3_697,CA_1,Estacional,2016-05-13,13.458833,XGBoost
FOODS_3_697,CA_1,Estacional,2016-05-14,16.096334,XGBoost
FOODS_3_697,CA_1,Estacional,2016-05-15,16.50277,XGBoost
FOODS_3_697,CA_1,Estacional,2016-05-16,12.495283,XGBoost
FOODS_3_697,CA_1,Estacional,2016-05-17,10.516075,XGBoost
FOODS_3_697,CA_1,Estacional,2016-05-18,10.815578,XGBoost
FOODS_3_697,CA_1,Estacional,2016-05-19,11.434947,XGBoost
FOODS_3_697,CA_1,Estacional,2016-05-20,14.146642,XGBoost
FOODS_3_697,CA_1,Estacional,2016-05-21,17.09627,XGBoost
FOODS_3_697,CA_1,Estacional,2016-05-22,16.413763,XGBoost
FOODS_3_714,CA_1,Estacional,2016-04-25,14.919714,XGBoost
FOODS_3_714,CA_1,Estacional,2016-04-26,13.024591,XGBoost
FOODS_3_714,CA_1,Estacional,2016-04-27,14.349856,XGBoost
FOODS_3_714,CA_1,Estacional,2016-04-28,15.357966,XGBoost
FOODS_3_714,CA_1,Estacional,2016-04-29,19.550528,XGBoost
FOODS_3_714,CA_1,Estacional,2016-04-30,26.536467,XGBoost
FOODS_3_714,CA_1,Estacional,2016-05-01,24.80334,XGBoost
FOODS_3_714,CA_1,Estacional,2016-05-02,15.999069,XGBoost
FOODS_3_714,CA_1,Estacional,2016-05-03,13.772576,XGBoost
FOODS_3_714,CA_1,Estacional,2016-05-04,15.220044,XGBoost
FOODS_3_714,CA_1,Estacional,2016-05-05,16.540043,XGBoost
FOODS_3_714,CA_1,Estacional,2016-05-06,19.783546,XGBoost
FOODS_3_714,CA_1,Estacional,2016-05-07,25.752922,XGBoost
FOODS_3_714,CA_1,Estacional,2016-05-08,22.938086,XGBoost
FOODS_3_714,CA_1,Estacional,2016-05-09,16.172316,XGBoost
FOODS_3_714,CA_1,Estacional,2016-05-10,15.125697,XGBoost
FOODS_3_714,CA_1,Estacional,2016-05-11,14.940115,XGBoost
FOODS_3_714,CA_1,Estacional,2016-05-12,15.2823925,XGBoost
FOODS_3_714,CA_1,Estacional,2016-05-13,19.428354,XGBoost
FOODS_3_714,CA_1,Estacional,2016-05-14,25.242493,XGBoost
FOODS_3_714,CA_1,Estacional,2016-05-15,24.93806,XGBoost
FOODS_3_714,CA_1,Estacional,2016-05-16,15.680467,XGBoost
FOODS_3_714,CA_1,Estacional,2016-05-17,15.023425,XGBoost
FOODS_3_714,CA_1,Estacional,2016-05-18,15.298892,XGBoost
FOODS_3_714,CA_1,Estacional,2016-05-19,15.353788,XGBoost
FOODS_3_714,CA_1,Estacional,2016-05-20,20.092016,XGBoost
FOODS_3_714,CA_1,Estacional,2016-05-21,24.78496,XGBoost
FOODS_3_714,CA_1,Estacional,2016-05-22,24.438759,XGBoost
FOODS_3_727,CA_1,Estacional,2016-04-25,2.9425647,XGBoost
FOODS_3_727,CA_1,Estacional,2016-04-26,2.3209374,XGBoost
FOODS_3_727,CA_1,Estacional,2016-04-27,2.2397556,XGBoost
FOODS_3_727,CA_1,Estacional,2016-04-28,2.4286013,XGBoost
FOODS_3_727,CA_1,Estacional,2016-04-29,3.088063,XGBoost
FOODS_3_727,CA_1,Estacional,2016-04-30,3.9484885,XGBoost
FOODS_3_727,CA_1,Estacional,2016-05-01,4.527206,XGBoost
FOODS_3_727,CA_1,Estacional,2016-05-02,2.714876,XGBoost
FOODS_3_727,CA_1,Estacional,2016-05-03,2.3660526,XGBoost
FOODS_3_727,CA_1,Estacional,2016-05-04,2.304665,XGBoost
FOODS_3_727,CA_1,Estacional,2016-05-05,2.349852,XGBoost
FOODS_3_727,CA_1,Estacional,2016-05-06,2.9588373,XGBoost
FOODS_3_727,CA_1,Estacional,2016-05-07,4.07163,XGBoost
FOODS_3_727,CA_1,Estacional,2016-05-08,4.120769,XGBoost
FOODS_3_727,CA_1,Estacional,2016-05-09,2.5407364,XGBoost
FOODS_3_727,CA_1,Estacional,2016-05-10,2.4735765,XGBoost
FOODS_3_727,CA_1,Estacional,2016-05-11,2.2509618,XGBoost
FOODS_3_727,CA_1,Estacional,2016-05-12,2.2616432,XGBoost
FOODS_3_727,CA_1,Estacional,2016-05-13,2.8488448,XGBoost
FOODS_3_727,CA_1,Estacional,2016-05-14,3.9105716,XGBoost
FOODS_3_727,CA_1,Estacional,2016-05-15,4.12285,XGBoost
FOODS_3_727,CA_1,Estacional,2016-05-16,3.0826287,XGBoost
FOODS_3_727,CA_1,Estacional,2016-05-17,2.226213,XGBoost
FOODS_3_727,CA_1,Estacional,2016-05-18,2.226213,XGBoost
FOODS_3_727,CA_1,Estacional,2016-05-19,2.2834249,XGBoost
FOODS_3_727,CA_1,Estacional,2016-05-20,2.9418018,XGBoost
FOODS_3_727,CA_1,Estacional,2016-05-21,3.8498156,XGBoost
FOODS_3_727,CA_1,Estacional,2016-05-22,4.035924,XGBoost
FOODS_3_741,CA_1,Estacional,2016-04-25,13.721221,XGBoost
FOODS_3_741,CA_1,Estacional,2016-04-26,12.31727,XGBoost
FOODS_3_741,CA_1,Estacional,2016-04-27,12.3521595,XGBoost
FOODS_3_741,CA_1,Estacional,2016-04-28,12.47294,XGBoost
FOODS_3_741,CA_1,Estacional,2016-04-29,15.56095,XGBoost
FOODS_3_741,CA_1,Estacional,2016-04-30,18.563623,XGBoost
FOODS_3_741,CA_1,Estacional,2016-05-01,20.9343,XGBoost
FOODS_3_741,CA_1,Estacional,2016-05-02,13.992961,XGBoost
FOODS_3_741,CA_1,Estacional,2016-05-03,13.824945,XGBoost
FOODS_3_741,CA_1,Estacional,2016-05-04,12.742793,XGBoost
FOODS_3_741,CA_1,Estacional,2016-05-05,13.8330345,XGBoost
FOODS_3_741,CA_1,Estacional,2016-05-06,15.97929,XGBoost
FOODS_3_741,CA_1,Estacional,2016-05-07,16.790747,XGBoost
FOODS_3_741,CA_1,Estacional,2016-05-08,20.148989,XGBoost
FOODS_3_741,CA_1,Estacional,2016-05-09,13.920464,XGBoost
FOODS_3_741,CA_1,Estacional,2016-05-10,13.129351,XGBoost
FOODS_3_741,CA_1,Estacional,2016-05-11,13.071315,XGBoost
FOODS_3_741,CA_1,Estacional,2016-05-12,13.299748,XGBoost
FOODS_3_741,CA_1,Estacional,2016-05-13,15.100247,XGBoost
FOODS_3_741,CA_1,Estacional,2016-05-14,17.610498,XGBoost
FOODS_3_741,CA_1,Estacional,2016-05-15,20.028877,XGBoost
FOODS_3_741,CA_1,Estacional,2016-05-16,14.110717,XGBoost
FOODS_3_741,CA_1,Estacional,2016-05-17,13.390928,XGBoost
FOODS_3_741,CA_1,Estacional,2016-05-18,12.513792,XGBoost
FOODS_3_741,CA_1,Estacional,2016-05-19,13.56133,XGBoost
FOODS_3_741,CA_1,Estacional,2016-05-20,16.733088,XGBoost
FOODS_3_741,CA_1,Estacional,2016-05-21,19.123522,XGBoost
FOODS_3_741,CA_1,Estacional,2016-05-22,21.2584,XGBoost
FOODS_3_764,CA_1,Estacional,2016-04-25,6.8323417,XGBoost
FOODS_3_764,CA_1,Estacional,2016-04-26,6.1997867,XGBoost
FOODS_3_764,CA_1,Estacional,2016-04-27,5.6324306,XGBoost
FOODS_3_764,CA_1,Estacional,2016-04-28,6.3346076,XGBoost
FOODS_3_764,CA_1,Estacional,2016-04-29,6.1239657,XGBoost
FOODS_3_764,CA_1,Estacional,2016-04-30,9.487708,XGBoost
FOODS_3_764,CA_1,Estacional,2016-05-01,11.393227,XGBoost
FOODS_3_764,CA_1,Estacional,2016-05-02,7.1470394,XGBoost
FOODS_3_764,CA_1,Estacional,2016-05-03,6.5533857,XGBoost
FOODS_3_764,CA_1,Estacional,2016-05-04,6.247917,XGBoost
FOODS_3_764,CA_1,Estacional,2016-05-05,6.77379,XGBoost
FOODS_3_764,CA_1,Estacional,2016-05-06,7.2490153,XGBoost
FOODS_3_764,CA_1,Estacional,2016-05-07,9.756839,XGBoost
FOODS_3_764,CA_1,Estacional,2016-05-08,11.539602,XGBoost
FOODS_3_764,CA_1,Estacional,2016-05-09,6.9838476,XGBoost
FOODS_3_764,CA_1,Estacional,2016-05-10,5.8775997,XGBoost
FOODS_3_764,CA_1,Estacional,2016-05-11,5.938294,XGBoost
FOODS_3_764,CA_1,Estacional,2016-05-12,6.1202145,XGBoost
FOODS_3_764,CA_1,Estacional,2016-05-13,7.030972,XGBoost
FOODS_3_764,CA_1,Estacional,2016-05-14,9.6626625,XGBoost
FOODS_3_764,CA_1,Estacional,2016-05-15,11.426855,XGBoost
FOODS_3_764,CA_1,Estacional,2016-05-16,7.096449,XGBoost
FOODS_3_764,CA_1,Estacional,2016-05-17,6.0227747,XGBoost
FOODS_3_764,CA_1,Estacional,2016-05-18,5.8955135,XGBoost
FOODS_3_764,CA_1,Estacional,2016-05-19,6.1140246,XGBoost
FOODS_3_764,CA_1,Estacional,2016-05-20,6.9671597,XGBoost
FOODS_3_764,CA_1,Estacional,2016-05-21,8.770638,XGBoost
FOODS_3_764,CA_1,Estacional,2016-05-22,10.327231,XGBoost
FOODS_3_783,CA_1,Estacional,2016-04-25,3.5288358,XGBoost
FOODS_3_783,CA_1,Estacional,2016-04-26,3.5945494,XGBoost
FOODS_3_783,CA_1,Estacional,2016-04-27,3.4595373,XGBoost
FOODS_3_783,CA_1,Estacional,2016-04-28,3.5704186,XGBoost
FOODS_3_783,CA_1,Estacional,2016-04-29,4.415506,XGBoost
FOODS_3_783,CA_1,Estacional,2016-04-30,5.244988,XGBoost
FOODS_3_783,CA_1,Estacional,2016-05-01,6.5883183,XGBoost
FOODS_3_783,CA_1,Estacional,2016-05-02,3.7188237,XGBoost
FOODS_3_783,CA_1,Estacional,2016-05-03,3.749629,XGBoost
FOODS_3_783,CA_1,Estacional,2016-05-04,3.3512783,XGBoost
FOODS_3_783,CA_1,Estacional,2016-05-05,3.2773972,XGBoost
FOODS_3_783,CA_1,Estacional,2016-05-06,4.128804,XGBoost
FOODS_3_783,CA_1,Estacional,2016-05-07,5.3775325,XGBoost
FOODS_3_783,CA_1,Estacional,2016-05-08,6.049621,XGBoost
FOODS_3_783,CA_1,Estacional,2016-05-09,3.6301155,XGBoost
FOODS_3_783,CA_1,Estacional,2016-05-10,3.4850883,XGBoost
FOODS_3_783,CA_1,Estacional,2016-05-11,3.1344771,XGBoost
FOODS_3_783,CA_1,Estacional,2016-05-12,3.2235365,XGBoost
FOODS_3_783,CA_1,Estacional,2016-05-13,4.037857,XGBoost
FOODS_3_783,CA_1,Estacional,2016-05-14,5.517451,XGBoost
FOODS_3_783,CA_1,Estacional,2016-05-15,5.982623,XGBoost
FOODS_3_783,CA_1,Estacional,2016-05-16,3.2884202,XGBoost
FOODS_3_783,CA_1,Estacional,2016-05-17,3.0747833,XGBoost
FOODS_3_783,CA_1,Estacional,2016-05-18,2.9785888,XGBoost
FOODS_3_783,CA_1,Estacional,2016-05-19,3.2225976,XGBoost
FOODS_3_783,CA_1,Estacional,2016-05-20,3.9711459,XGBoost
FOODS_3_783,CA_1,Estacional,2016-05-21,5.329659,XGBoost
FOODS_3_783,CA_1,Estacional,2016-05-22,5.5904756,XGBoost
FOODS_3_793,CA_1,Estacional,2016-04-25,1.8563609,XGBoost
FOODS_3_793,CA_1,Estacional,2016-04-26,1.7170119,XGBoost
FOODS_3_793,CA_1,Estacional,2016-04-27,1.5432061,XGBoost
FOODS_3_793,CA_1,Estacional,2016-04-28,1.8428519,XGBoost
FOODS_3_793,CA_1,Estacional,2016-04-29,1.8136923,XGBoost
FOODS_3_793,CA_1,Estacional,2016-04-30,2.7121155,XGBoost
FOODS_3_793,CA_1,Estacional,2016-05-01,2.9032826,XGBoost
FOODS_3_793,CA_1,Estacional,2016-05-02,1.9260453,XGBoost
FOODS_3_793,CA_1,Estacional,2016-05-03,1.6253062,XGBoost
FOODS_3_793,CA_1,Estacional,2016-05-04,1.5859218,XGBoost
FOODS_3_793,CA_1,Estacional,2016-05-05,1.7114758,XGBoost
FOODS_3_793,CA_1,Estacional,2016-05-06,2.0669796,XGBoost
FOODS_3_793,CA_1,Estacional,2016-05-07,2.7347538,XGBoost
FOODS_3_793,CA_1,Estacional,2016-05-08,2.754025,XGBoost
FOODS_3_793,CA_1,Estacional,2016-05-09,1.7170736,XGBoost
FOODS_3_793,CA_1,Estacional,2016-05-10,1.5161535,XGBoost
FOODS_3_793,CA_1,Estacional,2016-05-11,1.5740901,XGBoost
FOODS_3_793,CA_1,Estacional,2016-05-12,1.5233568,XGBoost
FOODS_3_793,CA_1,Estacional,2016-05-13,1.9496951,XGBoost
FOODS_3_793,CA_1,Estacional,2016-05-14,2.7009232,XGBoost
FOODS_3_793,CA_1,Estacional,2016-05-15,2.754188,XGBoost
FOODS_3_793,CA_1,Estacional,2016-05-16,1.7134216,XGBoost
FOODS_3_793,CA_1,Estacional,2016-05-17,1.5583215,XGBoost
FOODS_3_793,CA_1,Estacional,2016-05-18,1.483505,XGBoost
FOODS_3_793,CA_1,Estacional,2016-05-19,1.5770628,XGBoost
FOODS_3_793,CA_1,Estacional,2016-05-20,1.7437856,XGBoost
FOODS_3_793,CA_1,Estacional,2016-05-21,2.5531898,XGBoost
FOODS_3_793,CA_1,Estacional,2016-05-22,2.5957372,XGBoost
FOODS_3_808,CA_1,Estacional,2016-04-25,0.2904508,XGBoost
FOODS_3_808,CA_1,Estacional,2016-04-26,0.16792439,XGBoost
FOODS_3_808,CA_1,Estacional,2016-04-27,0.183636,XGBoost
FOODS_3_808,CA_1,Estacional,2016-04-28,0.12163734,XGBoost
FOODS_3_808,CA_1,Estacional,2016-04-29,0.17226718,XGBoost
FOODS_3_808,CA_1,Estacional,2016-04-30,0.46154562,XGBoost
FOODS_3_808,CA_1,Estacional,2016-05-01,0.9471846,XGBoost
FOODS_3_808,CA_1,Estacional,2016-05-02,1.4173931,XGBoost
FOODS_3_808,CA_1,Estacional,2016-05-03,1.1424085,XGBoost
FOODS_3_808,CA_1,Estacional,2016-05-04,0.89487165,XGBoost
FOODS_3_808,CA_1,Estacional,2016-05-05,1.1968797,XGBoost
FOODS_3_808,CA_1,Estacional,2016-05-06,1.2739763,XGBoost
FOODS_3_808,CA_1,Estacional,2016-05-07,1.5514842,XGBoost
FOODS_3_808,CA_1,Estacional,2016-05-08,1.231616,XGBoost
FOODS_3_808,CA_1,Estacional,2016-05-09,0.97152436,XGBoost
FOODS_3_808,CA_1,Estacional,2016-05-10,0.8010222,XGBoost
FOODS_3_808,CA_1,Estacional,2016-05-11,0.80728656,XGBoost
FOODS_3_808,CA_1,Estacional,2016-05-12,0.8397496,XGBoost
FOODS_3_808,CA_1,Estacional,2016-05-13,1.0529764,XGBoost
FOODS_3_808,CA_1,Estacional,2016-05-14,1.3305455,XGBoost
FOODS_3_808,CA_1,Estacional,2016-05-15,1.2886983,XGBoost
FOODS_3_808,CA_1,Estacional,2016-05-16,0.98424095,XGBoost
FOODS_3_808,CA_1,Estacional,2016-05-17,0.87829256,XGBoost
FOODS_3_808,CA_1,Estacional,2016-05-18,0.87829256,XGBoost
FOODS_3_808,CA_1,Estacional,2016-05-19,0.9107556,XGBoost
FOODS_3_808,CA_1,Estacional,2016-05-20,1.0753968,XGBoost
FOODS_3_808,CA_1,Estacional,2016-05-21,1.6606238,XGBoost
FOODS_3_808,CA_1,Estacional,2016-05-22,1.3891915,XGBoost
FOODS_3_822,CA_1,Estacional,2016-04-25,2.5379946,XGBoost
FOODS_3_822,CA_1,Estacional,2016-04-26,2.4822702,XGBoost
FOODS_3_822,CA_1,Estacional,2016-04-27,2.6866238,XGBoost
FOODS_3_822,CA_1,Estacional,2016-04-28,2.4585032,XGBoost
FOODS_3_822,CA_1,Estacional,2016-04-29,3.407877,XGBoost
FOODS_3_822,CA_1,Estacional,2016-04-30,4.427905,XGBoost
FOODS_3_822,CA_1,Estacional,2016-05-01,4.238442,XGBoost
FOODS_3_822,CA_1,Estacional,2016-05-02,2.671074,XGBoost
FOODS_3_822,CA_1,Estacional,2016-05-03,2.5256467,XGBoost
FOODS_3_822,CA_1,Estacional,2016-05-04,2.5584974,XGBoost
FOODS_3_822,CA_1,Estacional,2016-05-05,2.3522842,XGBoost
FOODS_3_822,CA_1,Estacional,2016-05-06,2.9841855,XGBoost
FOODS_3_822,CA_1,Estacional,2016-05-07,4.155331,XGBoost
FOODS_3_822,CA_1,Estacional,2016-05-08,4.0846925,XGBoost
FOODS_3_822,CA_1,Estacional,2016-05-09,2.595498,XGBoost
FOODS_3_822,CA_1,Estacional,2016-05-10,2.3742156,XGBoost
FOODS_3_822,CA_1,Estacional,2016-05-11,2.6578045,XGBoost
FOODS_3_822,CA_1,Estacional,2016-05-12,2.3491325,XGBoost
FOODS_3_822,CA_1,Estacional,2016-05-13,2.8903356,XGBoost
FOODS_3_822,CA_1,Estacional,2016-05-14,3.9848251,XGBoost
FOODS_3_822,CA_1,Estacional,2016-05-15,4.246786,XGBoost
FOODS_3_822,CA_1,Estacional,2016-05-16,2.411104,XGBoost
FOODS_3_822,CA_1,Estacional,2016-05-17,2.4260678,XGBoost
FOODS_3_822,CA_1,Estacional,2016-05-18,2.329414,XGBoost
FOODS_3_822,CA_1,Estacional,2016-05-19,2.3480563,XGBoost
FOODS_3_822,CA_1,Estacional,2016-05-20,3.0512347,XGBoost
FOODS_3_822,CA_1,Estacional,2016-05-21,4.004491,XGBoost
FOODS_3_822,CA_1,Estacional,2016-05-22,4.0983405,XGBoost
HOBBIES_1_015,CA_2,Estacional,2016-04-25,5.038266,XGBoost
HOBBIES_1_015,CA_2,Estacional,2016-04-26,5.205019,XGBoost
HOBBIES_1_015,CA_2,Estacional,2016-04-27,5.616186,XGBoost
HOBBIES_1_015,CA_2,Estacional,2016-04-28,5.732384,XGBoost
HOBBIES_1_015,CA_2,Estacional,2016-04-29,7.3838367,XGBoost
HOBBIES_1_015,CA_2,Estacional,2016-04-30,11.237264,XGBoost
HOBBIES_1_015,CA_2,Estacional,2016-05-01,7.966571,XGBoost
HOBBIES_1_015,CA_2,Estacional,2016-05-02,5.0710583,XGBoost
HOBBIES_1_015,CA_2,Estacional,2016-05-03,5.2436957,XGBoost
HOBBIES_1_015,CA_2,Estacional,2016-05-04,5.3270764,XGBoost
HOBBIES_1_015,CA_2,Estacional,2016-05-05,5.378137,XGBoost
HOBBIES_1_015,CA_2,Estacional,2016-05-06,7.1070633,XGBoost
HOBBIES_1_015,CA_2,Estacional,2016-05-07,13.408527,XGBoost
HOBBIES_1_015,CA_2,Estacional,2016-05-08,8.069149,XGBoost
HOBBIES_1_015,CA_2,Estacional,2016-05-09,5.149169,XGBoost
HOBBIES_1_015,CA_2,Estacional,2016-05-10,5.089123,XGBoost
HOBBIES_1_015,CA_2,Estacional,2016-05-11,5.3088694,XGBoost
HOBBIES_1_015,CA_2,Estacional,2016-05-12,5.977372,XGBoost
HOBBIES_1_015,CA_2,Estacional,2016-05-13,7.2521634,XGBoost
HOBBIES_1_015,CA_2,Estacional,2016-05-14,10.380615,XGBoost
HOBBIES_1_015,CA_2,Estacional,2016-05-15,7.856705,XGBoost
HOBBIES_1_015,CA_2,Estacional,2016-05-16,5.4820614,XGBoost
HOBBIES_1_015,CA_2,Estacional,2016-05-17,5.222236,XGBoost
HOBBIES_1_015,CA_2,Estacional,2016-05-18,5.5413685,XGBoost
HOBBIES_1_015,CA_2,Estacional,2016-05-19,5.717174,XGBoost
HOBBIES_1_015,CA_2,Estacional,2016-05-20,7.234454,XGBoost
HOBBIES_1_015,CA_2,Estacional,2016-05-21,9.426109,XGBoost
HOBBIES_1_015,CA_2,Estacional,2016-05-22,8.289302,XGBoost
HOBBIES_1_032,CA_2,Estacional,2016-04-25,3.9282844,XGBoost
HOBBIES_1_032,CA_2,Estacional,2016-04-26,5.2419057,XGBoost
HOBBIES_1_032,CA_2,Estacional,2016-04-27,7.5231104,XGBoost
HOBBIES_1_032,CA_2,Estacional,2016-04-28,4.7492437,XGBoost
HOBBIES_1_032,CA_2,Estacional,2016-04-29,6.4373565,XGBoost
HOBBIES_1_032,CA_2,Estacional,2016-04-30,8.143814,XGBoost
HOBBIES_1_032,CA_2,Estacional,2016-05-01,7.200952,XGBoost
HOBBIES_1_032,CA_2,Estacional,2016-05-02,4.3274655,XGBoost
HOBBIES_1_032,CA_2,Estacional,2016-05-03,5.1481524,XGBoost
HOBBIES_1_032,CA_2,Estacional,2016-05-04,6.04995,XGBoost
HOBBIES_1_032,CA_2,Estacional,2016-05-05,4.8437343,XGBoost
HOBBIES_1_032,CA_2,Estacional,2016-05-06,5.6594353,XGBoost
HOBBIES_1_032,CA_2,Estacional,2016-05-07,7.8573055,XGBoost
HOBBIES_1_032,CA_2,Estacional,2016-05-08,6.922413,XGBoost
HOBBIES_1_032,CA_2,Estacional,2016-05-09,5.1173024,XGBoost
HOBBIES_1_032,CA_2,Estacional,2016-05-10,4.759961,XGBoost
HOBBIES_1_032,CA_2,Estacional,2016-05-11,5.7801137,XGBoost
HOBBIES_1_032,CA_2,Estacional,2016-05-12,4.6886625,XGBoost
HOBBIES_1_032,CA_2,Estacional,2016-05-13,5.549688,XGBoost
HOBBIES_1_032,CA_2,Estacional,2016-05-14,7.5858006,XGBoost
HOBBIES_1_032,CA_2,Estacional,2016-05-15,6.631798,XGBoost
HOBBIES_1_032,CA_2,Estacional,2016-05-16,4.564488,XGBoost
HOBBIES_1_032,CA_2,Estacional,2016-05-17,4.57449,XGBoost
HOBBIES_1_032,CA_2,Estacional,2016-05-18,6.695494,XGBoost
HOBBIES_1_032,CA_2,Estacional,2016-05-19,4.792825,XGBoost
HOBBIES_1_032,CA_2,Estacional,2016-05-20,6.397493,XGBoost
HOBBIES_1_032,CA_2,Estacional,2016-05-21,7.6288147,XGBoost
HOBBIES_1_032,CA_2,Estacional,2016-05-22,6.585935,XGBoost
HOBBIES_1_067,CA_2,Estacional,2016-04-25,1.5905825,XGBoost
HOBBIES_1_067,CA_2,Estacional,2016-04-26,1.6213405,XGBoost
HOBBIES_1_067,CA_2,Estacional,2016-04-27,1.5601429,XGBoost
HOBBIES_1_067,CA_2,Estacional,2016-04-28,1.7534934,XGBoost
HOBBIES_1_067,CA_2,Estacional,2016-04-29,2.5376937,XGBoost
HOBBIES_1_067,CA_2,Estacional,2016-04-30,4.267149,XGBoost
HOBBIES_1_067,CA_2,Estacional,2016-05-01,2.6068423,XGBoost
HOBBIES_1_067,CA_2,Estacional,2016-05-02,1.5709875,XGBoost
HOBBIES_1_067,CA_2,Estacional,2016-05-03,1.7748395,XGBoost
HOBBIES_1_067,CA_2,Estacional,2016-05-04,1.6031442,XGBoost
HOBBIES_1_067,CA_2,Estacional,2016-05-05,1.7754698,XGBoost
HOBBIES_1_067,CA_2,Estacional,2016-05-06,2.1004653,XGBoost
HOBBIES_1_067,CA_2,Estacional,2016-05-07,3.2230968,XGBoost
HOBBIES_1_067,CA_2,Estacional,2016-05-08,2.600466,XGBoost
HOBBIES_1_067,CA_2,Estacional,2016-05-09,1.6597517,XGBoost
HOBBIES_1_067,CA_2,Estacional,2016-05-10,1.5378354,XGBoost
HOBBIES_1_067,CA_2,Estacional,2016-05-11,1.5378354,XGBoost
HOBBIES_1_067,CA_2,Estacional,2016-05-12,1.5702984,XGBoost
HOBBIES_1_067,CA_2,Estacional,2016-05-13,2.294258,XGBoost
HOBBIES_1_067,CA_2,Estacional,2016-05-14,3.645562,XGBoost
HOBBIES_1_067,CA_2,Estacional,2016-05-15,2.7658556,XGBoost
HOBBIES_1_067,CA_2,Estacional,2016-05-16,1.7417136,XGBoost
HOBBIES_1_067,CA_2,Estacional,2016-05-17,1.5516474,XGBoost
HOBBIES_1_067,CA_2,Estacional,2016-05-18,1.6703335,XGBoost
HOBBIES_1_067,CA_2,Estacional,2016-05-19,1.5841105,XGBoost
HOBBIES_1_067,CA_2,Estacional,2016-05-20,2.5193453,XGBoost
HOBBIES_1_067,CA_2,Estacional,2016-05-21,3.3875844,XGBoost
HOBBIES_1_067,CA_2,Estacional,2016-05-22,2.6594753,XGBoost
HOBBIES_1_179,CA_2,Estacional,2016-04-25,0.98173696,XGBoost
HOBBIES_1_179,CA_2,Estacional,2016-04-26,0.6114677,XGBoost
HOBBIES_1_179,CA_2,Estacional,2016-04-27,0.69647884,XGBoost
HOBBIES_1_179,CA_2,Estacional,2016-04-28,0.8552318,XGBoost
HOBBIES_1_179,CA_2,Estacional,2016-04-29,1.0752053,XGBoost
HOBBIES_1_179,CA_2,Estacional,2016-04-30,1.4020271,XGBoost
HOBBIES_1_179,CA_2,Estacional,2016-05-01,1.2792747,XGBoost
HOBBIES_1_179,CA_2,Estacional,2016-05-02,0.96269065,XGBoost
HOBBIES_1_179,CA_2,Estacional,2016-05-03,0.8067499,XGBoost
HOBBIES_1_179,CA_2,Estacional,2016-05-04,0.904431,XGBoost
HOBBIES_1_179,CA_2,Estacional,2016-05-05,0.8827387,XGBoost
HOBBIES_1_179,CA_2,Estacional,2016-05-06,1.081327,XGBoost
HOBBIES_1_179,CA_2,Estacional,2016-05-07,1.4656324,XGBoost
HOBBIES_1_179,CA_2,Estacional,2016-05-08,1.4212669,XGBoost
HOBBIES_1_179,CA_2,Estacional,2016-05-09,0.97068554,XGBoost
HOBBIES_1_179,CA_2,Estacional,2016-05-10,0.7993725,XGBoost
HOBBIES_1_179,CA_2,Estacional,2016-05-11,0.7993725,XGBoost
HOBBIES_1_179,CA_2,Estacional,2016-05-12,0.8475472,XGBoost
HOBBIES_1_179,CA_2,Estacional,2016-05-13,1.08819,XGBoost
HOBBIES_1_179,CA_2,Estacional,2016-05-14,1.3496748,XGBoost
HOBBIES_1_179,CA_2,Estacional,2016-05-15,1.3078276,XGBoost
HOBBIES_1_179,CA_2,Estacional,2016-05-16,0.94453514,XGBoost
HOBBIES_1_179,CA_2,Estacional,2016-05-17,0.7728154,XGBoost
HOBBIES_1_179,CA_2,Estacional,2016-05-18,0.8227276,XGBoost
HOBBIES_1_179,CA_2,Estacional,2016-05-19,0.89440477,XGBoost
HOBBIES_1_179,CA_2,Estacional,2016-05-20,1.1568946,XGBoost
HOBBIES_1_179,CA_2,Estacional,2016-05-21,1.442835,XGBoost
HOBBIES_1_179,CA_2,Estacional,2016-05-22,1.3078276,XGBoost
HOUSEHOLD_1_011,CA_2,Estacional,2016-04-25,1.3797367,XGBoost
HOUSEHOLD_1_011,CA_2,Estacional,2016-04-26,1.0967549,XGBoost
HOUSEHOLD_1_011,CA_2,Estacional,2016-04-27,1.1416329,XGBoost
HOUSEHOLD_1_011,CA_2,Estacional,2016-04-28,1.1613517,XGBoost
HOUSEHOLD_1_011,CA_2,Estacional,2016-04-29,1.4443932,XGBoost
HOUSEHOLD_1_011,CA_2,Estacional,2016-04-30,2.147168,XGBoost
HOUSEHOLD_1_011,CA_2,Estacional,2016-05-01,1.8888443,XGBoost
HOUSEHOLD_1_011,CA_2,Estacional,2016-05-02,1.3018241,XGBoost
HOUSEHOLD_1_011,CA_2,Estacional,2016-05-03,1.1729518,XGBoost
HOUSEHOLD_1_011,CA_2,Estacional,2016-05-04,1.0853084,XGBoost
HOUSEHOLD_1_011,CA_2,Estacional,2016-05-05,1.1866119,XGBoost
HOUSEHOLD_1_011,CA_2,Estacional,2016-05-06,1.2986094,XGBoost
HOUSEHOLD_1_011,CA_2,Estacional,2016-05-07,2.2253158,XGBoost
HOUSEHOLD_1_011,CA_2,Estacional,2016-05-08,1.9290268,XGBoost
HOUSEHOLD_1_011,CA_2,Estacional,2016-05-09,1.2552855,XGBoost
HOUSEHOLD_1_011,CA_2,Estacional,2016-05-10,1.159839,XGBoost
HOUSEHOLD_1_011,CA_2,Estacional,2016-05-11,1.1350902,XGBoost
HOUSEHOLD_1_011,CA_2,Estacional,2016-05-12,1.2212375,XGBoost
HOUSEHOLD_1_011,CA_2,Estacional,2016-05-13,1.4561615,XGBoost
HOUSEHOLD_1_011,CA_2,Estacional,2016-05-14,1.9626532,XGBoost
HOUSEHOLD_1_011,CA_2,Estacional,2016-05-15,1.7709372,XGBoost
HOUSEHOLD_1_011,CA_2,Estacional,2016-05-16,1.2959896,XGBoost
HOUSEHOLD_1_011,CA_2,Estacional,2016-05-17,1.0678648,XGBoost
HOUSEHOLD_1_011,CA_2,Estacional,2016-05-18,1.0374521,XGBoost
HOUSEHOLD_1_011,CA_2,Estacional,2016-05-19,1.0699152,XGBoost
HOUSEHOLD_1_011,CA_2,Estacional,2016-05-20,1.2920946,XGBoost
HOUSEHOLD_1_011,CA_2,Estacional,2016-05-21,1.9871285,XGBoost
HOUSEHOLD_1_011,CA_2,Estacional,2016-05-22,1.7067116,XGBoost
HOUSEHOLD_1_025,CA_2,Estacional,2016-04-25,1.5670669,XGBoost
HOUSEHOLD_1_025,CA_2,Estacional,2016-04-26,1.5391461,XGBoost
HOUSEHOLD_1_025,CA_2,Estacional,2016-04-27,1.3555766,XGBoost
HOUSEHOLD_1_025,CA_2,Estacional,2016-04-28,1.4358599,XGBoost
HOUSEHOLD_1_025,CA_2,Estacional,2016-04-29,1.7602456,XGBoost
HOUSEHOLD_1_025,CA_2,Estacional,2016-04-30,2.618679,XGBoost
HOUSEHOLD_1_025,CA_2,Estacional,2016-05-01,2.6393852,XGBoost
HOUSEHOLD_1_025,CA_2,Estacional,2016-05-02,1.5413923,XGBoost
HOUSEHOLD_1_025,CA_2,Estacional,2016-05-03,1.5318578,XGBoost
HOUSEHOLD_1_025,CA_2,Estacional,2016-05-04,1.2987031,XGBoost
HOUSEHOLD_1_025,CA_2,Estacional,2016-05-05,1.3178664,XGBoost
HOUSEHOLD_1_025,CA_2,Estacional,2016-05-06,1.5520993,XGBoost
HOUSEHOLD_1_025,CA_2,Estacional,2016-05-07,2.3993165,XGBoost
HOUSEHOLD_1_025,CA_2,Estacional,2016-05-08,2.2972953,XGBoost
HOUSEHOLD_1_025,CA_2,Estacional,2016-05-09,1.512908,XGBoost
HOUSEHOLD_1_025,CA_2,Estacional,2016-05-10,1.3734767,XGBoost
HOUSEHOLD_1_025,CA_2,Estacional,2016-05-11,1.4007722,XGBoost
HOUSEHOLD_1_025,CA_2,Estacional,2016-05-12,1.3940212,XGBoost
HOUSEHOLD_1_025,CA_2,Estacional,2016-05-13,1.6539855,XGBoost
HOUSEHOLD_1_025,CA_2,Estacional,2016-05-14,2.376649,XGBoost
HOUSEHOLD_1_025,CA_2,Estacional,2016-05-15,2.3841863,XGBoost
HOUSEHOLD_1_025,CA_2,Estacional,2016-05-16,1.4834744,XGBoost
HOUSEHOLD_1_025,CA_2,Estacional,2016-05-17,1.5086238,XGBoost
HOUSEHOLD_1_025,CA_2,Estacional,2016-05-18,1.3760234,XGBoost
HOUSEHOLD_1_025,CA_2,Estacional,2016-05-19,1.4621711,XGBoost
HOUSEHOLD_1_025,CA_2,Estacional,2016-05-20,1.6814164,XGBoost
HOUSEHOLD_1_025,CA_2,Estacional,2016-05-21,2.4532416,XGBoost
HOUSEHOLD_1_025,CA_2,Estacional,2016-05-22,2.4682791,XGBoost
HOUSEHOLD_1_038,CA_2,Estacional,2016-04-25,0.824066,XGBoost
HOUSEHOLD_1_038,CA_2,Estacional,2016-04-26,0.64747846,XGBoost
HOUSEHOLD_1_038,CA_2,Estacional,2016-04-27,0.7293378,XGBoost
HOUSEHOLD_1_038,CA_2,Estacional,2016-04-28,0.7697256,XGBoost
HOUSEHOLD_1_038,CA_2,Estacional,2016-04-29,0.7277813,XGBoost
HOUSEHOLD_1_038,CA_2,Estacional,2016-04-30,1.3314171,XGBoost
HOUSEHOLD_1_038,CA_2,Estacional,2016-05-01,1.0938797,XGBoost
HOUSEHOLD_1_038,CA_2,Estacional,2016-05-02,0.8613242,XGBoost
HOUSEHOLD_1_038,CA_2,Estacional,2016-05-03,0.72881883,XGBoost
HOUSEHOLD_1_038,CA_2,Estacional,2016-05-04,0.78025156,XGBoost
HOUSEHOLD_1_038,CA_2,Estacional,2016-05-05,0.78908896,XGBoost
HOUSEHOLD_1_038,CA_2,Estacional,2016-05-06,0.91129726,XGBoost
HOUSEHOLD_1_038,CA_2,Estacional,2016-05-07,1.2565956,XGBoost
HOUSEHOLD_1_038,CA_2,Estacional,2016-05-08,1.0811354,XGBoost
HOUSEHOLD_1_038,CA_2,Estacional,2016-05-09,0.8347672,XGBoost
HOUSEHOLD_1_038,CA_2,Estacional,2016-05-10,0.72881883,XGBoost
HOUSEHOLD_1_038,CA_2,Estacional,2016-05-11,0.74156314,XGBoost
HOUSEHOLD_1_038,CA_2,Estacional,2016-05-12,0.7757472,XGBoost
HOUSEHOLD_1_038,CA_2,Estacional,2016-05-13,0.9939125,XGBoost
HOUSEHOLD_1_038,CA_2,Estacional,2016-05-14,1.1709363,XGBoost
HOUSEHOLD_1_038,CA_2,Estacional,2016-05-15,1.1476455,XGBoost
HOUSEHOLD_1_038,CA_2,Estacional,2016-05-16,0.8142904,XGBoost
HOUSEHOLD_1_038,CA_2,Estacional,2016-05-17,0.7083419,XGBoost
HOUSEHOLD_1_038,CA_2,Estacional,2016-05-18,0.7083419,XGBoost
HOUSEHOLD_1_038,CA_2,Estacional,2016-05-19,0.7408049,XGBoost
HOUSEHOLD_1_038,CA_2,Estacional,2016-05-20,0.89082044,XGBoost
HOUSEHOLD_1_038,CA_2,Estacional,2016-05-21,1.2863195,XGBoost
HOUSEHOLD_1_038,CA_2,Estacional,2016-05-22,1.1133776,XGBoost
HOUSEHOLD_1_045,CA_2,Estacional,2016-04-25,2.524974,XGBoost
HOUSEHOLD_1_045,CA_2,Estacional,2016-04-26,2.2896128,XGBoost
HOUSEHOLD_1_045,CA_2,Estacional,2016-04-27,2.2871866,XGBoost
HOUSEHOLD_1_045,CA_2,Estacional,2016-04-28,2.2037427,XGBoost
HOUSEHOLD_1_045,CA_2,Estacional,2016-04-29,2.8671913,XGBoost
HOUSEHOLD_1_045,CA_2,Estacional,2016-04-30,4.2696376,XGBoost
HOUSEHOLD_1_045,CA_2,Estacional,2016-05-01,3.7568789,XGBoost
HOUSEHOLD_1_045,CA_2,Estacional,2016-05-02,2.5356426,XGBoost
HOUSEHOLD_1_045,CA_2,Estacional,2016-05-03,2.1784043,XGBoost
HOUSEHOLD_1_045,CA_2,Estacional,2016-05-04,2.2903755,XGBoost
HOUSEHOLD_1_045,CA_2,Estacional,2016-05-05,2.4444146,XGBoost
HOUSEHOLD_1_045,CA_2,Estacional,2016-05-06,2.734347,XGBoost
HOUSEHOLD_1_045,CA_2,Estacional,2016-05-07,4.281711,XGBoost
HOUSEHOLD_1_045,CA_2,Estacional,2016-05-08,4.0744605,XGBoost
HOUSEHOLD_1_045,CA_2,Estacional,2016-05-09,2.3159077,XGBoost
HOUSEHOLD_1_045,CA_2,Estacional,2016-05-10,2.2048552,XGBoost
HOUSEHOLD_1_045,CA_2,Estacional,2016-05-11,2.3459742,XGBoost
HOUSEHOLD_1_045,CA_2,Estacional,2016-05-12,2.3309555,XGBoost
HOUSEHOLD_1_045,CA_2,Estacional,2016-05-13,2.8998094,XGBoost
HOUSEHOLD_1_045,CA_2,Estacional,2016-05-14,3.9849794,XGBoost
HOUSEHOLD_1_045,CA_2,Estacional,2016-05-15,3.692661,XGBoost
HOUSEHOLD_1_045,CA_2,Estacional,2016-05-16,2.2648437,XGBoost
HOUSEHOLD_1_045,CA_2,Estacional,2016-05-17,2.2778542,XGBoost
HOUSEHOLD_1_045,CA_2,Estacional,2016-05-18,2.2418156,XGBoost
HOUSEHOLD_1_045,CA_2,Estacional,2016-05-19,2.1371644,XGBoost
HOUSEHOLD_1_045,CA_2,Estacional,2016-05-20,2.776832,XGBoost
HOUSEHOLD_1_045,CA_2,Estacional,2016-05-21,4.2137604,XGBoost
HOUSEHOLD_1_045,CA_2,Estacional,2016-05-22,3.5769727,XGBoost
HOUSEHOLD_1_048,CA_2,Estacional,2016-04-25,1.8545662,XGBoost
HOUSEHOLD_1_048,CA_2,Estacional,2016-04-26,1.5983258,XGBoost
HOUSEHOLD_1_048,CA_2,Estacional,2016-04-27,1.8510654,XGBoost
HOUSEHOLD_1_048,CA_2,Estacional,2016-04-28,1.6597145,XGBoost
HOUSEHOLD_1_048,CA_2,Estacional,2016-04-29,1.7739662,XGBoost
HOUSEHOLD_1_048,CA_2,Estacional,2016-04-30,2.7448783,XGBoost
HOUSEHOLD_1_048,CA_2,Estacional,2016-05-01,2.6669424,XGBoost
HOUSEHOLD_1_048,CA_2,Estacional,2016-05-02,1.9137354,XGBoost
HOUSEHOLD_1_048,CA_2,Estacional,2016-05-03,1.5335255,XGBoost
HOUSEHOLD_1_048,CA_2,Estacional,2016-05-04,1.5848202,XGBoost
HOUSEHOLD_1_048,CA_2,Estacional,2016-05-05,1.6682212,XGBoost
HOUSEHOLD_1_048,CA_2,Estacional,2016-05-06,1.8501834,XGBoost
HOUSEHOLD_1_048,CA_2,Estacional,2016-05-07,2.84445,XGBoost
HOUSEHOLD_1_048,CA_2,Estacional,2016-05-08,2.5500083,XGBoost
HOUSEHOLD_1_048,CA_2,Estacional,2016-05-09,1.7241151,XGBoost
HOUSEHOLD_1_048,CA_2,Estacional,2016-05-10,1.5177383,XGBoost
HOUSEHOLD_1_048,CA_2,Estacional,2016-05-11,1.5171572,XGBoost
HOUSEHOLD_1_048,CA_2,Estacional,2016-05-12,1.5496203,XGBoost
HOUSEHOLD_1_048,CA_2,Estacional,2016-05-13,2.004579,XGBoost
HOUSEHOLD_1_048,CA_2,Estacional,2016-05-14,2.7118497,XGBoost
HOUSEHOLD_1_048,CA_2,Estacional,2016-05-15,2.4835222,XGBoost
HOUSEHOLD_1_048,CA_2,Estacional,2016-05-16,1.8412973,XGBoost
HOUSEHOLD_1_048,CA_2,Estacional,2016-05-17,1.5641768,XGBoost
HOUSEHOLD_1_048,CA_2,Estacional,2016-05-18,1.7427113,XGBoost
HOUSEHOLD_1_048,CA_2,Estacional,2016-05-19,1.5443869,XGBoost
HOUSEHOLD_1_048,CA_2,Estacional,2016-05-20,1.8886894,XGBoost
HOUSEHOLD_1_048,CA_2,Estacional,2016-05-21,2.4896321,XGBoost
HOUSEHOLD_1_048,CA_2,Estacional,2016-05-22,2.6537719,XGBoost
HOUSEHOLD_1_055,CA_2,Estacional,2016-04-25,2.8407469,XGBoost
HOUSEHOLD_1_055,CA_2,Estacional,2016-04-26,2.795894,XGBoost
HOUSEHOLD_1_055,CA_2,Estacional,2016-04-27,2.4812331,XGBoost
HOUSEHOLD_1_055,CA_2,Estacional,2016-04-28,2.6423583,XGBoost
HOUSEHOLD_1_055,CA_2,Estacional,2016-04-29,3.770686,XGBoost
HOUSEHOLD_1_055,CA_2,Estacional,2016-04-30,4.79489,XGBoost
HOUSEHOLD_1_055,CA_2,Estacional,2016-05-01,4.7736545,XGBoost
HOUSEHOLD_1_055,CA_2,Estacional,2016-05-02,2.9685287,XGBoost
HOUSEHOLD_1_055,CA_2,Estacional,2016-05-03,2.7190118,XGBoost
HOUSEHOLD_1_055,CA_2,Estacional,2016-05-04,2.4269998,XGBoost
HOUSEHOLD_1_055,CA_2,Estacional,2016-05-05,2.7566257,XGBoost
HOUSEHOLD_1_055,CA_2,Estacional,2016-05-06,3.4142127,XGBoost
HOUSEHOLD_1_055,CA_2,Estacional,2016-05-07,4.7409205,XGBoost
HOUSEHOLD_1_055,CA_2,Estacional,2016-05-08,4.328951,XGBoost
HOUSEHOLD_1_055,CA_2,Estacional,2016-05-09,2.8613122,XGBoost
HOUSEHOLD_1_055,CA_2,Estacional,2016-05-10,2.708245,XGBoost
HOUSEHOLD_1_055,CA_2,Estacional,2016-05-11,2.6561177,XGBoost
HOUSEHOLD_1_055,CA_2,Estacional,2016-05-12,2.5378435,XGBoost
HOUSEHOLD_1_055,CA_2,Estacional,2016-05-13,3.5460887,XGBoost
HOUSEHOLD_1_055,CA_2,Estacional,2016-05-14,4.3984675,XGBoost
HOUSEHOLD_1_055,CA_2,Estacional,2016-05-15,4.293012,XGBoost
HOUSEHOLD_1_055,CA_2,Estacional,2016-05-16,2.7985175,XGBoost
HOUSEHOLD_1_055,CA_2,Estacional,2016-05-17,2.5384696,XGBoost
HOUSEHOLD_1_055,CA_2,Estacional,2016-05-18,2.4794383,XGBoost
HOUSEHOLD_1_055,CA_2,Estacional,2016-05-19,2.4842117,XGBoost
HOUSEHOLD_1_055,CA_2,Estacional,2016-05-20,3.3052692,XGBoost
HOUSEHOLD_1_055,CA_2,Estacional,2016-05-21,4.409399,XGBoost
HOUSEHOLD_1_055,CA_2,Estacional,2016-05-22,4.452053,XGBoost
HOUSEHOLD_1_072,CA_2,Estacional,2016-04-25,3.005949,XGBoost
HOUSEHOLD_1_072,CA_2,Estacional,2016-04-26,2.370377,XGBoost
HOUSEHOLD_1_072,CA_2,Estacional,2016-04-27,2.297864,XGBoost
HOUSEHOLD_1_072,CA_2,Estacional,2016-04-28,2.654633,XGBoost
HOUSEHOLD_1_072,CA_2,Estacional,2016-04-29,3.210916,XGBoost
HOUSEHOLD_1_072,CA_2,Estacional,2016-04-30,4.7127466,XGBoost
HOUSEHOLD_1_072,CA_2,Estacional,2016-05-01,3.7010763,XGBoost
HOUSEHOLD_1_072,CA_2,Estacional,2016-05-02,2.6751163,XGBoost
HOUSEHOLD_1_072,CA_2,Estacional,2016-05-03,2.226213,XGBoost
HOUSEHOLD_1_072,CA_2,Estacional,2016-05-04,2.4310813,XGBoost
HOUSEHOLD_1_072,CA_2,Estacional,2016-05-05,2.4052808,XGBoost
HOUSEHOLD_1_072,CA_2,Estacional,2016-05-06,3.038253,XGBoost
HOUSEHOLD_1_072,CA_2,Estacional,2016-05-07,4.477857,XGBoost
HOUSEHOLD_1_072,CA_2,Estacional,2016-05-08,3.6613598,XGBoost
HOUSEHOLD_1_072,CA_2,Estacional,2016-05-09,2.5025089,XGBoost
HOUSEHOLD_1_072,CA_2,Estacional,2016-05-10,2.1310165,XGBoost
HOUSEHOLD_1_072,CA_2,Estacional,2016-05-11,2.4950943,XGBoost
HOUSEHOLD_1_072,CA_2,Estacional,2016-05-12,2.259439,XGBoost
HOUSEHOLD_1_072,CA_2,Estacional,2016-05-13,2.7748137,XGBoost
HOUSEHOLD_1_072,CA_2,Estacional,2016-05-14,4.184554,XGBoost
HOUSEHOLD_1_072,CA_2,Estacional,2016-05-15,3.7427564,XGBoost
HOUSEHOLD_1_072,CA_2,Estacional,2016-05-16,2.5170457,XGBoost
HOUSEHOLD_1_072,CA_2,Estacional,2016-05-17,2.226213,XGBoost
HOUSEHOLD_1_072,CA_2,Estacional,2016-05-18,2.3809445,XGBoost
HOUSEHOLD_1_072,CA_2,Estacional,2016-05-19,2.3611085,XGBoost
HOUSEHOLD_1_072,CA_2,Estacional,2016-05-20,2.7950974,XGBoost
HOUSEHOLD_1_072,CA_2,Estacional,2016-05-21,4.3137517,XGBoost
HOUSEHOLD_1_072,CA_2,Estacional,2016-05-22,3.7762196,XGBoost
HOUSEHOLD_1_083,CA_2,Estacional,2016-04-25,3.1041868,XGBoost
HOUSEHOLD_1_083,CA_2,Estacional,2016-04-26,2.3852575,XGBoost
HOUSEHOLD_1_083,CA_2,Estacional,2016-04-27,2.5751984,XGBoost
HOUSEHOLD_1_083,CA_2,Estacional,2016-04-28,2.663046,XGBoost
HOUSEHOLD_1_083,CA_2,Estacional,2016-04-29,3.9063861,XGBoost
HOUSEHOLD_1_083,CA_2,Estacional,2016-04-30,4.573024,XGBoost
HOUSEHOLD_1_083,CA_2,Estacional,2016-05-01,4.154614,XGBoost
HOUSEHOLD_1_083,CA_2,Estacional,2016-05-02,2.857075,XGBoost
HOUSEHOLD_1_083,CA_2,Estacional,2016-05-03,2.6198275,XGBoost
HOUSEHOLD_1_083,CA_2,Estacional,2016-05-04,2.7262166,XGBoost
HOUSEHOLD_1_083,CA_2,Estacional,2016-05-05,2.5977626,XGBoost
HOUSEHOLD_1_083,CA_2,Estacional,2016-05-06,4.138681,XGBoost
HOUSEHOLD_1_083,CA_2,Estacional,2016-05-07,5.0026164,XGBoost
HOUSEHOLD_1_083,CA_2,Estacional,2016-05-08,3.9705245,XGBoost
HOUSEHOLD_1_083,CA_2,Estacional,2016-05-09,3.0613708,XGBoost
HOUSEHOLD_1_083,CA_2,Estacional,2016-05-10,2.6994693,XGBoost
HOUSEHOLD_1_083,CA_2,Estacional,2016-05-11,2.6560135,XGBoost
HOUSEHOLD_1_083,CA_2,Estacional,2016-05-12,2.5375645,XGBoost
HOUSEHOLD_1_083,CA_2,Estacional,2016-05-13,3.7219002,XGBoost
HOUSEHOLD_1_083,CA_2,Estacional,2016-05-14,4.5678763,XGBoost
HOUSEHOLD_1_083,CA_2,Estacional,2016-05-15,4.102911,XGBoost
HOUSEHOLD_1_083,CA_2,Estacional,2016-05-16,3.0729575,XGBoost
HOUSEHOLD_1_083,CA_2,Estacional,2016-05-17,2.4992502,XGBoost
HOUSEHOLD_1_083,CA_2,Estacional,2016-05-18,2.529172,XGBoost
HOUSEHOLD_1_083,CA_2,Estacional,2016-05-19,2.6346383,XGBoost
HOUSEHOLD_1_083,CA_2,Estacional,2016-05-20,3.6315148,XGBoost
HOUSEHOLD_1_083,CA_2,Estacional,2016-05-21,4.5850534,XGBoost
HOUSEHOLD_1_083,CA_2,Estacional,2016-05-22,4.045471,XGBoost
HOUSEHOLD_1_087,CA_2,Estacional,2016-04-25,0.75367683,XGBoost
HOUSEHOLD_1_087,CA_2,Estacional,2016-04-26,0.64772844,XGBoost
HOUSEHOLD_1_087,CA_2,Estacional,2016-04-27,0.6314702,XGBoost
HOUSEHOLD_1_087,CA_2,Estacional,2016-04-28,0.71635574,XGBoost
HOUSEHOLD_1_087,CA_2,Estacional,2016-04-29,0.86115015,XGBoost
HOUSEHOLD_1_087,CA_2,Estacional,2016-04-30,1.0599545,XGBoost
HOUSEHOLD_1_087,CA_2,Estacional,2016-05-01,1.0312009,XGBoost
HOUSEHOLD_1_087,CA_2,Estacional,2016-05-02,0.79803216,XGBoost
HOUSEHOLD_1_087,CA_2,Estacional,2016-05-03,0.6920838,XGBoost
HOUSEHOLD_1_087,CA_2,Estacional,2016-05-04,0.6920838,XGBoost
HOUSEHOLD_1_087,CA_2,Estacional,2016-05-05,0.72579694,XGBoost
HOUSEHOLD_1_087,CA_2,Estacional,2016-05-06,0.90177196,XGBoost
HOUSEHOLD_1_087,CA_2,Estacional,2016-05-07,1.3249958,XGBoost
HOUSEHOLD_1_087,CA_2,Estacional,2016-05-08,1.1073455,XGBoost
HOUSEHOLD_1_087,CA_2,Estacional,2016-05-09,0.79803216,XGBoost
HOUSEHOLD_1_087,CA_2,Estacional,2016-05-10,0.6920838,XGBoost
HOUSEHOLD_1_087,CA_2,Estacional,2016-05-11,0.6920838,XGBoost
HOUSEHOLD_1_087,CA_2,Estacional,2016-05-12,0.7245468,XGBoost
HOUSEHOLD_1_087,CA_2,Estacional,2016-05-13,0.8745623,XGBoost
HOUSEHOLD_1_087,CA_2,Estacional,2016-05-14,1.1389667,XGBoost
HOUSEHOLD_1_087,CA_2,Estacional,2016-05-15,1.0971195,XGBoost
HOUSEHOLD_1_087,CA_2,Estacional,2016-05-16,0.79803216,XGBoost
HOUSEHOLD_1_087,CA_2,Estacional,2016-05-17,0.6920838,XGBoost
HOUSEHOLD_1_087,CA_2,Estacional,2016-05-18,0.7083419,XGBoost
HOUSEHOLD_1_087,CA_2,Estacional,2016-05-19,0.7408049,XGBoost
HOUSEHOLD_1_087,CA_2,Estacional,2016-05-20,0.9052858,XGBoost
HOUSEHOLD_1_087,CA_2,Estacional,2016-05-21,1.1552248,XGBoost
HOUSEHOLD_1_087,CA_2,Estacional,2016-05-22,1.1133776,XGBoost
HOUSEHOLD_1_114,CA_2,Estacional,2016-04-25,3.0666504,XGBoost
HOUSEHOLD_1_114,CA_2,Estacional,2016-04-26,3.191654,XGBoost
HOUSEHOLD_1_114,CA_2,Estacional,2016-04-27,3.1130333,XGBoost
HOUSEHOLD_1_114,CA_2,Estacional,2016-04-28,3.4680262,XGBoost
HOUSEHOLD_1_114,CA_2,Estacional,2016-04-29,3.8462553,XGBoost
HOUSEHOLD_1_114,CA_2,Estacional,2016-04-30,5.3293905,XGBoost
HOUSEHOLD_1_114,CA_2,Estacional,2016-05-01,4.8387723,XGBoost
HOUSEHOLD_1_114,CA_2,Estacional,2016-05-02,3.038989,XGBoost
HOUSEHOLD_1_114,CA_2,Estacional,2016-05-03,3.0823205,XGBoost
HOUSEHOLD_1_114,CA_2,Estacional,2016-05-04,2.8571687,XGBoost
HOUSEHOLD_1_114,CA_2,Estacional,2016-05-05,3.0720181,XGBoost
HOUSEHOLD_1_114,CA_2,Estacional,2016-05-06,3.895115,XGBoost
HOUSEHOLD_1_114,CA_2,Estacional,2016-05-07,5.0276494,XGBoost
HOUSEHOLD_1_114,CA_2,Estacional,2016-05-08,4.418345,XGBoost
HOUSEHOLD_1_114,CA_2,Estacional,2016-05-09,3.1553035,XGBoost
HOUSEHOLD_1_114,CA_2,Estacional,2016-05-10,3.1832583,XGBoost
HOUSEHOLD_1_114,CA_2,Estacional,2016-05-11,2.909337,XGBoost
HOUSEHOLD_1_114,CA_2,Estacional,2016-05-12,2.9121704,XGBoost
HOUSEHOLD_1_114,CA_2,Estacional,2016-05-13,3.7128286,XGBoost
HOUSEHOLD_1_114,CA_2,Estacional,2016-05-14,5.0041437,XGBoost
HOUSEHOLD_1_114,CA_2,Estacional,2016-05-15,4.4910226,XGBoost
HOUSEHOLD_1_114,CA_2,Estacional,2016-05-16,2.86787,XGBoost
HOUSEHOLD_1_114,CA_2,Estacional,2016-05-17,2.8370879,XGBoost
HOUSEHOLD_1_114,CA_2,Estacional,2016-05-18,2.7534533,XGBoost
HOUSEHOLD_1_114,CA_2,Estacional,2016-05-19,3.2310398,XGBoost
HOUSEHOLD_1_114,CA_2,Estacional,2016-05-20,3.3774493,XGBoost
HOUSEHOLD_1_114,CA_2,Estacional,2016-05-21,5.200495,XGBoost
HOUSEHOLD_1_114,CA_2,Estacional,2016-05-22,4.539158,XGBoost
HOUSEHOLD_1_122,CA_2,Estacional,2016-04-25,2.2464077,XGBoost
HOUSEHOLD_1_122,CA_2,Estacional,2016-04-26,2.1913424,XGBoost
HOUSEHOLD_1_122,CA_2,Estacional,2016-04-27,2.1410327,XGBoost
HOUSEHOLD_1_122,CA_2,Estacional,2016-04-28,2.2119744,XGBoost
HOUSEHOLD_1_122,CA_2,Estacional,2016-04-29,2.8269308,XGBoost
HOUSEHOLD_1_122,CA_2,Estacional,2016-04-30,4.1758657,XGBoost
HOUSEHOLD_1_122,CA_2,Estacional,2016-05-01,4.222492,XGBoost
HOUSEHOLD_1_122,CA_2,Estacional,2016-05-02,2.3286521,XGBoost
HOUSEHOLD_1_122,CA_2,Estacional,2016-05-03,2.219781,XGBoost
HOUSEHOLD_1_122,CA_2,Estacional,2016-05-04,2.2094686,XGBoost
HOUSEHOLD_1_122,CA_2,Estacional,2016-05-05,2.4910338,XGBoost
HOUSEHOLD_1_122,CA_2,Estacional,2016-05-06,2.7424357,XGBoost
HOUSEHOLD_1_122,CA_2,Estacional,2016-05-07,4.312282,XGBoost
HOUSEHOLD_1_122,CA_2,Estacional,2016-05-08,3.9355698,XGBoost
HOUSEHOLD_1_122,CA_2,Estacional,2016-05-09,2.291159,XGBoost
HOUSEHOLD_1_122,CA_2,Estacional,2016-05-10,2.143761,XGBoost
HOUSEHOLD_1_122,CA_2,Estacional,2016-05-11,2.1557653,XGBoost
HOUSEHOLD_1_122,CA_2,Estacional,2016-05-12,2.3336654,XGBoost
HOUSEHOLD_1_122,CA_2,Estacional,2016-05-13,2.7442605,XGBoost
HOUSEHOLD_1_122,CA_2,Estacional,2016-05-14,4.3732586,XGBoost
HOUSEHOLD_1_122,CA_2,Estacional,2016-05-15,4.0005145,XGBoost
HOUSEHOLD_1_122,CA_2,Estacional,2016-05-16,2.3039033,XGBoost
HOUSEHOLD_1_122,CA_2,Estacional,2016-05-17,2.143761,XGBoost
HOUSEHOLD_1_122,CA_2,Estacional,2016-05-18,2.143761,XGBoost
HOUSEHOLD_1_122,CA_2,Estacional,2016-05-19,2.258676,XGBoost
HOUSEHOLD_1_122,CA_2,Estacional,2016-05-20,2.762737,XGBoost
HOUSEHOLD_1_122,CA_2,Estacional,2016-05-21,4.193933,XGBoost
HOUSEHOLD_1_122,CA_2,Estacional,2016-05-22,3.9572227,XGBoost
HOUSEHOLD_1_128,CA_2,Estacional,2016-04-25,1.9248854,XGBoost
HOUSEHOLD_1_128,CA_2,Estacional,2016-04-26,1.8892639,XGBoost
HOUSEHOLD_1_128,CA_2,Estacional,2016-04-27,1.7756112,XGBoost
HOUSEHOLD_1_128,CA_2,Estacional,2016-04-28,2.0419953,XGBoost
HOUSEHOLD_1_128,CA_2,Estacional,2016-04-29,2.623511,XGBoost
HOUSEHOLD_1_128,CA_2,Estacional,2016-04-30,3.1692352,XGBoost
HOUSEHOLD_1_128,CA_2,Estacional,2016-05-01,3.0708036,XGBoost
HOUSEHOLD_1_128,CA_2,Estacional,2016-05-02,1.88386,XGBoost
HOUSEHOLD_1_128,CA_2,Estacional,2016-05-03,1.8248948,XGBoost
HOUSEHOLD_1_128,CA_2,Estacional,2016-05-04,1.6647388,XGBoost
HOUSEHOLD_1_128,CA_2,Estacional,2016-05-05,1.8635952,XGBoost
HOUSEHOLD_1_128,CA_2,Estacional,2016-05-06,2.426182,XGBoost
HOUSEHOLD_1_128,CA_2,Estacional,2016-05-07,2.9950688,XGBoost
HOUSEHOLD_1_128,CA_2,Estacional,2016-05-08,3.0808704,XGBoost
HOUSEHOLD_1_128,CA_2,Estacional,2016-05-09,1.7277286,XGBoost
HOUSEHOLD_1_128,CA_2,Estacional,2016-05-10,1.629352,XGBoost
HOUSEHOLD_1_128,CA_2,Estacional,2016-05-11,1.6166077,XGBoost
HOUSEHOLD_1_128,CA_2,Estacional,2016-05-12,1.9276829,XGBoost
HOUSEHOLD_1_128,CA_2,Estacional,2016-05-13,2.2981622,XGBoost
HOUSEHOLD_1_128,CA_2,Estacional,2016-05-14,2.7798245,XGBoost
HOUSEHOLD_1_128,CA_2,Estacional,2016-05-15,2.9896214,XGBoost
HOUSEHOLD_1_128,CA_2,Estacional,2016-05-16,1.7652951,XGBoost
HOUSEHOLD_1_128,CA_2,Estacional,2016-05-17,1.653521,XGBoost
HOUSEHOLD_1_128,CA_2,Estacional,2016-05-18,1.6679863,XGBoost
HOUSEHOLD_1_128,CA_2,Estacional,2016-05-19,1.7892139,XGBoost
HOUSEHOLD_1_128,CA_2,Estacional,2016-05-20,2.3475447,XGBoost
HOUSEHOLD_1_128,CA_2,Estacional,2016-05-21,3.000226,XGBoost
HOUSEHOLD_1_128,CA_2,Estacional,2016-05-22,2.9559903,XGBoost
HOUSEHOLD_1_149,CA_2,Estacional,2016-04-25,1.5658337,XGBoost
HOUSEHOLD_1_149,CA_2,Estacional,2016-04-26,1.6835049,XGBoost
HOUSEHOLD_1_149,CA_2,Estacional,2016-04-27,1.4389038,XGBoost
HOUSEHOLD_1_149,CA_2,Estacional,2016-04-28,1.683088,XGBoost
HOUSEHOLD_1_149,CA_2,Estacional,2016-04-29,1.9791732,XGBoost
HOUSEHOLD_1_149,CA_2,Estacional,2016-04-30,2.5538862,XGBoost
HOUSEHOLD_1_149,CA_2,Estacional,2016-05-01,2.692478,XGBoost
HOUSEHOLD_1_149,CA_2,Estacional,2016-05-02,1.5746944,XGBoost
HOUSEHOLD_1_149,CA_2,Estacional,2016-05-03,1.5402491,XGBoost
HOUSEHOLD_1_149,CA_2,Estacional,2016-05-04,1.4400336,XGBoost
HOUSEHOLD_1_149,CA_2,Estacional,2016-05-05,1.6901906,XGBoost
HOUSEHOLD_1_149,CA_2,Estacional,2016-05-06,1.8648828,XGBoost
HOUSEHOLD_1_149,CA_2,Estacional,2016-05-07,2.9291725,XGBoost
HOUSEHOLD_1_149,CA_2,Estacional,2016-05-08,2.525482,XGBoost
HOUSEHOLD_1_149,CA_2,Estacional,2016-05-09,1.5770419,XGBoost
HOUSEHOLD_1_149,CA_2,Estacional,2016-05-10,1.4835815,XGBoost
HOUSEHOLD_1_149,CA_2,Estacional,2016-05-11,1.4979703,XGBoost
HOUSEHOLD_1_149,CA_2,Estacional,2016-05-12,1.7450492,XGBoost
HOUSEHOLD_1_149,CA_2,Estacional,2016-05-13,1.9194685,XGBoost
HOUSEHOLD_1_149,CA_2,Estacional,2016-05-14,2.6002853,XGBoost
HOUSEHOLD_1_149,CA_2,Estacional,2016-05-15,2.6438413,XGBoost
HOUSEHOLD_1_149,CA_2,Estacional,2016-05-16,1.5915072,XGBoost
HOUSEHOLD_1_149,CA_2,Estacional,2016-05-17,1.5975357,XGBoost
HOUSEHOLD_1_149,CA_2,Estacional,2016-05-18,1.5516549,XGBoost
HOUSEHOLD_1_149,CA_2,Estacional,2016-05-19,1.575073,XGBoost
HOUSEHOLD_1_149,CA_2,Estacional,2016-05-20,1.8775506,XGBoost
HOUSEHOLD_1_149,CA_2,Estacional,2016-05-21,2.667042,XGBoost
HOUSEHOLD_1_149,CA_2,Estacional,2016-05-22,2.7434087,XGBoost
HOUSEHOLD_1_171,CA_2,Estacional,2016-04-25,1.4022385,XGBoost
HOUSEHOLD_1_171,CA_2,Estacional,2016-04-26,1.3592844,XGBoost
HOUSEHOLD_1_171,CA_2,Estacional,2016-04-27,1.2660837,XGBoost
HOUSEHOLD_1_171,CA_2,Estacional,2016-04-28,1.2359036,XGBoost
HOUSEHOLD_1_171,CA_2,Estacional,2016-04-29,1.4713402,XGBoost
HOUSEHOLD_1_171,CA_2,Estacional,2016-04-30,2.360928,XGBoost
HOUSEHOLD_1_171,CA_2,Estacional,2016-05-01,2.190904,XGBoost
HOUSEHOLD_1_171,CA_2,Estacional,2016-05-02,1.4101813,XGBoost
HOUSEHOLD_1_171,CA_2,Estacional,2016-05-03,1.3526522,XGBoost
HOUSEHOLD_1_171,CA_2,Estacional,2016-05-04,1.1985533,XGBoost
HOUSEHOLD_1_171,CA_2,Estacional,2016-05-05,1.2069584,XGBoost
HOUSEHOLD_1_171,CA_2,Estacional,2016-05-06,1.3431995,XGBoost
HOUSEHOLD_1_171,CA_2,Estacional,2016-05-07,2.2893648,XGBoost
HOUSEHOLD_1_171,CA_2,Estacional,2016-05-08,1.9508812,XGBoost
HOUSEHOLD_1_171,CA_2,Estacional,2016-05-09,1.4370883,XGBoost
HOUSEHOLD_1_171,CA_2,Estacional,2016-05-10,1.1780866,XGBoost
HOUSEHOLD_1_171,CA_2,Estacional,2016-05-11,1.1388725,XGBoost
HOUSEHOLD_1_171,CA_2,Estacional,2016-05-12,1.1858009,XGBoost
HOUSEHOLD_1_171,CA_2,Estacional,2016-05-13,1.4837381,XGBoost
HOUSEHOLD_1_171,CA_2,Estacional,2016-05-14,2.3103888,XGBoost
HOUSEHOLD_1_171,CA_2,Estacional,2016-05-15,2.1239839,XGBoost
HOUSEHOLD_1_171,CA_2,Estacional,2016-05-16,1.2425412,XGBoost
HOUSEHOLD_1_171,CA_2,Estacional,2016-05-17,1.1388725,XGBoost
HOUSEHOLD_1_171,CA_2,Estacional,2016-05-18,1.2575583,XGBoost
HOUSEHOLD_1_171,CA_2,Estacional,2016-05-19,1.2212375,XGBoost
HOUSEHOLD_1_171,CA_2,Estacional,2016-05-20,1.4434172,XGBoost
HOUSEHOLD_1_171,CA_2,Estacional,2016-05-21,2.1828234,XGBoost
HOUSEHOLD_1_171,CA_2,Estacional,2016-05-22,2.0030928,XGBoost
HOUSEHOLD_1_176,CA_2,Estacional,2016-04-25,0.6338162,XGBoost
HOUSEHOLD_1_176,CA_2,Estacional,2016-04-26,0.476594,XGBoost
HOUSEHOLD_1_176,CA_2,Estacional,2016-04-27,0.44879085,XGBoost
HOUSEHOLD_1_176,CA_2,Estacional,2016-04-28,0.4667885,XGBoost
HOUSEHOLD_1_176,CA_2,Estacional,2016-04-29,0.69456005,XGBoost
HOUSEHOLD_1_176,CA_2,Estacional,2016-04-30,0.90695757,XGBoost
HOUSEHOLD_1_176,CA_2,Estacional,2016-05-01,0.9689493,XGBoost
HOUSEHOLD_1_176,CA_2,Estacional,2016-05-02,0.83008456,XGBoost
HOUSEHOLD_1_176,CA_2,Estacional,2016-05-03,0.71139175,XGBoost
HOUSEHOLD_1_176,CA_2,Estacional,2016-05-04,0.7083419,XGBoost
HOUSEHOLD_1_176,CA_2,Estacional,2016-05-05,0.74205506,XGBoost
HOUSEHOLD_1_176,CA_2,Estacional,2016-05-06,0.9052858,XGBoost
HOUSEHOLD_1_176,CA_2,Estacional,2016-05-07,1.1552248,XGBoost
HOUSEHOLD_1_176,CA_2,Estacional,2016-05-08,1.2025118,XGBoost
HOUSEHOLD_1_176,CA_2,Estacional,2016-05-09,0.8142904,XGBoost
HOUSEHOLD_1_176,CA_2,Estacional,2016-05-10,0.7083419,XGBoost
HOUSEHOLD_1_176,CA_2,Estacional,2016-05-11,0.7083419,XGBoost
HOUSEHOLD_1_176,CA_2,Estacional,2016-05-12,0.7408049,XGBoost
HOUSEHOLD_1_176,CA_2,Estacional,2016-05-13,0.8684003,XGBoost
HOUSEHOLD_1_176,CA_2,Estacional,2016-05-14,1.1552248,XGBoost
HOUSEHOLD_1_176,CA_2,Estacional,2016-05-15,1.1763226,XGBoost
HOUSEHOLD_1_176,CA_2,Estacional,2016-05-16,0.82875574,XGBoost
HOUSEHOLD_1_176,CA_2,Estacional,2016-05-17,0.7083419,XGBoost
HOUSEHOLD_1_176,CA_2,Estacional,2016-05-18,0.7083419,XGBoost
HOUSEHOLD_1_176,CA_2,Estacional,2016-05-19,0.7408049,XGBoost
HOUSEHOLD_1_176,CA_2,Estacional,2016-05-20,0.89082044,XGBoost
HOUSEHOLD_1_176,CA_2,Estacional,2016-05-21,1.1552248,XGBoost
HOUSEHOLD_1_176,CA_2,Estacional,2016-05-22,1.1133776,XGBoost
HOUSEHOLD_1_188,CA_2,Estacional,2016-04-25,1.552351,XGBoost
HOUSEHOLD_1_188,CA_2,Estacional,2016-04-26,1.5406051,XGBoost
HOUSEHOLD_1_188,CA_2,Estacional,2016-04-27,1.2862296,XGBoost
HOUSEHOLD_1_188,CA_2,Estacional,2016-04-28,1.652819,XGBoost
HOUSEHOLD_1_188,CA_2,Estacional,2016-04-29,1.6694245,XGBoost
HOUSEHOLD_1_188,CA_2,Estacional,2016-04-30,2.6390219,XGBoost
HOUSEHOLD_1_188,CA_2,Estacional,2016-05-01,2.5159764,XGBoost
HOUSEHOLD_1_188,CA_2,Estacional,2016-05-02,1.5432129,XGBoost
HOUSEHOLD_1_188,CA_2,Estacional,2016-05-03,1.4073595,XGBoost
HOUSEHOLD_1_188,CA_2,Estacional,2016-05-04,1.4355603,XGBoost
HOUSEHOLD_1_188,CA_2,Estacional,2016-05-05,1.4399558,XGBoost
HOUSEHOLD_1_188,CA_2,Estacional,2016-05-06,1.6083529,XGBoost
HOUSEHOLD_1_188,CA_2,Estacional,2016-05-07,2.5413287,XGBoost
HOUSEHOLD_1_188,CA_2,Estacional,2016-05-08,2.2329056,XGBoost
HOUSEHOLD_1_188,CA_2,Estacional,2016-05-09,1.4851067,XGBoost
HOUSEHOLD_1_188,CA_2,Estacional,2016-05-10,1.2551901,XGBoost
HOUSEHOLD_1_188,CA_2,Estacional,2016-05-11,1.2551901,XGBoost
HOUSEHOLD_1_188,CA_2,Estacional,2016-05-12,1.3777932,XGBoost
HOUSEHOLD_1_188,CA_2,Estacional,2016-05-13,1.5463711,XGBoost
HOUSEHOLD_1_188,CA_2,Estacional,2016-05-14,2.4208975,XGBoost
HOUSEHOLD_1_188,CA_2,Estacional,2016-05-15,2.0432248,XGBoost
HOUSEHOLD_1_188,CA_2,Estacional,2016-05-16,1.3915718,XGBoost
HOUSEHOLD_1_188,CA_2,Estacional,2016-05-17,1.2551901,XGBoost
HOUSEHOLD_1_188,CA_2,Estacional,2016-05-18,1.2551901,XGBoost
HOUSEHOLD_1_188,CA_2,Estacional,2016-05-19,1.5947857,XGBoost
HOUSEHOLD_1_188,CA_2,Estacional,2016-05-20,1.5319058,XGBoost
HOUSEHOLD_1_188,CA_2,Estacional,2016-05-21,2.485809,XGBoost
HOUSEHOLD_1_188,CA_2,Estacional,2016-05-22,2.270226,XGBoost
HOUSEHOLD_1_194,CA_2,Estacional,2016-04-25,1.5805247,XGBoost
HOUSEHOLD_1_194,CA_2,Estacional,2016-04-26,1.3951254,XGBoost
HOUSEHOLD_1_194,CA_2,Estacional,2016-04-27,1.3285028,XGBoost
HOUSEHOLD_1_194,CA_2,Estacional,2016-04-28,1.4221646,XGBoost
HOUSEHOLD_1_194,CA_2,Estacional,2016-04-29,1.7506392,XGBoost
HOUSEHOLD_1_194,CA_2,Estacional,2016-04-30,2.56838,XGBoost
HOUSEHOLD_1_194,CA_2,Estacional,2016-05-01,2.3660474,XGBoost
HOUSEHOLD_1_194,CA_2,Estacional,2016-05-02,1.4525688,XGBoost
HOUSEHOLD_1_194,CA_2,Estacional,2016-05-03,1.3910129,XGBoost
HOUSEHOLD_1_194,CA_2,Estacional,2016-05-04,1.239555,XGBoost
HOUSEHOLD_1_194,CA_2,Estacional,2016-05-05,1.3649153,XGBoost
HOUSEHOLD_1_194,CA_2,Estacional,2016-05-06,1.5162706,XGBoost
HOUSEHOLD_1_194,CA_2,Estacional,2016-05-07,2.7940428,XGBoost
HOUSEHOLD_1_194,CA_2,Estacional,2016-05-08,2.2769103,XGBoost
HOUSEHOLD_1_194,CA_2,Estacional,2016-05-09,1.4779711,XGBoost
HOUSEHOLD_1_194,CA_2,Estacional,2016-05-10,1.2829915,XGBoost
HOUSEHOLD_1_194,CA_2,Estacional,2016-05-11,1.3760234,XGBoost
HOUSEHOLD_1_194,CA_2,Estacional,2016-05-12,1.3209579,XGBoost
HOUSEHOLD_1_194,CA_2,Estacional,2016-05-13,1.5652105,XGBoost
HOUSEHOLD_1_194,CA_2,Estacional,2016-05-14,2.3284495,XGBoost
HOUSEHOLD_1_194,CA_2,Estacional,2016-05-15,2.3503063,XGBoost
HOUSEHOLD_1_194,CA_2,Estacional,2016-05-16,1.5136513,XGBoost
HOUSEHOLD_1_194,CA_2,Estacional,2016-05-17,1.3042064,XGBoost
HOUSEHOLD_1_194,CA_2,Estacional,2016-05-18,1.3029602,XGBoost
HOUSEHOLD_1_194,CA_2,Estacional,2016-05-19,1.3209579,XGBoost
HOUSEHOLD_1_194,CA_2,Estacional,2016-05-20,1.5796758,XGBoost
HOUSEHOLD_1_194,CA_2,Estacional,2016-05-21,2.4532416,XGBoost
HOUSEHOLD_1_194,CA_2,Estacional,2016-05-22,2.457824,XGBoost
HOUSEHOLD_1_196,CA_2,Estacional,2016-04-25,3.210267,XGBoost
HOUSEHOLD_1_196,CA_2,Estacional,2016-04-26,2.7882228,XGBoost
HOUSEHOLD_1_196,CA_2,Estacional,2016-04-27,2.7804098,XGBoost
HOUSEHOLD_1_196,CA_2,Estacional,2016-04-28,2.9205418,XGBoost
HOUSEHOLD_1_196,CA_2,Estacional,2016-04-29,3.8599527,XGBoost
HOUSEHOLD_1_196,CA_2,Estacional,2016-04-30,5.283618,XGBoost
HOUSEHOLD_1_196,CA_2,Estacional,2016-05-01,5.526721,XGBoost
HOUSEHOLD_1_196,CA_2,Estacional,2016-05-02,3.444379,XGBoost
HOUSEHOLD_1_196,CA_2,Estacional,2016-05-03,2.6769536,XGBoost
HOUSEHOLD_1_196,CA_2,Estacional,2016-05-04,2.7871356,XGBoost
HOUSEHOLD_1_196,CA_2,Estacional,2016-05-05,2.814708,XGBoost
HOUSEHOLD_1_196,CA_2,Estacional,2016-05-06,4.0111437,XGBoost
HOUSEHOLD_1_196,CA_2,Estacional,2016-05-07,5.471537,XGBoost
HOUSEHOLD_1_196,CA_2,Estacional,2016-05-08,5.0169168,XGBoost
HOUSEHOLD_1_196,CA_2,Estacional,2016-05-09,3.0829916,XGBoost
HOUSEHOLD_1_196,CA_2,Estacional,2016-05-10,2.823026,XGBoost
HOUSEHOLD_1_196,CA_2,Estacional,2016-05-11,2.7327957,XGBoost
HOUSEHOLD_1_196,CA_2,Estacional,2016-05-12,2.8581576,XGBoost
HOUSEHOLD_1_196,CA_2,Estacional,2016-05-13,4.143475,XGBoost
HOUSEHOLD_1_196,CA_2,Estacional,2016-05-14,5.236904,XGBoost
HOUSEHOLD_1_196,CA_2,Estacional,2016-05-15,5.192601,XGBoost
HOUSEHOLD_1_196,CA_2,Estacional,2016-05-16,2.932218,XGBoost
HOUSEHOLD_1_196,CA_2,Estacional,2016-05-17,2.6532488,XGBoost
HOUSEHOLD_1_196,CA_2,Estacional,2016-05-18,2.6779976,XGBoost
HOUSEHOLD_1_196,CA_2,Estacional,2016-05-19,2.7104607,XGBoost
HOUSEHOLD_1_196,CA_2,Estacional,2016-05-20,3.7900717,XGBoost
HOUSEHOLD_1_196,CA_2,Estacional,2016-05-21,5.0740495,XGBoost
HOUSEHOLD_1_196,CA_2,Estacional,2016-05-22,5.296095,XGBoost
HOUSEHOLD_1_197,CA_2,Estacional,2016-04-25,1.1968921,XGBoost
HOUSEHOLD_1_197,CA_2,Estacional,2016-04-26,1.2103462,XGBoost
HOUSEHOLD_1_197,CA_2,Estacional,2016-04-27,0.9915567,XGBoost
HOUSEHOLD_1_197,CA_2,Estacional,2016-04-28,1.1096182,XGBoost
HOUSEHOLD_1_197,CA_2,Estacional,2016-04-29,1.3026569,XGBoost
HOUSEHOLD_1_197,CA_2,Estacional,2016-04-30,1.985351,XGBoost
HOUSEHOLD_1_197,CA_2,Estacional,2016-05-01,1.689616,XGBoost
HOUSEHOLD_1_197,CA_2,Estacional,2016-05-02,1.1107128,XGBoost
HOUSEHOLD_1_197,CA_2,Estacional,2016-05-03,1.2068864,XGBoost
HOUSEHOLD_1_197,CA_2,Estacional,2016-05-04,1.004508,XGBoost
HOUSEHOLD_1_197,CA_2,Estacional,2016-05-05,1.101789,XGBoost
HOUSEHOLD_1_197,CA_2,Estacional,2016-05-06,1.1670616,XGBoost
HOUSEHOLD_1_197,CA_2,Estacional,2016-05-07,1.9333618,XGBoost
HOUSEHOLD_1_197,CA_2,Estacional,2016-05-08,1.6350327,XGBoost
HOUSEHOLD_1_197,CA_2,Estacional,2016-05-09,1.1933278,XGBoost
HOUSEHOLD_1_197,CA_2,Estacional,2016-05-10,1.0015408,XGBoost
HOUSEHOLD_1_197,CA_2,Estacional,2016-05-11,1.0280106,XGBoost
HOUSEHOLD_1_197,CA_2,Estacional,2016-05-12,1.0212595,XGBoost
HOUSEHOLD_1_197,CA_2,Estacional,2016-05-13,1.2526629,XGBoost
HOUSEHOLD_1_197,CA_2,Estacional,2016-05-14,1.7431297,XGBoost
HOUSEHOLD_1_197,CA_2,Estacional,2016-05-15,1.6421419,XGBoost
HOUSEHOLD_1_197,CA_2,Estacional,2016-05-16,1.1558474,XGBoost
HOUSEHOLD_1_197,CA_2,Estacional,2016-05-17,1.0339311,XGBoost
HOUSEHOLD_1_197,CA_2,Estacional,2016-05-18,0.984149,XGBoost
HOUSEHOLD_1_197,CA_2,Estacional,2016-05-19,1.0310776,XGBoost
HOUSEHOLD_1_197,CA_2,Estacional,2016-05-20,1.2885741,XGBoost
HOUSEHOLD_1_197,CA_2,Estacional,2016-05-21,1.8240153,XGBoost
HOUSEHOLD_1_197,CA_2,Estacional,2016-05-22,1.6556978,XGBoost
HOUSEHOLD_1_198,CA_2,Estacional,2016-04-25,3.5176044,XGBoost
HOUSEHOLD_1_198,CA_2,Estacional,2016-04-26,3.343976,XGBoost
HOUSEHOLD_1_198,CA_2,Estacional,2016-04-27,3.475443,XGBoost
HOUSEHOLD_1_198,CA_2,Estacional,2016-04-28,3.633711,XGBoost
HOUSEHOLD_1_198,CA_2,Estacional,2016-04-29,4.763947,XGBoost
HOUSEHOLD_1_198,CA_2,Estacional,2016-04-30,6.201829,XGBoost
HOUSEHOLD_1_198,CA_2,Estacional,2016-05-01,5.5313597,XGBoost
HOUSEHOLD_1_198,CA_2,Estacional,2016-05-02,3.631025,XGBoost
HOUSEHOLD_1_198,CA_2,Estacional,2016-05-03,3.1121862,XGBoost
HOUSEHOLD_1_198,CA_2,Estacional,2016-05-04,3.2047575,XGBoost
HOUSEHOLD_1_198,CA_2,Estacional,2016-05-05,3.2427683,XGBoost
HOUSEHOLD_1_198,CA_2,Estacional,2016-05-06,4.407502,XGBoost
HOUSEHOLD_1_198,CA_2,Estacional,2016-05-07,6.148546,XGBoost
HOUSEHOLD_1_198,CA_2,Estacional,2016-05-08,5.2729273,XGBoost
HOUSEHOLD_1_198,CA_2,Estacional,2016-05-09,3.47979,XGBoost
HOUSEHOLD_1_198,CA_2,Estacional,2016-05-10,3.1068509,XGBoost
HOUSEHOLD_1_198,CA_2,Estacional,2016-05-11,3.124795,XGBoost
HOUSEHOLD_1_198,CA_2,Estacional,2016-05-12,3.1249619,XGBoost
HOUSEHOLD_1_198,CA_2,Estacional,2016-05-13,4.4846225,XGBoost
HOUSEHOLD_1_198,CA_2,Estacional,2016-05-14,5.609033,XGBoost
HOUSEHOLD_1_198,CA_2,Estacional,2016-05-15,5.423191,XGBoost
HOUSEHOLD_1_198,CA_2,Estacional,2016-05-16,3.169783,XGBoost
HOUSEHOLD_1_198,CA_2,Estacional,2016-05-17,3.0382645,XGBoost
HOUSEHOLD_1_198,CA_2,Estacional,2016-05-18,3.098671,XGBoost
HOUSEHOLD_1_198,CA_2,Estacional,2016-05-19,3.209191,XGBoost
HOUSEHOLD_1_198,CA_2,Estacional,2016-05-20,4.203694,XGBoost
HOUSEHOLD_1_198,CA_2,Estacional,2016-05-21,5.5307636,XGBoost
HOUSEHOLD_1_198,CA_2,Estacional,2016-05-22,5.3974185,XGBoost
HOUSEHOLD_1_224,CA_2,Estacional,2016-04-25,0.90396076,XGBoost
HOUSEHOLD_1_224,CA_2,Estacional,2016-04-26,0.731671,XGBoost
HOUSEHOLD_1_224,CA_2,Estacional,2016-04-27,0.90341,XGBoost
HOUSEHOLD_1_224,CA_2,Estacional,2016-04-28,0.8002984,XGBoost
HOUSEHOLD_1_224,CA_2,Estacional,2016-04-29,1.0206414,XGBoost
HOUSEHOLD_1_224,CA_2,Estacional,2016-04-30,1.4457035,XGBoost
HOUSEHOLD_1_224,CA_2,Estacional,2016-05-01,1.542429,XGBoost
HOUSEHOLD_1_224,CA_2,Estacional,2016-05-02,0.9814438,XGBoost
HOUSEHOLD_1_224,CA_2,Estacional,2016-05-03,0.83628124,XGBoost
HOUSEHOLD_1_224,CA_2,Estacional,2016-05-04,0.88823974,XGBoost
HOUSEHOLD_1_224,CA_2,Estacional,2016-05-05,0.8699944,XGBoost
HOUSEHOLD_1_224,CA_2,Estacional,2016-05-06,1.0315038,XGBoost
HOUSEHOLD_1_224,CA_2,Estacional,2016-05-07,1.4528881,XGBoost
HOUSEHOLD_1_224,CA_2,Estacional,2016-05-08,1.5599315,XGBoost
HOUSEHOLD_1_224,CA_2,Estacional,2016-05-09,0.905321,XGBoost
HOUSEHOLD_1_224,CA_2,Estacional,2016-05-10,0.83628124,XGBoost
HOUSEHOLD_1_224,CA_2,Estacional,2016-05-11,0.83628124,XGBoost
HOUSEHOLD_1_224,CA_2,Estacional,2016-05-12,0.85519063,XGBoost
HOUSEHOLD_1_224,CA_2,Estacional,2016-05-13,1.0933633,XGBoost
HOUSEHOLD_1_224,CA_2,Estacional,2016-05-14,1.4421035,XGBoost
HOUSEHOLD_1_224,CA_2,Estacional,2016-05-15,1.6103398,XGBoost
HOUSEHOLD_1_224,CA_2,Estacional,2016-05-16,0.962212,XGBoost
HOUSEHOLD_1_224,CA_2,Estacional,2016-05-17,0.8562636,XGBoost
HOUSEHOLD_1_224,CA_2,Estacional,2016-05-18,0.8707289,XGBoost
HOUSEHOLD_1_224,CA_2,Estacional,2016-05-19,0.9256353,XGBoost
HOUSEHOLD_1_224,CA_2,Estacional,2016-05-20,1.1543306,XGBoost
HOUSEHOLD_1_224,CA_2,Estacional,2016-05-21,1.5453167,XGBoost
HOUSEHOLD_1_224,CA_2,Estacional,2016-05-22,1.6520947,XGBoost
HOUSEHOLD_1_247,CA_2,Estacional,2016-04-25,2.4341562,XGBoost
HOUSEHOLD_1_247,CA_2,Estacional,2016-04-26,2.486051,XGBoost
HOUSEHOLD_1_247,CA_2,Estacional,2016-04-27,2.5001135,XGBoost
HOUSEHOLD_1_247,CA_2,Estacional,2016-04-28,2.4879646,XGBoost
HOUSEHOLD_1_247,CA_2,Estacional,2016-04-29,3.1128619,XGBoost
HOUSEHOLD_1_247,CA_2,Estacional,2016-04-30,4.312425,XGBoost
HOUSEHOLD_1_247,CA_2,Estacional,2016-05-01,4.296723,XGBoost
HOUSEHOLD_1_247,CA_2,Estacional,2016-05-02,2.517246,XGBoost
HOUSEHOLD_1_247,CA_2,Estacional,2016-05-03,2.4106069,XGBoost
HOUSEHOLD_1_247,CA_2,Estacional,2016-05-04,2.4872034,XGBoost
HOUSEHOLD_1_247,CA_2,Estacional,2016-05-05,2.4211068,XGBoost
HOUSEHOLD_1_247,CA_2,Estacional,2016-05-06,3.0845563,XGBoost
HOUSEHOLD_1_247,CA_2,Estacional,2016-05-07,4.441132,XGBoost
HOUSEHOLD_1_247,CA_2,Estacional,2016-05-08,4.4291415,XGBoost
HOUSEHOLD_1_247,CA_2,Estacional,2016-05-09,2.509766,XGBoost
HOUSEHOLD_1_247,CA_2,Estacional,2016-05-10,2.493059,XGBoost
HOUSEHOLD_1_247,CA_2,Estacional,2016-05-11,2.8037987,XGBoost
HOUSEHOLD_1_247,CA_2,Estacional,2016-05-12,2.3000588,XGBoost
HOUSEHOLD_1_247,CA_2,Estacional,2016-05-13,2.707831,XGBoost
HOUSEHOLD_1_247,CA_2,Estacional,2016-05-14,4.092251,XGBoost
HOUSEHOLD_1_247,CA_2,Estacional,2016-05-15,4.0246096,XGBoost
HOUSEHOLD_1_247,CA_2,Estacional,2016-05-16,2.411104,XGBoost
HOUSEHOLD_1_247,CA_2,Estacional,2016-05-17,2.2509618,XGBoost
HOUSEHOLD_1_247,CA_2,Estacional,2016-05-18,2.4116688,XGBoost
HOUSEHOLD_1_247,CA_2,Estacional,2016-05-19,2.3504076,XGBoost
HOUSEHOLD_1_247,CA_2,Estacional,2016-05-20,2.799345,XGBoost
HOUSEHOLD_1_247,CA_2,Estacional,2016-05-21,4.1355867,XGBoost
HOUSEHOLD_1_247,CA_2,Estacional,2016-05-22,4.0524883,XGBoost
HOUSEHOLD_1_272,CA_2,Estacional,2016-04-25,5.573896,XGBoost
HOUSEHOLD_1_272,CA_2,Estacional,2016-04-26,5.8549933,XGBoost
HOUSEHOLD_1_272,CA_2,Estacional,2016-04-27,5.8209963,XGBoost
HOUSEHOLD_1_272,CA_2,Estacional,2016-04-28,5.612662,XGBoost
HOUSEHOLD_1_272,CA_2,Estacional,2016-04-29,6.697351,XGBoost
HOUSEHOLD_1_272,CA_2,Estacional,2016-04-30,9.489644,XGBoost
HOUSEHOLD_1_272,CA_2,Estacional,2016-05-01,10.072287,XGBoost
HOUSEHOLD_1_272,CA_2,Estacional,2016-05-02,5.680351,XGBoost
HOUSEHOLD_1_272,CA_2,Estacional,2016-05-03,5.559191,XGBoost
HOUSEHOLD_1_272,CA_2,Estacional,2016-05-04,5.2065797,XGBoost
HOUSEHOLD_1_272,CA_2,Estacional,2016-05-05,5.2119393,XGBoost
HOUSEHOLD_1_272,CA_2,Estacional,2016-05-06,6.2366476,XGBoost
HOUSEHOLD_1_272,CA_2,Estacional,2016-05-07,9.127997,XGBoost
HOUSEHOLD_1_272,CA_2,Estacional,2016-05-08,9.577918,XGBoost
HOUSEHOLD_1_272,CA_2,Estacional,2016-05-09,5.587254,XGBoost
HOUSEHOLD_1_272,CA_2,Estacional,2016-05-10,5.529103,XGBoost
HOUSEHOLD_1_272,CA_2,Estacional,2016-05-11,5.210066,XGBoost
HOUSEHOLD_1_272,CA_2,Estacional,2016-05-12,5.29743,XGBoost
HOUSEHOLD_1_272,CA_2,Estacional,2016-05-13,6.4065924,XGBoost
HOUSEHOLD_1_272,CA_2,Estacional,2016-05-14,8.962428,XGBoost
HOUSEHOLD_1_272,CA_2,Estacional,2016-05-15,9.267596,XGBoost
HOUSEHOLD_1_272,CA_2,Estacional,2016-05-16,5.660916,XGBoost
HOUSEHOLD_1_272,CA_2,Estacional,2016-05-17,5.593844,XGBoost
HOUSEHOLD_1_272,CA_2,Estacional,2016-05-18,5.414993,XGBoost
HOUSEHOLD_1_272,CA_2,Estacional,2016-05-19,5.3157115,XGBoost
HOUSEHOLD_1_272,CA_2,Estacional,2016-05-20,6.7879515,XGBoost
HOUSEHOLD_1_272,CA_2,Estacional,2016-05-21,8.962122,XGBoost
HOUSEHOLD_1_272,CA_2,Estacional,2016-05-22,9.039545,XGBoost
HOUSEHOLD_1_294,CA_2,Estacional,2016-04-25,5.6010413,XGBoost
HOUSEHOLD_1_294,CA_2,Estacional,2016-04-26,4.4041085,XGBoost
HOUSEHOLD_1_294,CA_2,Estacional,2016-04-27,4.5307007,XGBoost
HOUSEHOLD_1_294,CA_2,Estacional,2016-04-28,4.004728,XGBoost
HOUSEHOLD_1_294,CA_2,Estacional,2016-04-29,5.110372,XGBoost
HOUSEHOLD_1_294,CA_2,Estacional,2016-04-30,7.730496,XGBoost
HOUSEHOLD_1_294,CA_2,Estacional,2016-05-01,7.5590544,XGBoost
HOUSEHOLD_1_294,CA_2,Estacional,2016-05-02,5.0736475,XGBoost
HOUSEHOLD_1_294,CA_2,Estacional,2016-05-03,4.348017,XGBoost
HOUSEHOLD_1_294,CA_2,Estacional,2016-05-04,4.4384413,XGBoost
HOUSEHOLD_1_294,CA_2,Estacional,2016-05-05,4.08424,XGBoost
HOUSEHOLD_1_294,CA_2,Estacional,2016-05-06,4.8780117,XGBoost
HOUSEHOLD_1_294,CA_2,Estacional,2016-05-07,7.034782,XGBoost
HOUSEHOLD_1_294,CA_2,Estacional,2016-05-08,7.2989764,XGBoost
HOUSEHOLD_1_294,CA_2,Estacional,2016-05-09,5.1804657,XGBoost
HOUSEHOLD_1_294,CA_2,Estacional,2016-05-10,4.23322,XGBoost
HOUSEHOLD_1_294,CA_2,Estacional,2016-05-11,4.4394145,XGBoost
HOUSEHOLD_1_294,CA_2,Estacional,2016-05-12,4.0816607,XGBoost
HOUSEHOLD_1_294,CA_2,Estacional,2016-05-13,4.721745,XGBoost
HOUSEHOLD_1_294,CA_2,Estacional,2016-05-14,6.6994886,XGBoost
HOUSEHOLD_1_294,CA_2,Estacional,2016-05-15,7.073277,XGBoost
HOUSEHOLD_1_294,CA_2,Estacional,2016-05-16,5.1579075,XGBoost
HOUSEHOLD_1_294,CA_2,Estacional,2016-05-17,4.103002,XGBoost
HOUSEHOLD_1_294,CA_2,Estacional,2016-05-18,4.2131476,XGBoost
HOUSEHOLD_1_294,CA_2,Estacional,2016-05-19,3.9929063,XGBoost
HOUSEHOLD_1_294,CA_2,Estacional,2016-05-20,4.760545,XGBoost
HOUSEHOLD_1_294,CA_2,Estacional,2016-05-21,7.074553,XGBoost
HOUSEHOLD_1_294,CA_2,Estacional,2016-05-22,7.0034804,XGBoost
HOUSEHOLD_1_303,CA_2,Estacional,2016-04-25,6.06598,XGBoost
HOUSEHOLD_1_303,CA_2,Estacional,2016-04-26,5.6191664,XGBoost
HOUSEHOLD_1_303,CA_2,Estacional,2016-04-27,5.7468896,XGBoost
HOUSEHOLD_1_303,CA_2,Estacional,2016-04-28,5.8225703,XGBoost
HOUSEHOLD_1_303,CA_2,Estacional,2016-04-29,6.9190373,XGBoost
HOUSEHOLD_1_303,CA_2,Estacional,2016-04-30,10.299606,XGBoost
HOUSEHOLD_1_303,CA_2,Estacional,2016-05-01,9.050907,XGBoost
HOUSEHOLD_1_303,CA_2,Estacional,2016-05-02,6.2809515,XGBoost
HOUSEHOLD_1_303,CA_2,Estacional,2016-05-03,5.1027546,XGBoost
HOUSEHOLD_1_303,CA_2,Estacional,2016-05-04,5.444497,XGBoost
HOUSEHOLD_1_303,CA_2,Estacional,2016-05-05,5.263219,XGBoost
HOUSEHOLD_1_303,CA_2,Estacional,2016-05-06,6.5717463,XGBoost
HOUSEHOLD_1_303,CA_2,Estacional,2016-05-07,9.482101,XGBoost
HOUSEHOLD_1_303,CA_2,Estacional,2016-05-08,9.157028,XGBoost
HOUSEHOLD_1_303,CA_2,Estacional,2016-05-09,5.676657,XGBoost
HOUSEHOLD_1_303,CA_2,Estacional,2016-05-10,4.9998155,XGBoost
HOUSEHOLD_1_303,CA_2,Estacional,2016-05-11,5.161977,XGBoost
HOUSEHOLD_1_303,CA_2,Estacional,2016-05-12,5.24465,XGBoost
HOUSEHOLD_1_303,CA_2,Estacional,2016-05-13,6.695353,XGBoost
HOUSEHOLD_1_303,CA_2,Estacional,2016-05-14,8.7514715,XGBoost
HOUSEHOLD_1_303,CA_2,Estacional,2016-05-15,7.9450164,XGBoost
HOUSEHOLD_1_303,CA_2,Estacional,2016-05-16,5.763915,XGBoost
HOUSEHOLD_1_303,CA_2,Estacional,2016-05-17,5.1575236,XGBoost
HOUSEHOLD_1_303,CA_2,Estacional,2016-05-18,5.2349887,XGBoost
HOUSEHOLD_1_303,CA_2,Estacional,2016-05-19,5.487487,XGBoost
HOUSEHOLD_1_303,CA_2,Estacional,2016-05-20,6.588149,XGBoost
HOUSEHOLD_1_303,CA_2,Estacional,2016-05-21,8.616747,XGBoost
HOUSEHOLD_1_303,CA_2,Estacional,2016-05-22,8.343742,XGBoost
HOUSEHOLD_1_372,CA_2,Estacional,2016-04-25,1.578483,XGBoost
HOUSEHOLD_1_372,CA_2,Estacional,2016-04-26,1.4801065,XGBoost
HOUSEHOLD_1_372,CA_2,Estacional,2016-04-27,1.5655445,XGBoost
HOUSEHOLD_1_372,CA_2,Estacional,2016-04-28,1.7229402,XGBoost
HOUSEHOLD_1_372,CA_2,Estacional,2016-04-29,2.143306,XGBoost
HOUSEHOLD_1_372,CA_2,Estacional,2016-04-30,3.08118,XGBoost
HOUSEHOLD_1_372,CA_2,Estacional,2016-05-01,3.0586975,XGBoost
HOUSEHOLD_1_372,CA_2,Estacional,2016-05-02,1.7444918,XGBoost
HOUSEHOLD_1_372,CA_2,Estacional,2016-05-03,1.5159309,XGBoost
HOUSEHOLD_1_372,CA_2,Estacional,2016-05-04,1.4399003,XGBoost
HOUSEHOLD_1_372,CA_2,Estacional,2016-05-05,1.7503762,XGBoost
HOUSEHOLD_1_372,CA_2,Estacional,2016-05-06,1.9859524,XGBoost
HOUSEHOLD_1_372,CA_2,Estacional,2016-05-07,2.9168835,XGBoost
HOUSEHOLD_1_372,CA_2,Estacional,2016-05-08,2.5443575,XGBoost
HOUSEHOLD_1_372,CA_2,Estacional,2016-05-09,1.6161149,XGBoost
HOUSEHOLD_1_372,CA_2,Estacional,2016-05-10,1.6628944,XGBoost
HOUSEHOLD_1_372,CA_2,Estacional,2016-05-11,1.5049939,XGBoost
HOUSEHOLD_1_372,CA_2,Estacional,2016-05-12,1.6328167,XGBoost
HOUSEHOLD_1_372,CA_2,Estacional,2016-05-13,1.9166362,XGBoost
HOUSEHOLD_1_372,CA_2,Estacional,2016-05-14,2.8596811,XGBoost
HOUSEHOLD_1_372,CA_2,Estacional,2016-05-15,2.6523185,XGBoost
HOUSEHOLD_1_372,CA_2,Estacional,2016-05-16,1.5619498,XGBoost
HOUSEHOLD_1_372,CA_2,Estacional,2016-05-17,1.4400336,XGBoost
HOUSEHOLD_1_372,CA_2,Estacional,2016-05-18,1.4979703,XGBoost
HOUSEHOLD_1_372,CA_2,Estacional,2016-05-19,1.5267634,XGBoost
HOUSEHOLD_1_372,CA_2,Estacional,2016-05-20,1.898993,XGBoost
HOUSEHOLD_1_372,CA_2,Estacional,2016-05-21,2.875445,XGBoost
HOUSEHOLD_1_372,CA_2,Estacional,2016-05-22,2.6643424,XGBoost
HOUSEHOLD_1_411,CA_2,Estacional,2016-04-25,2.2999048,XGBoost
HOUSEHOLD_1_411,CA_2,Estacional,2016-04-26,2.2504325,XGBoost
HOUSEHOLD_1_411,CA_2,Estacional,2016-04-27,2.3536763,XGBoost
HOUSEHOLD_1_411,CA_2,Estacional,2016-04-28,2.17907,XGBoost
HOUSEHOLD_1_411,CA_2,Estacional,2016-04-29,2.8512366,XGBoost
HOUSEHOLD_1_411,CA_2,Estacional,2016-04-30,3.8547509,XGBoost
HOUSEHOLD_1_411,CA_2,Estacional,2016-05-01,4.1093183,XGBoost
HOUSEHOLD_1_411,CA_2,Estacional,2016-05-02,2.2546718,XGBoost
HOUSEHOLD_1_411,CA_2,Estacional,2016-05-03,2.278617,XGBoost
HOUSEHOLD_1_411,CA_2,Estacional,2016-05-04,2.146585,XGBoost
HOUSEHOLD_1_411,CA_2,Estacional,2016-05-05,2.2122936,XGBoost
HOUSEHOLD_1_411,CA_2,Estacional,2016-05-06,2.9006476,XGBoost
HOUSEHOLD_1_411,CA_2,Estacional,2016-05-07,4.04204,XGBoost
HOUSEHOLD_1_411,CA_2,Estacional,2016-05-08,4.068356,XGBoost
HOUSEHOLD_1_411,CA_2,Estacional,2016-05-09,2.1172752,XGBoost
HOUSEHOLD_1_411,CA_2,Estacional,2016-05-10,1.863598,XGBoost
HOUSEHOLD_1_411,CA_2,Estacional,2016-05-11,2.076371,XGBoost
HOUSEHOLD_1_411,CA_2,Estacional,2016-05-12,2.0625246,XGBoost
HOUSEHOLD_1_411,CA_2,Estacional,2016-05-13,2.595295,XGBoost
HOUSEHOLD_1_411,CA_2,Estacional,2016-05-14,3.8806524,XGBoost
HOUSEHOLD_1_411,CA_2,Estacional,2016-05-15,4.283198,XGBoost
HOUSEHOLD_1_411,CA_2,Estacional,2016-05-16,2.206319,XGBoost
HOUSEHOLD_1_411,CA_2,Estacional,2016-05-17,2.0507066,XGBoost
HOUSEHOLD_1_411,CA_2,Estacional,2016-05-18,2.2192936,XGBoost
HOUSEHOLD_1_411,CA_2,Estacional,2016-05-19,2.078236,XGBoost
HOUSEHOLD_1_411,CA_2,Estacional,2016-05-20,2.5428565,XGBoost
HOUSEHOLD_1_411,CA_2,Estacional,2016-05-21,3.6741707,XGBoost
HOUSEHOLD_1_411,CA_2,Estacional,2016-05-22,4.0336275,XGBoost
HOUSEHOLD_1_425,CA_2,Estacional,2016-04-25,3.1369193,XGBoost
HOUSEHOLD_1_425,CA_2,Estacional,2016-04-26,2.9968858,XGBoost
HOUSEHOLD_1_425,CA_2,Estacional,2016-04-27,2.932222,XGBoost
HOUSEHOLD_1_425,CA_2,Estacional,2016-04-28,2.8939621,XGBoost
HOUSEHOLD_1_425,CA_2,Estacional,2016-04-29,4.3667326,XGBoost
HOUSEHOLD_1_425,CA_2,Estacional,2016-04-30,6.040178,XGBoost
HOUSEHOLD_1_425,CA_2,Estacional,2016-05-01,5.6801805,XGBoost
HOUSEHOLD_1_425,CA_2,Estacional,2016-05-02,2.956475,XGBoost
HOUSEHOLD_1_425,CA_2,Estacional,2016-05-03,3.0521317,XGBoost
HOUSEHOLD_1_425,CA_2,Estacional,2016-05-04,3.0980322,XGBoost
HOUSEHOLD_1_425,CA_2,Estacional,2016-05-05,3.17141,XGBoost
HOUSEHOLD_1_425,CA_2,Estacional,2016-05-06,4.161528,XGBoost
HOUSEHOLD_1_425,CA_2,Estacional,2016-05-07,6.241112,XGBoost
HOUSEHOLD_1_425,CA_2,Estacional,2016-05-08,5.4218173,XGBoost
HOUSEHOLD_1_425,CA_2,Estacional,2016-05-09,2.9721606,XGBoost
HOUSEHOLD_1_425,CA_2,Estacional,2016-05-10,2.8263745,XGBoost
HOUSEHOLD_1_425,CA_2,Estacional,2016-05-11,2.871222,XGBoost
HOUSEHOLD_1_425,CA_2,Estacional,2016-05-12,2.8737633,XGBoost
HOUSEHOLD_1_425,CA_2,Estacional,2016-05-13,4.125727,XGBoost
HOUSEHOLD_1_425,CA_2,Estacional,2016-05-14,5.4464045,XGBoost
HOUSEHOLD_1_425,CA_2,Estacional,2016-05-15,5.1193604,XGBoost
HOUSEHOLD_1_425,CA_2,Estacional,2016-05-16,3.056842,XGBoost
HOUSEHOLD_1_425,CA_2,Estacional,2016-05-17,2.9623833,XGBoost
HOUSEHOLD_1_425,CA_2,Estacional,2016-05-18,2.8309243,XGBoost
HOUSEHOLD_1_425,CA_2,Estacional,2016-05-19,2.7926707,XGBoost
HOUSEHOLD_1_425,CA_2,Estacional,2016-05-20,3.897324,XGBoost
HOUSEHOLD_1_425,CA_2,Estacional,2016-05-21,5.646767,XGBoost
HOUSEHOLD_1_425,CA_2,Estacional,2016-05-22,5.2487917,XGBoost
HOUSEHOLD_1_434,CA_2,Estacional,2016-04-25,3.0712109,XGBoost
HOUSEHOLD_1_434,CA_2,Estacional,2016-04-26,2.701323,XGBoost
HOUSEHOLD_1_434,CA_2,Estacional,2016-04-27,2.807767,XGBoost
HOUSEHOLD_1_434,CA_2,Estacional,2016-04-28,2.7748194,XGBoost
HOUSEHOLD_1_434,CA_2,Estacional,2016-04-29,3.2594206,XGBoost
HOUSEHOLD_1_434,CA_2,Estacional,2016-04-30,4.8253336,XGBoost
HOUSEHOLD_1_434,CA_2,Estacional,2016-05-01,4.0229106,XGBoost
HOUSEHOLD_1_434,CA_2,Estacional,2016-05-02,2.9249146,XGBoost
HOUSEHOLD_1_434,CA_2,Estacional,2016-05-03,2.4126506,XGBoost
HOUSEHOLD_1_434,CA_2,Estacional,2016-05-04,2.4237654,XGBoost
HOUSEHOLD_1_434,CA_2,Estacional,2016-05-05,2.8484478,XGBoost
HOUSEHOLD_1_434,CA_2,Estacional,2016-05-06,3.117027,XGBoost
HOUSEHOLD_1_434,CA_2,Estacional,2016-05-07,4.7552485,XGBoost
HOUSEHOLD_1_434,CA_2,Estacional,2016-05-08,4.2850904,XGBoost
HOUSEHOLD_1_434,CA_2,Estacional,2016-05-09,3.0605862,XGBoost
HOUSEHOLD_1_434,CA_2,Estacional,2016-05-10,2.529172,XGBoost
HOUSEHOLD_1_434,CA_2,Estacional,2016-05-11,2.4455857,XGBoost
HOUSEHOLD_1_434,CA_2,Estacional,2016-05-12,2.4676023,XGBoost
HOUSEHOLD_1_434,CA_2,Estacional,2016-05-13,3.4005053,XGBoost
HOUSEHOLD_1_434,CA_2,Estacional,2016-05-14,4.452741,XGBoost
HOUSEHOLD_1_434,CA_2,Estacional,2016-05-15,4.040631,XGBoost
HOUSEHOLD_1_434,CA_2,Estacional,2016-05-16,2.5871577,XGBoost
HOUSEHOLD_1_434,CA_2,Estacional,2016-05-17,2.5109963,XGBoost
HOUSEHOLD_1_434,CA_2,Estacional,2016-05-18,2.4952848,XGBoost
HOUSEHOLD_1_434,CA_2,Estacional,2016-05-19,2.4699094,XGBoost
HOUSEHOLD_1_434,CA_2,Estacional,2016-05-20,2.9993591,XGBoost
HOUSEHOLD_1_434,CA_2,Estacional,2016-05-21,4.4017515,XGBoost
HOUSEHOLD_1_434,CA_2,Estacional,2016-05-22,4.001101,XGBoost
HOUSEHOLD_1_445,CA_2,Estacional,2016-04-25,2.2157714,XGBoost
HOUSEHOLD_1_445,CA_2,Estacional,2016-04-26,2.0895329,XGBoost
HOUSEHOLD_1_445,CA_2,Estacional,2016-04-27,2.2969384,XGBoost
HOUSEHOLD_1_445,CA_2,Estacional,2016-04-28,2.1127152,XGBoost
HOUSEHOLD_1_445,CA_2,Estacional,2016-04-29,2.7330043,XGBoost
HOUSEHOLD_1_445,CA_2,Estacional,2016-04-30,3.637608,XGBoost
HOUSEHOLD_1_445,CA_2,Estacional,2016-05-01,3.8865452,XGBoost
HOUSEHOLD_1_445,CA_2,Estacional,2016-05-02,2.1538806,XGBoost
HOUSEHOLD_1_445,CA_2,Estacional,2016-05-03,1.9652823,XGBoost
HOUSEHOLD_1_445,CA_2,Estacional,2016-05-04,2.2159731,XGBoost
HOUSEHOLD_1_445,CA_2,Estacional,2016-05-05,2.012901,XGBoost
HOUSEHOLD_1_445,CA_2,Estacional,2016-05-06,2.8616006,XGBoost
HOUSEHOLD_1_445,CA_2,Estacional,2016-05-07,3.7805166,XGBoost
HOUSEHOLD_1_445,CA_2,Estacional,2016-05-08,3.4634838,XGBoost
HOUSEHOLD_1_445,CA_2,Estacional,2016-05-09,2.1708875,XGBoost
HOUSEHOLD_1_445,CA_2,Estacional,2016-05-10,1.9555805,XGBoost
HOUSEHOLD_1_445,CA_2,Estacional,2016-05-11,1.9918236,XGBoost
HOUSEHOLD_1_445,CA_2,Estacional,2016-05-12,1.8567708,XGBoost
HOUSEHOLD_1_445,CA_2,Estacional,2016-05-13,2.3789299,XGBoost
HOUSEHOLD_1_445,CA_2,Estacional,2016-05-14,3.5397036,XGBoost
HOUSEHOLD_1_445,CA_2,Estacional,2016-05-15,3.6153476,XGBoost
HOUSEHOLD_1_445,CA_2,Estacional,2016-05-16,2.0091987,XGBoost
HOUSEHOLD_1_445,CA_2,Estacional,2016-05-17,1.9282894,XGBoost
HOUSEHOLD_1_445,CA_2,Estacional,2016-05-18,2.0549064,XGBoost
HOUSEHOLD_1_445,CA_2,Estacional,2016-05-19,1.932638,XGBoost
HOUSEHOLD_1_445,CA_2,Estacional,2016-05-20,2.5249074,XGBoost
HOUSEHOLD_1_445,CA_2,Estacional,2016-05-21,3.366342,XGBoost
HOUSEHOLD_1_445,CA_2,Estacional,2016-05-22,3.6946526,XGBoost
HOUSEHOLD_1_460,CA_2,Estacional,2016-04-25,0.77663285,XGBoost
HOUSEHOLD_1_460,CA_2,Estacional,2016-04-26,0.6314702,XGBoost
HOUSEHOLD_1_460,CA_2,Estacional,2016-04-27,0.85731035,XGBoost
HOUSEHOLD_1_460,CA_2,Estacional,2016-04-28,0.67839867,XGBoost
HOUSEHOLD_1_460,CA_2,Estacional,2016-04-29,0.8284142,XGBoost
HOUSEHOLD_1_460,CA_2,Estacional,2016-04-30,1.0717645,XGBoost
HOUSEHOLD_1_460,CA_2,Estacional,2016-05-01,1.0444005,XGBoost
HOUSEHOLD_1_460,CA_2,Estacional,2016-05-02,0.7854329,XGBoost
HOUSEHOLD_1_460,CA_2,Estacional,2016-05-03,0.6939498,XGBoost
HOUSEHOLD_1_460,CA_2,Estacional,2016-05-04,0.7433608,XGBoost
HOUSEHOLD_1_460,CA_2,Estacional,2016-05-05,0.74026227,XGBoost
HOUSEHOLD_1_460,CA_2,Estacional,2016-05-06,0.87642837,XGBoost
HOUSEHOLD_1_460,CA_2,Estacional,2016-05-07,1.1263673,XGBoost
HOUSEHOLD_1_460,CA_2,Estacional,2016-05-08,1.0444005,XGBoost
HOUSEHOLD_1_460,CA_2,Estacional,2016-05-09,0.79803216,XGBoost
HOUSEHOLD_1_460,CA_2,Estacional,2016-05-10,0.6920838,XGBoost
HOUSEHOLD_1_460,CA_2,Estacional,2016-05-11,0.7756009,XGBoost
HOUSEHOLD_1_460,CA_2,Estacional,2016-05-12,0.7245468,XGBoost
HOUSEHOLD_1_460,CA_2,Estacional,2016-05-13,0.8745623,XGBoost
HOUSEHOLD_1_460,CA_2,Estacional,2016-05-14,1.1389667,XGBoost
HOUSEHOLD_1_460,CA_2,Estacional,2016-05-15,1.0971195,XGBoost
HOUSEHOLD_1_460,CA_2,Estacional,2016-05-16,0.8824401,XGBoost
HOUSEHOLD_1_460,CA_2,Estacional,2016-05-17,0.6920838,XGBoost
HOUSEHOLD_1_460,CA_2,Estacional,2016-05-18,0.8107528,XGBoost
HOUSEHOLD_1_460,CA_2,Estacional,2016-05-19,0.7408049,XGBoost
HOUSEHOLD_1_460,CA_2,Estacional,2016-05-20,0.8745623,XGBoost
HOUSEHOLD_1_460,CA_2,Estacional,2016-05-21,1.1389667,XGBoost
HOUSEHOLD_1_460,CA_2,Estacional,2016-05-22,1.0971195,XGBoost
HOUSEHOLD_1_469,CA_2,Estacional,2016-04-25,1.8047266,XGBoost
HOUSEHOLD_1_469,CA_2,Estacional,2016-04-26,1.5956239,XGBoost
HOUSEHOLD_1_469,CA_2,Estacional,2016-04-27,1.5826827,XGBoost
HOUSEHOLD_1_469,CA_2,Estacional,2016-04-28,1.8513602,XGBoost
HOUSEHOLD_1_469,CA_2,Estacional,2016-04-29,2.2357576,XGBoost
HOUSEHOLD_1_469,CA_2,Estacional,2016-04-30,3.1636732,XGBoost
HOUSEHOLD_1_469,CA_2,Estacional,2016-05-01,3.3049386,XGBoost
HOUSEHOLD_1_469,CA_2,Estacional,2016-05-02,1.8765812,XGBoost
HOUSEHOLD_1_469,CA_2,Estacional,2016-05-03,1.7016073,XGBoost
HOUSEHOLD_1_469,CA_2,Estacional,2016-05-04,1.7361362,XGBoost
HOUSEHOLD_1_469,CA_2,Estacional,2016-05-05,1.7133034,XGBoost
HOUSEHOLD_1_469,CA_2,Estacional,2016-05-06,2.3316226,XGBoost
HOUSEHOLD_1_469,CA_2,Estacional,2016-05-07,3.2212822,XGBoost
HOUSEHOLD_1_469,CA_2,Estacional,2016-05-08,3.3382201,XGBoost
HOUSEHOLD_1_469,CA_2,Estacional,2016-05-09,1.7404729,XGBoost
HOUSEHOLD_1_469,CA_2,Estacional,2016-05-10,1.629352,XGBoost
HOUSEHOLD_1_469,CA_2,Estacional,2016-05-11,1.6310729,XGBoost
HOUSEHOLD_1_469,CA_2,Estacional,2016-05-12,1.7246306,XGBoost
HOUSEHOLD_1_469,CA_2,Estacional,2016-05-13,2.2070112,XGBoost
HOUSEHOLD_1_469,CA_2,Estacional,2016-05-14,2.9142413,XGBoost
HOUSEHOLD_1_469,CA_2,Estacional,2016-05-15,3.0959146,XGBoost
HOUSEHOLD_1_469,CA_2,Estacional,2016-05-16,1.7296281,XGBoost
HOUSEHOLD_1_469,CA_2,Estacional,2016-05-17,1.6397089,XGBoost
HOUSEHOLD_1_469,CA_2,Estacional,2016-05-18,1.6027956,XGBoost
HOUSEHOLD_1_469,CA_2,Estacional,2016-05-19,1.8062868,XGBoost
HOUSEHOLD_1_469,CA_2,Estacional,2016-05-20,2.2280664,XGBoost
HOUSEHOLD_1_469,CA_2,Estacional,2016-05-21,3.1226103,XGBoost
HOUSEHOLD_1_469,CA_2,Estacional,2016-05-22,3.1357267,XGBoost
HOUSEHOLD_1_474,CA_2,Estacional,2016-04-25,3.6496391,XGBoost
HOUSEHOLD_1_474,CA_2,Estacional,2016-04-26,3.0613194,XGBoost
HOUSEHOLD_1_474,CA_2,Estacional,2016-04-27,3.2425904,XGBoost
HOUSEHOLD_1_474,CA_2,Estacional,2016-04-28,3.3132367,XGBoost
HOUSEHOLD_1_474,CA_2,Estacional,2016-04-29,4.459195,XGBoost
HOUSEHOLD_1_474,CA_2,Estacional,2016-04-30,6.1359653,XGBoost
HOUSEHOLD_1_474,CA_2,Estacional,2016-05-01,4.543464,XGBoost
HOUSEHOLD_1_474,CA_2,Estacional,2016-05-02,3.3196778,XGBoost
HOUSEHOLD_1_474,CA_2,Estacional,2016-05-03,2.9463315,XGBoost
HOUSEHOLD_1_474,CA_2,Estacional,2016-05-04,2.904505,XGBoost
HOUSEHOLD_1_474,CA_2,Estacional,2016-05-05,3.1248016,XGBoost
HOUSEHOLD_1_474,CA_2,Estacional,2016-05-06,4.38243,XGBoost
HOUSEHOLD_1_474,CA_2,Estacional,2016-05-07,5.9861813,XGBoost
HOUSEHOLD_1_474,CA_2,Estacional,2016-05-08,4.5904317,XGBoost
HOUSEHOLD_1_474,CA_2,Estacional,2016-05-09,3.3212702,XGBoost
HOUSEHOLD_1_474,CA_2,Estacional,2016-05-10,3.0890489,XGBoost
HOUSEHOLD_1_474,CA_2,Estacional,2016-05-11,3.2275984,XGBoost
HOUSEHOLD_1_474,CA_2,Estacional,2016-05-12,3.0686057,XGBoost
HOUSEHOLD_1_474,CA_2,Estacional,2016-05-13,3.9981704,XGBoost
HOUSEHOLD_1_474,CA_2,Estacional,2016-05-14,5.3956885,XGBoost
HOUSEHOLD_1_474,CA_2,Estacional,2016-05-15,4.611241,XGBoost
HOUSEHOLD_1_474,CA_2,Estacional,2016-05-16,3.4747276,XGBoost
HOUSEHOLD_1_474,CA_2,Estacional,2016-05-17,2.8734968,XGBoost
HOUSEHOLD_1_474,CA_2,Estacional,2016-05-18,3.0208607,XGBoost
HOUSEHOLD_1_474,CA_2,Estacional,2016-05-19,3.1928294,XGBoost
HOUSEHOLD_1_474,CA_2,Estacional,2016-05-20,4.112001,XGBoost
HOUSEHOLD_1_474,CA_2,Estacional,2016-05-21,5.805356,XGBoost
HOUSEHOLD_1_474,CA_2,Estacional,2016-05-22,4.6987286,XGBoost
HOUSEHOLD_1_498,CA_2,Estacional,2016-04-25,2.7636259,XGBoost
HOUSEHOLD_1_498,CA_2,Estacional,2016-04-26,2.7123005,XGBoost
HOUSEHOLD_1_498,CA_2,Estacional,2016-04-27,2.607745,XGBoost
HOUSEHOLD_1_498,CA_2,Estacional,2016-04-28,2.6600275,XGBoost
HOUSEHOLD_1_498,CA_2,Estacional,2016-04-29,3.566242,XGBoost
HOUSEHOLD_1_498,CA_2,Estacional,2016-04-30,4.875952,XGBoost
HOUSEHOLD_1_498,CA_2,Estacional,2016-05-01,4.059638,XGBoost
HOUSEHOLD_1_498,CA_2,Estacional,2016-05-02,2.702121,XGBoost
HOUSEHOLD_1_498,CA_2,Estacional,2016-05-03,2.6982994,XGBoost
HOUSEHOLD_1_498,CA_2,Estacional,2016-05-04,2.6554208,XGBoost
HOUSEHOLD_1_498,CA_2,Estacional,2016-05-05,2.5415504,XGBoost
HOUSEHOLD_1_498,CA_2,Estacional,2016-05-06,3.3653173,XGBoost
HOUSEHOLD_1_498,CA_2,Estacional,2016-05-07,4.9487433,XGBoost
HOUSEHOLD_1_498,CA_2,Estacional,2016-05-08,3.7448804,XGBoost
HOUSEHOLD_1_498,CA_2,Estacional,2016-05-09,2.6425476,XGBoost
HOUSEHOLD_1_498,CA_2,Estacional,2016-05-10,2.5991125,XGBoost
HOUSEHOLD_1_498,CA_2,Estacional,2016-05-11,2.5660198,XGBoost
HOUSEHOLD_1_498,CA_2,Estacional,2016-05-12,2.4431703,XGBoost
HOUSEHOLD_1_498,CA_2,Estacional,2016-05-13,3.2681437,XGBoost
HOUSEHOLD_1_498,CA_2,Estacional,2016-05-14,4.6087737,XGBoost
HOUSEHOLD_1_498,CA_2,Estacional,2016-05-15,3.8436527,XGBoost
HOUSEHOLD_1_498,CA_2,Estacional,2016-05-16,2.6066258,XGBoost
HOUSEHOLD_1_498,CA_2,Estacional,2016-05-17,2.4269998,XGBoost
HOUSEHOLD_1_498,CA_2,Estacional,2016-05-18,2.436037,XGBoost
HOUSEHOLD_1_498,CA_2,Estacional,2016-05-19,2.6107874,XGBoost
HOUSEHOLD_1_498,CA_2,Estacional,2016-05-20,3.0859041,XGBoost
HOUSEHOLD_1_498,CA_2,Estacional,2016-05-21,4.5895424,XGBoost
HOUSEHOLD_1_498,CA_2,Estacional,2016-05-22,4.0279026,XGBoost
HOUSEHOLD_1_528,CA_2,Estacional,2016-04-25,1.1222968,XGBoost
HOUSEHOLD_1_528,CA_2,Estacional,2016-04-26,0.90624785,XGBoost
HOUSEHOLD_1_528,CA_2,Estacional,2016-04-27,0.90624785,XGBoost
HOUSEHOLD_1_528,CA_2,Estacional,2016-04-28,1.0094867,XGBoost
HOUSEHOLD_1_528,CA_2,Estacional,2016-04-29,1.0251027,XGBoost
HOUSEHOLD_1_528,CA_2,Estacional,2016-04-30,2.0098813,XGBoost
HOUSEHOLD_1_528,CA_2,Estacional,2016-05-01,1.3583219,XGBoost
HOUSEHOLD_1_528,CA_2,Estacional,2016-05-02,1.1088263,XGBoost
HOUSEHOLD_1_528,CA_2,Estacional,2016-05-03,0.83001685,XGBoost
HOUSEHOLD_1_528,CA_2,Estacional,2016-05-04,0.83001685,XGBoost
HOUSEHOLD_1_528,CA_2,Estacional,2016-05-05,1.0173703,XGBoost
HOUSEHOLD_1_528,CA_2,Estacional,2016-05-06,1.012495,XGBoost
HOUSEHOLD_1_528,CA_2,Estacional,2016-05-07,1.7989765,XGBoost
HOUSEHOLD_1_528,CA_2,Estacional,2016-05-08,1.3583219,XGBoost
HOUSEHOLD_1_528,CA_2,Estacional,2016-05-09,0.95497394,XGBoost
HOUSEHOLD_1_528,CA_2,Estacional,2016-05-10,0.8507466,XGBoost
HOUSEHOLD_1_528,CA_2,Estacional,2016-05-11,0.8507466,XGBoost
HOUSEHOLD_1_528,CA_2,Estacional,2016-05-12,0.88148856,XGBoost
HOUSEHOLD_1_528,CA_2,Estacional,2016-05-13,1.0187595,XGBoost
HOUSEHOLD_1_528,CA_2,Estacional,2016-05-14,1.6950616,XGBoost
HOUSEHOLD_1_528,CA_2,Estacional,2016-05-15,1.4110409,XGBoost
HOUSEHOLD_1_528,CA_2,Estacional,2016-05-16,0.9655847,XGBoost
HOUSEHOLD_1_528,CA_2,Estacional,2016-05-17,0.85963625,XGBoost
HOUSEHOLD_1_528,CA_2,Estacional,2016-05-18,0.85963625,XGBoost
HOUSEHOLD_1_528,CA_2,Estacional,2016-05-19,0.9078108,XGBoost
HOUSEHOLD_1_528,CA_2,Estacional,2016-05-20,1.1111882,XGBoost
HOUSEHOLD_1_528,CA_2,Estacional,2016-05-21,1.775558,XGBoost
HOUSEHOLD_1_528,CA_2,Estacional,2016-05-22,1.5034695,XGBoost
HOUSEHOLD_1_537,CA_2,Estacional,2016-04-25,1.4704168,XGBoost
HOUSEHOLD_1_537,CA_2,Estacional,2016-04-26,1.2960132,XGBoost
HOUSEHOLD_1_537,CA_2,Estacional,2016-04-27,1.2792152,XGBoost
HOUSEHOLD_1_537,CA_2,Estacional,2016-04-28,1.4949441,XGBoost
HOUSEHOLD_1_537,CA_2,Estacional,2016-04-29,1.5512377,XGBoost
HOUSEHOLD_1_537,CA_2,Estacional,2016-04-30,2.3571062,XGBoost
HOUSEHOLD_1_537,CA_2,Estacional,2016-05-01,2.4043026,XGBoost
HOUSEHOLD_1_537,CA_2,Estacional,2016-05-02,1.4623696,XGBoost
HOUSEHOLD_1_537,CA_2,Estacional,2016-05-03,1.4279482,XGBoost
HOUSEHOLD_1_537,CA_2,Estacional,2016-05-04,1.4304837,XGBoost
HOUSEHOLD_1_537,CA_2,Estacional,2016-05-05,1.336114,XGBoost
HOUSEHOLD_1_537,CA_2,Estacional,2016-05-06,1.5924203,XGBoost
HOUSEHOLD_1_537,CA_2,Estacional,2016-05-07,2.605254,XGBoost
HOUSEHOLD_1_537,CA_2,Estacional,2016-05-08,2.1268308,XGBoost
HOUSEHOLD_1_537,CA_2,Estacional,2016-05-09,1.4248765,XGBoost
HOUSEHOLD_1_537,CA_2,Estacional,2016-05-10,1.3693889,XGBoost
HOUSEHOLD_1_537,CA_2,Estacional,2016-05-11,1.3946916,XGBoost
HOUSEHOLD_1_537,CA_2,Estacional,2016-05-12,1.3891077,XGBoost
HOUSEHOLD_1_537,CA_2,Estacional,2016-05-13,1.5248896,XGBoost
HOUSEHOLD_1_537,CA_2,Estacional,2016-05-14,2.3309925,XGBoost
HOUSEHOLD_1_537,CA_2,Estacional,2016-05-15,2.5621445,XGBoost
HOUSEHOLD_1_537,CA_2,Estacional,2016-05-16,1.3449447,XGBoost
HOUSEHOLD_1_537,CA_2,Estacional,2016-05-17,1.3042064,XGBoost
HOUSEHOLD_1_537,CA_2,Estacional,2016-05-18,1.2660248,XGBoost
HOUSEHOLD_1_537,CA_2,Estacional,2016-05-19,1.2410262,XGBoost
HOUSEHOLD_1_537,CA_2,Estacional,2016-05-20,1.5179917,XGBoost
HOUSEHOLD_1_537,CA_2,Estacional,2016-05-21,2.418504,XGBoost
HOUSEHOLD_1_537,CA_2,Estacional,2016-05-22,2.2787192,XGBoost
HOUSEHOLD_2_166,CA_2,Estacional,2016-04-25,0.13059974,XGBoost
HOUSEHOLD_2_166,CA_2,Estacional,2016-04-26,0.05201859,XGBoost
HOUSEHOLD_2_166,CA_2,Estacional,2016-04-27,0.05201859,XGBoost
HOUSEHOLD_2_166,CA_2,Estacional,2016-04-28,0.08448161,XGBoost
HOUSEHOLD_2_166,CA_2,Estacional,2016-04-29,0.1367907,XGBoost
HOUSEHOLD_2_166,CA_2,Estacional,2016-04-30,0.24980134,XGBoost
HOUSEHOLD_2_166,CA_2,Estacional,2016-05-01,0.12224785,XGBoost
HOUSEHOLD_2_166,CA_2,Estacional,2016-05-02,0.15504894,XGBoost
HOUSEHOLD_2_166,CA_2,Estacional,2016-05-03,0.076467775,XGBoost
HOUSEHOLD_2_166,CA_2,Estacional,2016-05-04,0.076467775,XGBoost
HOUSEHOLD_2_166,CA_2,Estacional,2016-05-05,0.10637989,XGBoost
HOUSEHOLD_2_166,CA_2,Estacional,2016-05-06,0.16123988,XGBoost
HOUSEHOLD_2_166,CA_2,Estacional,2016-05-07,0.20448813,XGBoost
HOUSEHOLD_2_166,CA_2,Estacional,2016-05-08,0.12224785,XGBoost
HOUSEHOLD_2_166,CA_2,Estacional,2016-05-09,0.15504894,XGBoost
HOUSEHOLD_2_166,CA_2,Estacional,2016-05-10,0.076467775,XGBoost
HOUSEHOLD_2_166,CA_2,Estacional,2016-05-11,0.076467775,XGBoost
HOUSEHOLD_2_166,CA_2,Estacional,2016-05-12,0.1089308,XGBoost
HOUSEHOLD_2_166,CA_2,Estacional,2016-05-13,0.16123988,XGBoost
HOUSEHOLD_2_166,CA_2,Estacional,2016-05-14,0.19174369,XGBoost
HOUSEHOLD_2_166,CA_2,Estacional,2016-05-15,0.14989612,XGBoost
HOUSEHOLD_2_166,CA_2,Estacional,2016-05-16,0.15504894,XGBoost
HOUSEHOLD_2_166,CA_2,Estacional,2016-05-17,0.076467775,XGBoost
HOUSEHOLD_2_166,CA_2,Estacional,2016-05-18,0.076467775,XGBoost
HOUSEHOLD_2_166,CA_2,Estacional,2016-05-19,0.1089308,XGBoost
HOUSEHOLD_2_166,CA_2,Estacional,2016-05-20,0.16123988,XGBoost
HOUSEHOLD_2_166,CA_2,Estacional,2016-05-21,0.22601157,XGBoost
HOUSEHOLD_2_166,CA_2,Estacional,2016-05-22,0.14989612,XGBoost
HOUSEHOLD_2_222,CA_2,Estacional,2016-04-25,1.8218938,XGBoost
HOUSEHOLD_2_222,CA_2,Estacional,2016-04-26,1.5566875,XGBoost
HOUSEHOLD_2_222,CA_2,Estacional,2016-04-27,1.8652276,XGBoost
HOUSEHOLD_2_222,CA_2,Estacional,2016-04-28,1.677709,XGBoost
HOUSEHOLD_2_222,CA_2,Estacional,2016-04-29,2.3801427,XGBoost
HOUSEHOLD_2_222,CA_2,Estacional,2016-04-30,3.0349996,XGBoost
HOUSEHOLD_2_222,CA_2,Estacional,2016-05-01,2.685394,XGBoost
HOUSEHOLD_2_222,CA_2,Estacional,2016-05-02,1.7561845,XGBoost
HOUSEHOLD_2_222,CA_2,Estacional,2016-05-03,1.6172609,XGBoost
HOUSEHOLD_2_222,CA_2,Estacional,2016-05-04,1.8601714,XGBoost
HOUSEHOLD_2_222,CA_2,Estacional,2016-05-05,1.7525312,XGBoost
HOUSEHOLD_2_222,CA_2,Estacional,2016-05-06,2.4935312,XGBoost
HOUSEHOLD_2_222,CA_2,Estacional,2016-05-07,3.1937046,XGBoost
HOUSEHOLD_2_222,CA_2,Estacional,2016-05-08,3.2186584,XGBoost
HOUSEHOLD_2_222,CA_2,Estacional,2016-05-09,1.7012799,XGBoost
HOUSEHOLD_2_222,CA_2,Estacional,2016-05-10,1.5509448,XGBoost
HOUSEHOLD_2_222,CA_2,Estacional,2016-05-11,1.7763574,XGBoost
HOUSEHOLD_2_222,CA_2,Estacional,2016-05-12,1.6896048,XGBoost
HOUSEHOLD_2_222,CA_2,Estacional,2016-05-13,2.2965178,XGBoost
HOUSEHOLD_2_222,CA_2,Estacional,2016-05-14,3.1054733,XGBoost
HOUSEHOLD_2_222,CA_2,Estacional,2016-05-15,2.9668736,XGBoost
HOUSEHOLD_2_222,CA_2,Estacional,2016-05-16,1.8386885,XGBoost
HOUSEHOLD_2_222,CA_2,Estacional,2016-05-17,1.653521,XGBoost
HOUSEHOLD_2_222,CA_2,Estacional,2016-05-18,1.6836978,XGBoost
HOUSEHOLD_2_222,CA_2,Estacional,2016-05-19,1.7251983,XGBoost
HOUSEHOLD_2_222,CA_2,Estacional,2016-05-20,2.317419,XGBoost
HOUSEHOLD_2_222,CA_2,Estacional,2016-05-21,3.1118891,XGBoost
HOUSEHOLD_2_222,CA_2,Estacional,2016-05-22,2.9402788,XGBoost
HOUSEHOLD_2_336,CA_2,Estacional,2016-04-25,0.30586767,XGBoost
HOUSEHOLD_2_336,CA_2,Estacional,2016-04-26,0.21578835,XGBoost
HOUSEHOLD_2_336,CA_2,Estacional,2016-04-27,0.14417794,XGBoost
HOUSEHOLD_2_336,CA_2,Estacional,2016-04-28,0.22489616,XGBoost
HOUSEHOLD_2_336,CA_2,Estacional,2016-04-29,0.22671914,XGBoost
HOUSEHOLD_2_336,CA_2,Estacional,2016-04-30,0.8507934,XGBoost
HOUSEHOLD_2_336,CA_2,Estacional,2016-05-01,0.6948058,XGBoost
HOUSEHOLD_2_336,CA_2,Estacional,2016-05-02,0.65389836,XGBoost
HOUSEHOLD_2_336,CA_2,Estacional,2016-05-03,0.75420207,XGBoost
HOUSEHOLD_2_336,CA_2,Estacional,2016-05-04,0.694511,XGBoost
HOUSEHOLD_2_336,CA_2,Estacional,2016-05-05,0.80263054,XGBoost
HOUSEHOLD_2_336,CA_2,Estacional,2016-05-06,0.9121818,XGBoost
HOUSEHOLD_2_336,CA_2,Estacional,2016-05-07,1.5559193,XGBoost
HOUSEHOLD_2_336,CA_2,Estacional,2016-05-08,1.1694269,XGBoost
HOUSEHOLD_2_336,CA_2,Estacional,2016-05-09,0.8310844,XGBoost
HOUSEHOLD_2_336,CA_2,Estacional,2016-05-10,0.6859217,XGBoost
HOUSEHOLD_2_336,CA_2,Estacional,2016-05-11,0.76853687,XGBoost
HOUSEHOLD_2_336,CA_2,Estacional,2016-05-12,0.71838474,XGBoost
HOUSEHOLD_2_336,CA_2,Estacional,2016-05-13,0.8684003,XGBoost
HOUSEHOLD_2_336,CA_2,Estacional,2016-05-14,1.0952072,XGBoost
HOUSEHOLD_2_336,CA_2,Estacional,2016-05-15,1.05336,XGBoost
HOUSEHOLD_2_336,CA_2,Estacional,2016-05-16,0.7918701,XGBoost
HOUSEHOLD_2_336,CA_2,Estacional,2016-05-17,0.6859217,XGBoost
HOUSEHOLD_2_336,CA_2,Estacional,2016-05-18,0.6859217,XGBoost
HOUSEHOLD_2_336,CA_2,Estacional,2016-05-19,0.7408049,XGBoost
HOUSEHOLD_2_336,CA_2,Estacional,2016-05-20,0.89082044,XGBoost
HOUSEHOLD_2_336,CA_2,Estacional,2016-05-21,1.280234,XGBoost
HOUSEHOLD_2_336,CA_2,Estacional,2016-05-22,1.0971195,XGBoost
HOUSEHOLD_2_341,CA_2,Estacional,2016-04-25,1.4494222,XGBoost
HOUSEHOLD_2_341,CA_2,Estacional,2016-04-26,1.3147616,XGBoost
HOUSEHOLD_2_341,CA_2,Estacional,2016-04-27,1.4783769,XGBoost
HOUSEHOLD_2_341,CA_2,Estacional,2016-04-28,1.3271457,XGBoost
HOUSEHOLD_2_341,CA_2,Estacional,2016-04-29,1.5280197,XGBoost
HOUSEHOLD_2_341,CA_2,Estacional,2016-04-30,2.5224085,XGBoost
HOUSEHOLD_2_341,CA_2,Estacional,2016-05-01,2.4548852,XGBoost
HOUSEHOLD_2_341,CA_2,Estacional,2016-05-02,1.396159,XGBoost
HOUSEHOLD_2_341,CA_2,Estacional,2016-05-03,1.1410916,XGBoost
HOUSEHOLD_2_341,CA_2,Estacional,2016-05-04,1.2710198,XGBoost
HOUSEHOLD_2_341,CA_2,Estacional,2016-05-05,1.2798084,XGBoost
HOUSEHOLD_2_341,CA_2,Estacional,2016-05-06,1.3957341,XGBoost
HOUSEHOLD_2_341,CA_2,Estacional,2016-05-07,2.5449452,XGBoost
HOUSEHOLD_2_341,CA_2,Estacional,2016-05-08,2.18635,XGBoost
HOUSEHOLD_2_341,CA_2,Estacional,2016-05-09,1.396159,XGBoost
HOUSEHOLD_2_341,CA_2,Estacional,2016-05-10,1.1410916,XGBoost
HOUSEHOLD_2_341,CA_2,Estacional,2016-05-11,1.1532547,XGBoost
HOUSEHOLD_2_341,CA_2,Estacional,2016-05-12,1.2537705,XGBoost
HOUSEHOLD_2_341,CA_2,Estacional,2016-05-13,1.6537282,XGBoost
HOUSEHOLD_2_341,CA_2,Estacional,2016-05-14,2.514686,XGBoost
HOUSEHOLD_2_341,CA_2,Estacional,2016-05-15,2.1614335,XGBoost
HOUSEHOLD_2_341,CA_2,Estacional,2016-05-16,1.4652268,XGBoost
HOUSEHOLD_2_341,CA_2,Estacional,2016-05-17,1.3433105,XGBoost
HOUSEHOLD_2_341,CA_2,Estacional,2016-05-18,1.472555,XGBoost
HOUSEHOLD_2_341,CA_2,Estacional,2016-05-19,1.3914851,XGBoost
HOUSEHOLD_2_341,CA_2,Estacional,2016-05-20,1.5248896,XGBoost
HOUSEHOLD_2_341,CA_2,Estacional,2016-05-21,2.4463332,XGBoost
HOUSEHOLD_2_341,CA_2,Estacional,2016-05-22,2.3679857,XGBoost
HOUSEHOLD_2_403,CA_2,Estacional,2016-04-25,0.8338378,XGBoost
HOUSEHOLD_2_403,CA_2,Estacional,2016-04-26,0.81898725,XGBoost
HOUSEHOLD_2_403,CA_2,Estacional,2016-04-27,0.72162503,XGBoost
HOUSEHOLD_2_403,CA_2,Estacional,2016-04-28,0.80236506,XGBoost
HOUSEHOLD_2_403,CA_2,Estacional,2016-04-29,0.9701024,XGBoost
HOUSEHOLD_2_403,CA_2,Estacional,2016-04-30,1.4627997,XGBoost
HOUSEHOLD_2_403,CA_2,Estacional,2016-05-01,1.1868002,XGBoost
HOUSEHOLD_2_403,CA_2,Estacional,2016-05-02,0.8408474,XGBoost
HOUSEHOLD_2_403,CA_2,Estacional,2016-05-03,0.7476433,XGBoost
HOUSEHOLD_2_403,CA_2,Estacional,2016-05-04,0.734899,XGBoost
HOUSEHOLD_2_403,CA_2,Estacional,2016-05-05,0.8203254,XGBoost
HOUSEHOLD_2_403,CA_2,Estacional,2016-05-06,0.9483207,XGBoost
HOUSEHOLD_2_403,CA_2,Estacional,2016-05-07,1.3792908,XGBoost
HOUSEHOLD_2_403,CA_2,Estacional,2016-05-08,1.139873,XGBoost
HOUSEHOLD_2_403,CA_2,Estacional,2016-05-09,0.90899706,XGBoost
HOUSEHOLD_2_403,CA_2,Estacional,2016-05-10,0.75061053,XGBoost
HOUSEHOLD_2_403,CA_2,Estacional,2016-05-11,0.7083419,XGBoost
HOUSEHOLD_2_403,CA_2,Estacional,2016-05-12,0.7535492,XGBoost
HOUSEHOLD_2_403,CA_2,Estacional,2016-05-13,0.9180302,XGBoost
HOUSEHOLD_2_403,CA_2,Estacional,2016-05-14,1.2941108,XGBoost
HOUSEHOLD_2_403,CA_2,Estacional,2016-05-15,1.192592,XGBoost
HOUSEHOLD_2_403,CA_2,Estacional,2016-05-16,0.8408474,XGBoost
HOUSEHOLD_2_403,CA_2,Estacional,2016-05-17,0.7741131,XGBoost
HOUSEHOLD_2_403,CA_2,Estacional,2016-05-18,0.734899,XGBoost
HOUSEHOLD_2_403,CA_2,Estacional,2016-05-19,0.82474756,XGBoost
HOUSEHOLD_2_403,CA_2,Estacional,2016-05-20,0.93785423,XGBoost
HOUSEHOLD_2_403,CA_2,Estacional,2016-05-21,1.3799251,XGBoost
HOUSEHOLD_2_403,CA_2,Estacional,2016-05-22,1.3069489,XGBoost
HOUSEHOLD_2_465,CA_2,Estacional,2016-04-25,0.8163982,XGBoost
HOUSEHOLD_2_465,CA_2,Estacional,2016-04-26,0.7406267,XGBoost
HOUSEHOLD_2_465,CA_2,Estacional,2016-04-27,0.73441434,XGBoost
HOUSEHOLD_2_465,CA_2,Estacional,2016-04-28,0.7685984,XGBoost
HOUSEHOLD_2_465,CA_2,Estacional,2016-04-29,1.0082626,XGBoost
HOUSEHOLD_2_465,CA_2,Estacional,2016-04-30,1.181922,XGBoost
HOUSEHOLD_2_465,CA_2,Estacional,2016-05-01,1.0606586,XGBoost
HOUSEHOLD_2_465,CA_2,Estacional,2016-05-02,0.8142904,XGBoost
HOUSEHOLD_2_465,CA_2,Estacional,2016-05-03,0.74755615,XGBoost
HOUSEHOLD_2_465,CA_2,Estacional,2016-05-04,0.76005524,XGBoost
HOUSEHOLD_2_465,CA_2,Estacional,2016-05-05,0.7934879,XGBoost
HOUSEHOLD_2_465,CA_2,Estacional,2016-05-06,1.0886158,XGBoost
HOUSEHOLD_2_465,CA_2,Estacional,2016-05-07,1.1552248,XGBoost
HOUSEHOLD_2_465,CA_2,Estacional,2016-05-08,1.1741409,XGBoost
HOUSEHOLD_2_465,CA_2,Estacional,2016-05-09,0.8408474,XGBoost
HOUSEHOLD_2_465,CA_2,Estacional,2016-05-10,0.734899,XGBoost
HOUSEHOLD_2_465,CA_2,Estacional,2016-05-11,0.7621086,XGBoost
HOUSEHOLD_2_465,CA_2,Estacional,2016-05-12,0.7801063,XGBoost
HOUSEHOLD_2_465,CA_2,Estacional,2016-05-13,0.91737753,XGBoost
HOUSEHOLD_2_465,CA_2,Estacional,2016-05-14,1.1552248,XGBoost
HOUSEHOLD_2_465,CA_2,Estacional,2016-05-15,1.192592,XGBoost
HOUSEHOLD_2_465,CA_2,Estacional,2016-05-16,0.8408474,XGBoost
HOUSEHOLD_2_465,CA_2,Estacional,2016-05-17,0.734899,XGBoost
HOUSEHOLD_2_465,CA_2,Estacional,2016-05-18,0.734899,XGBoost
HOUSEHOLD_2_465,CA_2,Estacional,2016-05-19,0.7408049,XGBoost
HOUSEHOLD_2_465,CA_2,Estacional,2016-05-20,0.9052858,XGBoost
HOUSEHOLD_2_465,CA_2,Estacional,2016-05-21,1.1552248,XGBoost
HOUSEHOLD_2_465,CA_2,Estacional,2016-05-22,1.1133776,XGBoost
HOUSEHOLD_2_472,CA_2,Estacional,2016-04-25,0.47224468,XGBoost
HOUSEHOLD_2_472,CA_2,Estacional,2016-04-26,0.38408872,XGBoost
HOUSEHOLD_2_472,CA_2,Estacional,2016-04-27,0.38408872,XGBoost
HOUSEHOLD_2_472,CA_2,Estacional,2016-04-28,0.41655177,XGBoost
HOUSEHOLD_2_472,CA_2,Estacional,2016-04-29,0.5613119,XGBoost
HOUSEHOLD_2_472,CA_2,Estacional,2016-04-30,0.72392637,XGBoost
HOUSEHOLD_2_472,CA_2,Estacional,2016-05-01,0.65391564,XGBoost
HOUSEHOLD_2_472,CA_2,Estacional,2016-05-02,0.62666196,XGBoost
HOUSEHOLD_2_472,CA_2,Estacional,2016-05-03,0.53850603,XGBoost
HOUSEHOLD_2_472,CA_2,Estacional,2016-05-04,0.53850603,XGBoost
HOUSEHOLD_2_472,CA_2,Estacional,2016-05-05,0.6074113,XGBoost
HOUSEHOLD_2_472,CA_2,Estacional,2016-05-06,0.79931927,XGBoost
HOUSEHOLD_2_472,CA_2,Estacional,2016-05-07,0.9558087,XGBoost
HOUSEHOLD_2_472,CA_2,Estacional,2016-05-08,0.8112624,XGBoost
HOUSEHOLD_2_472,CA_2,Estacional,2016-05-09,0.6796467,XGBoost
HOUSEHOLD_2_472,CA_2,Estacional,2016-05-10,0.57369816,XGBoost
HOUSEHOLD_2_472,CA_2,Estacional,2016-05-11,0.57369816,XGBoost
HOUSEHOLD_2_472,CA_2,Estacional,2016-05-12,0.6423256,XGBoost
HOUSEHOLD_2_472,CA_2,Estacional,2016-05-13,0.7923411,XGBoost
HOUSEHOLD_2_472,CA_2,Estacional,2016-05-14,1.0820929,XGBoost
HOUSEHOLD_2_472,CA_2,Estacional,2016-05-15,1.0115685,XGBoost
HOUSEHOLD_2_472,CA_2,Estacional,2016-05-16,0.7158111,XGBoost
HOUSEHOLD_2_472,CA_2,Estacional,2016-05-17,0.6222358,XGBoost
HOUSEHOLD_2_472,CA_2,Estacional,2016-05-18,0.6222358,XGBoost
HOUSEHOLD_2_472,CA_2,Estacional,2016-05-19,0.6546988,XGBoost
HOUSEHOLD_2_472,CA_2,Estacional,2016-05-20,0.8047143,XGBoost
HOUSEHOLD_2_472,CA_2,Estacional,2016-05-21,1.0915387,XGBoost
HOUSEHOLD_2_472,CA_2,Estacional,2016-05-22,1.0496914,XGBoost
FOODS_1_048,CA_2,Estacional,2016-04-25,1.0373617,XGBoost
FOODS_1_048,CA_2,Estacional,2016-04-26,0.8570895,XGBoost
FOODS_1_048,CA_2,Estacional,2016-04-27,0.98669,XGBoost
FOODS_1_048,CA_2,Estacional,2016-04-28,0.87508714,XGBoost
FOODS_1_048,CA_2,Estacional,2016-04-29,1.2369559,XGBoost
FOODS_1_048,CA_2,Estacional,2016-04-30,1.677696,XGBoost
FOODS_1_048,CA_2,Estacional,2016-05-01,1.3710662,XGBoost
FOODS_1_048,CA_2,Estacional,2016-05-02,1.0036464,XGBoost
FOODS_1_048,CA_2,Estacional,2016-05-03,0.85337186,XGBoost
FOODS_1_048,CA_2,Estacional,2016-05-04,0.85337186,XGBoost
FOODS_1_048,CA_2,Estacional,2016-05-05,0.90781474,XGBoost
FOODS_1_048,CA_2,Estacional,2016-05-06,1.1969469,XGBoost
FOODS_1_048,CA_2,Estacional,2016-05-07,1.7106482,XGBoost
FOODS_1_048,CA_2,Estacional,2016-05-08,1.4850184,XGBoost
FOODS_1_048,CA_2,Estacional,2016-05-09,1.0846196,XGBoost
FOODS_1_048,CA_2,Estacional,2016-05-10,0.93549377,XGBoost
FOODS_1_048,CA_2,Estacional,2016-05-11,0.93549377,XGBoost
FOODS_1_048,CA_2,Estacional,2016-05-12,0.9679569,XGBoost
FOODS_1_048,CA_2,Estacional,2016-05-13,1.1884847,XGBoost
FOODS_1_048,CA_2,Estacional,2016-05-14,1.6083485,XGBoost
FOODS_1_048,CA_2,Estacional,2016-05-15,1.5610483,XGBoost
FOODS_1_048,CA_2,Estacional,2016-05-16,1.05741,XGBoost
FOODS_1_048,CA_2,Estacional,2016-05-17,0.93549377,XGBoost
FOODS_1_048,CA_2,Estacional,2016-05-18,1.0918974,XGBoost
FOODS_1_048,CA_2,Estacional,2016-05-19,0.9193709,XGBoost
FOODS_1_048,CA_2,Estacional,2016-05-20,1.188785,XGBoost
FOODS_1_048,CA_2,Estacional,2016-05-21,1.6308749,XGBoost
FOODS_1_048,CA_2,Estacional,2016-05-22,1.4991062,XGBoost
FOODS_1_215,CA_2,Estacional,2016-04-25,4.1873355,XGBoost
FOODS_1_215,CA_2,Estacional,2016-04-26,4.482183,XGBoost
FOODS_1_215,CA_2,Estacional,2016-04-27,4.399531,XGBoost
FOODS_1_215,CA_2,Estacional,2016-04-28,5.6331415,XGBoost
FOODS_1_215,CA_2,Estacional,2016-04-29,7.6922693,XGBoost
FOODS_1_215,CA_2,Estacional,2016-04-30,7.878938,XGBoost
FOODS_1_215,CA_2,Estacional,2016-05-01,12.676015,XGBoost
FOODS_1_215,CA_2,Estacional,2016-05-02,4.5074186,XGBoost
FOODS_1_215,CA_2,Estacional,2016-05-03,4.511259,XGBoost
FOODS_1_215,CA_2,Estacional,2016-05-04,4.6598663,XGBoost
FOODS_1_215,CA_2,Estacional,2016-05-05,6.2810254,XGBoost
FOODS_1_215,CA_2,Estacional,2016-05-06,6.9238205,XGBoost
FOODS_1_215,CA_2,Estacional,2016-05-07,8.792861,XGBoost
FOODS_1_215,CA_2,Estacional,2016-05-08,9.885764,XGBoost
FOODS_1_215,CA_2,Estacional,2016-05-09,4.741466,XGBoost
FOODS_1_215,CA_2,Estacional,2016-05-10,4.726109,XGBoost
FOODS_1_215,CA_2,Estacional,2016-05-11,4.726109,XGBoost
FOODS_1_215,CA_2,Estacional,2016-05-12,5.5672812,XGBoost
FOODS_1_215,CA_2,Estacional,2016-05-13,6.704582,XGBoost
FOODS_1_215,CA_2,Estacional,2016-05-14,8.522729,XGBoost
FOODS_1_215,CA_2,Estacional,2016-05-15,10.19325,XGBoost
FOODS_1_215,CA_2,Estacional,2016-05-16,4.967193,XGBoost
FOODS_1_215,CA_2,Estacional,2016-05-17,4.994109,XGBoost
FOODS_1_215,CA_2,Estacional,2016-05-18,4.808686,XGBoost
FOODS_1_215,CA_2,Estacional,2016-05-19,5.8686857,XGBoost
FOODS_1_215,CA_2,Estacional,2016-05-20,6.7907186,XGBoost
FOODS_1_215,CA_2,Estacional,2016-05-21,8.589089,XGBoost
FOODS_1_215,CA_2,Estacional,2016-05-22,8.280138,XGBoost
FOODS_2_181,CA_2,Estacional,2016-04-25,2.6571178,XGBoost
FOODS_2_181,CA_2,Estacional,2016-04-26,3.238457,XGBoost
FOODS_2_181,CA_2,Estacional,2016-04-27,2.7055652,XGBoost
FOODS_2_181,CA_2,Estacional,2016-04-28,3.0680969,XGBoost
FOODS_2_181,CA_2,Estacional,2016-04-29,3.4197137,XGBoost
FOODS_2_181,CA_2,Estacional,2016-04-30,4.6933413,XGBoost
FOODS_2_181,CA_2,Estacional,2016-05-01,4.5301685,XGBoost
FOODS_2_181,CA_2,Estacional,2016-05-02,2.6486428,XGBoost
FOODS_2_181,CA_2,Estacional,2016-05-03,2.8823955,XGBoost
FOODS_2_181,CA_2,Estacional,2016-05-04,2.7162256,XGBoost
FOODS_2_181,CA_2,Estacional,2016-05-05,2.901411,XGBoost
FOODS_2_181,CA_2,Estacional,2016-05-06,3.1942825,XGBoost
FOODS_2_181,CA_2,Estacional,2016-05-07,4.275839,XGBoost
FOODS_2_181,CA_2,Estacional,2016-05-08,4.483496,XGBoost
FOODS_2_181,CA_2,Estacional,2016-05-09,2.653859,XGBoost
FOODS_2_181,CA_2,Estacional,2016-05-10,2.6890895,XGBoost
FOODS_2_181,CA_2,Estacional,2016-05-11,2.541409,XGBoost
FOODS_2_181,CA_2,Estacional,2016-05-12,2.6182334,XGBoost
FOODS_2_181,CA_2,Estacional,2016-05-13,3.4311771,XGBoost
FOODS_2_181,CA_2,Estacional,2016-05-14,4.144687,XGBoost
FOODS_2_181,CA_2,Estacional,2016-05-15,4.3026595,XGBoost
FOODS_2_181,CA_2,Estacional,2016-05-16,2.5961792,XGBoost
FOODS_2_181,CA_2,Estacional,2016-05-17,2.6177015,XGBoost
FOODS_2_181,CA_2,Estacional,2016-05-18,2.4269998,XGBoost
FOODS_2_181,CA_2,Estacional,2016-05-19,2.4919896,XGBoost
FOODS_2_181,CA_2,Estacional,2016-05-20,3.2588334,XGBoost
FOODS_2_181,CA_2,Estacional,2016-05-21,4.6101317,XGBoost
FOODS_2_181,CA_2,Estacional,2016-05-22,4.2035255,XGBoost
FOODS_3_080,CA_2,Estacional,2016-04-25,12.46809,XGBoost
FOODS_3_080,CA_2,Estacional,2016-04-26,12.104964,XGBoost
FOODS_3_080,CA_2,Estacional,2016-04-27,11.911148,XGBoost
FOODS_3_080,CA_2,Estacional,2016-04-28,12.642301,XGBoost
FOODS_3_080,CA_2,Estacional,2016-04-29,14.02427,XGBoost
FOODS_3_080,CA_2,Estacional,2016-04-30,18.579407,XGBoost
FOODS_3_080,CA_2,Estacional,2016-05-01,18.822596,XGBoost
FOODS_3_080,CA_2,Estacional,2016-05-02,12.221709,XGBoost
FOODS_3_080,CA_2,Estacional,2016-05-03,11.952582,XGBoost
FOODS_3_080,CA_2,Estacional,2016-05-04,11.696024,XGBoost
FOODS_3_080,CA_2,Estacional,2016-05-05,12.603377,XGBoost
FOODS_3_080,CA_2,Estacional,2016-05-06,13.849498,XGBoost
FOODS_3_080,CA_2,Estacional,2016-05-07,17.904379,XGBoost
FOODS_3_080,CA_2,Estacional,2016-05-08,17.988762,XGBoost
FOODS_3_080,CA_2,Estacional,2016-05-09,12.378415,XGBoost
FOODS_3_080,CA_2,Estacional,2016-05-10,11.635348,XGBoost
FOODS_3_080,CA_2,Estacional,2016-05-11,12.138846,XGBoost
FOODS_3_080,CA_2,Estacional,2016-05-12,12.019073,XGBoost
FOODS_3_080,CA_2,Estacional,2016-05-13,14.374522,XGBoost
FOODS_3_080,CA_2,Estacional,2016-05-14,17.835413,XGBoost
FOODS_3_080,CA_2,Estacional,2016-05-15,18.134665,XGBoost
FOODS_3_080,CA_2,Estacional,2016-05-16,12.569686,XGBoost
FOODS_3_080,CA_2,Estacional,2016-05-17,11.845276,XGBoost
FOODS_3_080,CA_2,Estacional,2016-05-18,11.806904,XGBoost
FOODS_3_080,CA_2,Estacional,2016-05-19,12.194427,XGBoost
FOODS_3_080,CA_2,Estacional,2016-05-20,14.4423895,XGBoost
FOODS_3_080,CA_2,Estacional,2016-05-21,17.92859,XGBoost
FOODS_3_080,CA_2,Estacional,2016-05-22,17.8357,XGBoost
FOODS_3_226,CA_2,Estacional,2016-04-25,4.4300237,XGBoost
FOODS_3_226,CA_2,Estacional,2016-04-26,3.2352192,XGBoost
FOODS_3_226,CA_2,Estacional,2016-04-27,3.3679636,XGBoost
FOODS_3_226,CA_2,Estacional,2016-04-28,3.2379165,XGBoost
FOODS_3_226,CA_2,Estacional,2016-04-29,4.629467,XGBoost
FOODS_3_226,CA_2,Estacional,2016-04-30,5.2023616,XGBoost
FOODS_3_226,CA_2,Estacional,2016-05-01,5.2593803,XGBoost
FOODS_3_226,CA_2,Estacional,2016-05-02,4.0182753,XGBoost
FOODS_3_226,CA_2,Estacional,2016-05-03,3.1832829,XGBoost
FOODS_3_226,CA_2,Estacional,2016-05-04,3.116044,XGBoost
FOODS_3_226,CA_2,Estacional,2016-05-05,3.2080455,XGBoost
FOODS_3_226,CA_2,Estacional,2016-05-06,4.4938955,XGBoost
FOODS_3_226,CA_2,Estacional,2016-05-07,5.1186395,XGBoost
FOODS_3_226,CA_2,Estacional,2016-05-08,4.792798,XGBoost
FOODS_3_226,CA_2,Estacional,2016-05-09,3.9515884,XGBoost
FOODS_3_226,CA_2,Estacional,2016-05-10,3.0731761,XGBoost
FOODS_3_226,CA_2,Estacional,2016-05-11,3.1371028,XGBoost
FOODS_3_226,CA_2,Estacional,2016-05-12,3.1819649,XGBoost
FOODS_3_226,CA_2,Estacional,2016-05-13,4.3223906,XGBoost
FOODS_3_226,CA_2,Estacional,2016-05-14,5.1712956,XGBoost
FOODS_3_226,CA_2,Estacional,2016-05-15,4.792197,XGBoost
FOODS_3_226,CA_2,Estacional,2016-05-16,3.5605485,XGBoost
FOODS_3_226,CA_2,Estacional,2016-05-17,3.0088239,XGBoost
FOODS_3_226,CA_2,Estacional,2016-05-18,3.055232,XGBoost
FOODS_3_226,CA_2,Estacional,2016-05-19,3.0744388,XGBoost
FOODS_3_226,CA_2,Estacional,2016-05-20,3.979617,XGBoost
FOODS_3_226,CA_2,Estacional,2016-05-21,5.0597687,XGBoost
FOODS_3_226,CA_2,Estacional,2016-05-22,4.9922442,XGBoost
FOODS_3_228,CA_2,Estacional,2016-04-25,6.517293,XGBoost
FOODS_3_228,CA_2,Estacional,2016-04-26,5.6136765,XGBoost
FOODS_3_228,CA_2,Estacional,2016-04-27,5.979397,XGBoost
FOODS_3_228,CA_2,Estacional,2016-04-28,5.825389,XGBoost
FOODS_3_228,CA_2,Estacional,2016-04-29,7.1704473,XGBoost
FOODS_3_228,CA_2,Estacional,2016-04-30,9.726112,XGBoost
FOODS_3_228,CA_2,Estacional,2016-05-01,9.548937,XGBoost
FOODS_3_228,CA_2,Estacional,2016-05-02,6.314879,XGBoost
FOODS_3_228,CA_2,Estacional,2016-05-03,5.855452,XGBoost
FOODS_3_228,CA_2,Estacional,2016-05-04,6.1634254,XGBoost
FOODS_3_228,CA_2,Estacional,2016-05-05,5.8797336,XGBoost
FOODS_3_228,CA_2,Estacional,2016-05-06,7.2869873,XGBoost
FOODS_3_228,CA_2,Estacional,2016-05-07,8.408514,XGBoost
FOODS_3_228,CA_2,Estacional,2016-05-08,8.698151,XGBoost
FOODS_3_228,CA_2,Estacional,2016-05-09,6.368697,XGBoost
FOODS_3_228,CA_2,Estacional,2016-05-10,5.9948444,XGBoost
FOODS_3_228,CA_2,Estacional,2016-05-11,5.772122,XGBoost
FOODS_3_228,CA_2,Estacional,2016-05-12,5.741663,XGBoost
FOODS_3_228,CA_2,Estacional,2016-05-13,6.9289756,XGBoost
FOODS_3_228,CA_2,Estacional,2016-05-14,8.327612,XGBoost
FOODS_3_228,CA_2,Estacional,2016-05-15,8.587036,XGBoost
FOODS_3_228,CA_2,Estacional,2016-05-16,6.367455,XGBoost
FOODS_3_228,CA_2,Estacional,2016-05-17,5.9502954,XGBoost
FOODS_3_228,CA_2,Estacional,2016-05-18,5.6603813,XGBoost
FOODS_3_228,CA_2,Estacional,2016-05-19,5.8267198,XGBoost
FOODS_3_228,CA_2,Estacional,2016-05-20,7.2489243,XGBoost
FOODS_3_228,CA_2,Estacional,2016-05-21,9.241122,XGBoost
FOODS_3_228,CA_2,Estacional,2016-05-22,9.008443,XGBoost
FOODS_3_230,CA_2,Estacional,2016-04-25,1.8824561,XGBoost
FOODS_3_230,CA_2,Estacional,2016-04-26,1.6768777,XGBoost
FOODS_3_230,CA_2,Estacional,2016-04-27,1.8241483,XGBoost
FOODS_3_230,CA_2,Estacional,2016-04-28,1.7651137,XGBoost
FOODS_3_230,CA_2,Estacional,2016-04-29,2.3914034,XGBoost
FOODS_3_230,CA_2,Estacional,2016-04-30,3.1611254,XGBoost
FOODS_3_230,CA_2,Estacional,2016-05-01,3.0868175,XGBoost
FOODS_3_230,CA_2,Estacional,2016-05-02,1.963235,XGBoost
FOODS_3_230,CA_2,Estacional,2016-05-03,1.6975019,XGBoost
FOODS_3_230,CA_2,Estacional,2016-05-04,1.6765198,XGBoost
FOODS_3_230,CA_2,Estacional,2016-05-05,1.8309993,XGBoost
FOODS_3_230,CA_2,Estacional,2016-05-06,2.389624,XGBoost
FOODS_3_230,CA_2,Estacional,2016-05-07,2.8377006,XGBoost
FOODS_3_230,CA_2,Estacional,2016-05-08,3.078571,XGBoost
FOODS_3_230,CA_2,Estacional,2016-05-09,1.7404729,XGBoost
FOODS_3_230,CA_2,Estacional,2016-05-10,1.6166077,XGBoost
FOODS_3_230,CA_2,Estacional,2016-05-11,1.7656621,XGBoost
FOODS_3_230,CA_2,Estacional,2016-05-12,1.729965,XGBoost
FOODS_3_230,CA_2,Estacional,2016-05-13,2.2748382,XGBoost
FOODS_3_230,CA_2,Estacional,2016-05-14,2.939994,XGBoost
FOODS_3_230,CA_2,Estacional,2016-05-15,2.9128847,XGBoost
FOODS_3_230,CA_2,Estacional,2016-05-16,1.7139165,XGBoost
FOODS_3_230,CA_2,Estacional,2016-05-17,1.6172609,XGBoost
FOODS_3_230,CA_2,Estacional,2016-05-18,1.7719924,XGBoost
FOODS_3_230,CA_2,Estacional,2016-05-19,1.6352587,XGBoost
FOODS_3_230,CA_2,Estacional,2016-05-20,2.2512577,XGBoost
FOODS_3_230,CA_2,Estacional,2016-05-21,2.9089687,XGBoost
FOODS_3_230,CA_2,Estacional,2016-05-22,2.9278202,XGBoost
FOODS_3_232,CA_2,Estacional,2016-04-25,2.0911071,XGBoost
FOODS_3_232,CA_2,Estacional,2016-04-26,1.6009631,XGBoost
FOODS_3_232,CA_2,Estacional,2016-04-27,1.8381616,XGBoost
FOODS_3_232,CA_2,Estacional,2016-04-28,1.7518512,XGBoost
FOODS_3_232,CA_2,Estacional,2016-04-29,2.6163237,XGBoost
FOODS_3_232,CA_2,Estacional,2016-04-30,3.2096615,XGBoost
FOODS_3_232,CA_2,Estacional,2016-05-01,3.4885674,XGBoost
FOODS_3_232,CA_2,Estacional,2016-05-02,1.9250185,XGBoost
FOODS_3_232,CA_2,Estacional,2016-05-03,1.8075937,XGBoost
FOODS_3_232,CA_2,Estacional,2016-05-04,1.7962716,XGBoost
FOODS_3_232,CA_2,Estacional,2016-05-05,1.8560678,XGBoost
FOODS_3_232,CA_2,Estacional,2016-05-06,2.378631,XGBoost
FOODS_3_232,CA_2,Estacional,2016-05-07,3.112084,XGBoost
FOODS_3_232,CA_2,Estacional,2016-05-08,3.1356235,XGBoost
FOODS_3_232,CA_2,Estacional,2016-05-09,1.871522,XGBoost
FOODS_3_232,CA_2,Estacional,2016-05-10,1.7361362,XGBoost
FOODS_3_232,CA_2,Estacional,2016-05-11,1.653521,XGBoost
FOODS_3_232,CA_2,Estacional,2016-05-12,1.792181,XGBoost
FOODS_3_232,CA_2,Estacional,2016-05-13,2.317419,XGBoost
FOODS_3_232,CA_2,Estacional,2016-05-14,3.102494,XGBoost
FOODS_3_232,CA_2,Estacional,2016-05-15,3.1496081,XGBoost
FOODS_3_232,CA_2,Estacional,2016-05-16,1.9499562,XGBoost
FOODS_3_232,CA_2,Estacional,2016-05-17,1.6718014,XGBoost
FOODS_3_232,CA_2,Estacional,2016-05-18,1.6718014,XGBoost
FOODS_3_232,CA_2,Estacional,2016-05-19,1.7434788,XGBoost
FOODS_3_232,CA_2,Estacional,2016-05-20,2.5995407,XGBoost
FOODS_3_232,CA_2,Estacional,2016-05-21,3.1582246,XGBoost
FOODS_3_232,CA_2,Estacional,2016-05-22,3.32695,XGBoost
FOODS_3_252,CA_2,Estacional,2016-04-25,28.43632,XGBoost
FOODS_3_252,CA_2,Estacional,2016-04-26,29.224297,XGBoost
FOODS_3_252,CA_2,Estacional,2016-04-27,27.560411,XGBoost
FOODS_3_252,CA_2,Estacional,2016-04-28,29.56733,XGBoost
FOODS_3_252,CA_2,Estacional,2016-04-29,32.49579,XGBoost
FOODS_3_252,CA_2,Estacional,2016-04-30,46.989998,XGBoost
FOODS_3_252,CA_2,Estacional,2016-05-01,46.1191,XGBoost
FOODS_3_252,CA_2,Estacional,2016-05-02,30.741766,XGBoost
FOODS_3_252,CA_2,Estacional,2016-05-03,31.10812,XGBoost
FOODS_3_252,CA_2,Estacional,2016-05-04,30.993958,XGBoost
FOODS_3_252,CA_2,Estacional,2016-05-05,30.382305,XGBoost
FOODS_3_252,CA_2,Estacional,2016-05-06,33.325317,XGBoost
FOODS_3_252,CA_2,Estacional,2016-05-07,45.80516,XGBoost
FOODS_3_252,CA_2,Estacional,2016-05-08,43.174385,XGBoost
FOODS_3_252,CA_2,Estacional,2016-05-09,30.935795,XGBoost
FOODS_3_252,CA_2,Estacional,2016-05-10,30.736319,XGBoost
FOODS_3_252,CA_2,Estacional,2016-05-11,29.168003,XGBoost
FOODS_3_252,CA_2,Estacional,2016-05-12,29.182486,XGBoost
FOODS_3_252,CA_2,Estacional,2016-05-13,35.09266,XGBoost
FOODS_3_252,CA_2,Estacional,2016-05-14,45.36224,XGBoost
FOODS_3_252,CA_2,Estacional,2016-05-15,43.84764,XGBoost
FOODS_3_252,CA_2,Estacional,2016-05-16,31.49366,XGBoost
FOODS_3_252,CA_2,Estacional,2016-05-17,30.34547,XGBoost
FOODS_3_252,CA_2,Estacional,2016-05-18,29.042685,XGBoost
FOODS_3_252,CA_2,Estacional,2016-05-19,30.338352,XGBoost
FOODS_3_252,CA_2,Estacional,2016-05-20,34.78497,XGBoost
FOODS_3_252,CA_2,Estacional,2016-05-21,46.74767,XGBoost
FOODS_3_252,CA_2,Estacional,2016-05-22,44.43623,XGBoost
FOODS_3_271,CA_2,Estacional,2016-04-25,0.124531314,XGBoost
FOODS_3_271,CA_2,Estacional,2016-04-26,0.04595013,XGBoost
FOODS_3_271,CA_2,Estacional,2016-04-27,0.04595013,XGBoost
FOODS_3_271,CA_2,Estacional,2016-04-28,0.078413166,XGBoost
FOODS_3_271,CA_2,Estacional,2016-04-29,0.13072225,XGBoost
FOODS_3_271,CA_2,Estacional,2016-04-30,0.16929339,XGBoost
FOODS_3_271,CA_2,Estacional,2016-05-01,0.11617942,XGBoost
FOODS_3_271,CA_2,Estacional,2016-05-02,0.1489805,XGBoost
FOODS_3_271,CA_2,Estacional,2016-05-03,0.07039933,XGBoost
FOODS_3_271,CA_2,Estacional,2016-05-04,0.07039933,XGBoost
FOODS_3_271,CA_2,Estacional,2016-05-05,0.10031144,XGBoost
FOODS_3_271,CA_2,Estacional,2016-05-06,0.15517144,XGBoost
FOODS_3_271,CA_2,Estacional,2016-05-07,0.18567525,XGBoost
FOODS_3_271,CA_2,Estacional,2016-05-08,0.11617942,XGBoost
FOODS_3_271,CA_2,Estacional,2016-05-09,0.1489805,XGBoost
FOODS_3_271,CA_2,Estacional,2016-05-10,0.07039933,XGBoost
FOODS_3_271,CA_2,Estacional,2016-05-11,0.07039933,XGBoost
FOODS_3_271,CA_2,Estacional,2016-05-12,0.10286235,XGBoost
FOODS_3_271,CA_2,Estacional,2016-05-13,0.15517144,XGBoost
FOODS_3_271,CA_2,Estacional,2016-05-14,0.18567525,XGBoost
FOODS_3_271,CA_2,Estacional,2016-05-15,0.14382768,XGBoost
FOODS_3_271,CA_2,Estacional,2016-05-16,0.1489805,XGBoost
FOODS_3_271,CA_2,Estacional,2016-05-17,0.07039933,XGBoost
FOODS_3_271,CA_2,Estacional,2016-05-18,0.07039933,XGBoost
FOODS_3_271,CA_2,Estacional,2016-05-19,0.10286235,XGBoost
FOODS_3_271,CA_2,Estacional,2016-05-20,0.15517144,XGBoost
FOODS_3_271,CA_2,Estacional,2016-05-21,0.18567525,XGBoost
FOODS_3_271,CA_2,Estacional,2016-05-22,0.14382768,XGBoost
FOODS_3_304,CA_2,Estacional,2016-04-25,2.7626643,XGBoost
FOODS_3_304,CA_2,Estacional,2016-04-26,2.364902,XGBoost
FOODS_3_304,CA_2,Estacional,2016-04-27,2.7117534,XGBoost
FOODS_3_304,CA_2,Estacional,2016-04-28,3.3354108,XGBoost
FOODS_3_304,CA_2,Estacional,2016-04-29,2.6659853,XGBoost
FOODS_3_304,CA_2,Estacional,2016-04-30,3.863683,XGBoost
FOODS_3_304,CA_2,Estacional,2016-05-01,3.8638208,XGBoost
FOODS_3_304,CA_2,Estacional,2016-05-02,2.8976572,XGBoost
FOODS_3_304,CA_2,Estacional,2016-05-03,2.3028488,XGBoost
FOODS_3_304,CA_2,Estacional,2016-05-04,2.7438283,XGBoost
FOODS_3_304,CA_2,Estacional,2016-05-05,3.0733023,XGBoost
FOODS_3_304,CA_2,Estacional,2016-05-06,2.9332285,XGBoost
FOODS_3_304,CA_2,Estacional,2016-05-07,3.910403,XGBoost
FOODS_3_304,CA_2,Estacional,2016-05-08,3.6921923,XGBoost
FOODS_3_304,CA_2,Estacional,2016-05-09,3.0293016,XGBoost
FOODS_3_304,CA_2,Estacional,2016-05-10,2.2781,XGBoost
FOODS_3_304,CA_2,Estacional,2016-05-11,2.5006833,XGBoost
FOODS_3_304,CA_2,Estacional,2016-05-12,3.166733,XGBoost
FOODS_3_304,CA_2,Estacional,2016-05-13,2.6359124,XGBoost
FOODS_3_304,CA_2,Estacional,2016-05-14,3.8297262,XGBoost
FOODS_3_304,CA_2,Estacional,2016-05-15,3.7475424,XGBoost
FOODS_3_304,CA_2,Estacional,2016-05-16,2.5774922,XGBoost
FOODS_3_304,CA_2,Estacional,2016-05-17,2.2908444,XGBoost
FOODS_3_304,CA_2,Estacional,2016-05-18,2.5411115,XGBoost
FOODS_3_304,CA_2,Estacional,2016-05-19,2.677376,XGBoost
FOODS_3_304,CA_2,Estacional,2016-05-20,2.752647,XGBoost
FOODS_3_304,CA_2,Estacional,2016-05-21,4.228967,XGBoost
FOODS_3_304,CA_2,Estacional,2016-05-22,3.727045,XGBoost
FOODS_3_348,CA_2,Estacional,2016-04-25,3.290964,XGBoost
FOODS_3_348,CA_2,Estacional,2016-04-26,2.9784045,XGBoost
FOODS_3_348,CA_2,Estacional,2016-04-27,3.2772946,XGBoost
FOODS_3_348,CA_2,Estacional,2016-04-28,3.1142762,XGBoost
FOODS_3_348,CA_2,Estacional,2016-04-29,3.7139764,XGBoost
FOODS_3_348,CA_2,Estacional,2016-04-30,5.21862,XGBoost
FOODS_3_348,CA_2,Estacional,2016-05-01,5.50191,XGBoost
FOODS_3_348,CA_2,Estacional,2016-05-02,3.0599732,XGBoost
FOODS_3_348,CA_2,Estacional,2016-05-03,2.8138876,XGBoost
FOODS_3_348,CA_2,Estacional,2016-05-04,2.9596388,XGBoost
FOODS_3_348,CA_2,Estacional,2016-05-05,3.2304442,XGBoost
FOODS_3_348,CA_2,Estacional,2016-05-06,3.5784729,XGBoost
FOODS_3_348,CA_2,Estacional,2016-05-07,5.1430883,XGBoost
FOODS_3_348,CA_2,Estacional,2016-05-08,5.0670223,XGBoost
FOODS_3_348,CA_2,Estacional,2016-05-09,3.0386746,XGBoost
FOODS_3_348,CA_2,Estacional,2016-05-10,2.7891388,XGBoost
FOODS_3_348,CA_2,Estacional,2016-05-11,2.8835258,XGBoost
FOODS_3_348,CA_2,Estacional,2016-05-12,2.9724221,XGBoost
FOODS_3_348,CA_2,Estacional,2016-05-13,3.5235631,XGBoost
FOODS_3_348,CA_2,Estacional,2016-05-14,4.8014064,XGBoost
FOODS_3_348,CA_2,Estacional,2016-05-15,4.895239,XGBoost
FOODS_3_348,CA_2,Estacional,2016-05-16,3.0898247,XGBoost
FOODS_3_348,CA_2,Estacional,2016-05-17,2.874977,XGBoost
FOODS_3_348,CA_2,Estacional,2016-05-18,3.0330555,XGBoost
FOODS_3_348,CA_2,Estacional,2016-05-19,2.9249766,XGBoost
FOODS_3_348,CA_2,Estacional,2016-05-20,3.6568177,XGBoost
FOODS_3_348,CA_2,Estacional,2016-05-21,5.000482,XGBoost
FOODS_3_348,CA_2,Estacional,2016-05-22,4.800049,XGBoost
FOODS_3_363,CA_2,Estacional,2016-04-25,4.4990435,XGBoost
FOODS_3_363,CA_2,Estacional,2016-04-26,3.9721475,XGBoost
FOODS_3_363,CA_2,Estacional,2016-04-27,4.1054378,XGBoost
FOODS_3_363,CA_2,Estacional,2016-04-28,4.4005895,XGBoost
FOODS_3_363,CA_2,Estacional,2016-04-29,5.465664,XGBoost
FOODS_3_363,CA_2,Estacional,2016-04-30,7.178054,XGBoost
FOODS_3_363,CA_2,Estacional,2016-05-01,6.868746,XGBoost
FOODS_3_363,CA_2,Estacional,2016-05-02,4.497337,XGBoost
FOODS_3_363,CA_2,Estacional,2016-05-03,4.2625713,XGBoost
FOODS_3_363,CA_2,Estacional,2016-05-04,4.5138774,XGBoost
FOODS_3_363,CA_2,Estacional,2016-05-05,4.167044,XGBoost
FOODS_3_363,CA_2,Estacional,2016-05-06,5.1023436,XGBoost
FOODS_3_363,CA_2,Estacional,2016-05-07,7.2058907,XGBoost
FOODS_3_363,CA_2,Estacional,2016-05-08,6.0619526,XGBoost
FOODS_3_363,CA_2,Estacional,2016-05-09,4.3536005,XGBoost
FOODS_3_363,CA_2,Estacional,2016-05-10,4.0741687,XGBoost
FOODS_3_363,CA_2,Estacional,2016-05-11,4.6166377,XGBoost
FOODS_3_363,CA_2,Estacional,2016-05-12,4.6342387,XGBoost
FOODS_3_363,CA_2,Estacional,2016-05-13,5.2011456,XGBoost
FOODS_3_363,CA_2,Estacional,2016-05-14,6.702852,XGBoost
FOODS_3_363,CA_2,Estacional,2016-05-15,5.791019,XGBoost
FOODS_3_363,CA_2,Estacional,2016-05-16,4.6822405,XGBoost
FOODS_3_363,CA_2,Estacional,2016-05-17,4.0257854,XGBoost
FOODS_3_363,CA_2,Estacional,2016-05-18,3.9272764,XGBoost
FOODS_3_363,CA_2,Estacional,2016-05-19,4.199037,XGBoost
FOODS_3_363,CA_2,Estacional,2016-05-20,5.3380823,XGBoost
FOODS_3_363,CA_2,Estacional,2016-05-21,6.9054375,XGBoost
FOODS_3_363,CA_2,Estacional,2016-05-22,6.44947,XGBoost
FOODS_3_368,CA_2,Estacional,2016-04-25,4.4955735,XGBoost
FOODS_3_368,CA_2,Estacional,2016-04-26,4.0368733,XGBoost
FOODS_3_368,CA_2,Estacional,2016-04-27,3.9840567,XGBoost
FOODS_3_368,CA_2,Estacional,2016-04-28,3.6840732,XGBoost
FOODS_3_368,CA_2,Estacional,2016-04-29,4.637346,XGBoost
FOODS_3_368,CA_2,Estacional,2016-04-30,6.1616526,XGBoost
FOODS_3_368,CA_2,Estacional,2016-05-01,6.1295533,XGBoost
FOODS_3_368,CA_2,Estacional,2016-05-02,4.400567,XGBoost
FOODS_3_368,CA_2,Estacional,2016-05-03,4.021898,XGBoost
FOODS_3_368,CA_2,Estacional,2016-05-04,3.6981564,XGBoost
FOODS_3_368,CA_2,Estacional,2016-05-05,3.6542332,XGBoost
FOODS_3_368,CA_2,Estacional,2016-05-06,4.329962,XGBoost
FOODS_3_368,CA_2,Estacional,2016-05-07,5.954302,XGBoost
FOODS_3_368,CA_2,Estacional,2016-05-08,5.716142,XGBoost
FOODS_3_368,CA_2,Estacional,2016-05-09,4.11709,XGBoost
FOODS_3_368,CA_2,Estacional,2016-05-10,3.5946188,XGBoost
FOODS_3_368,CA_2,Estacional,2016-05-11,3.6719122,XGBoost
FOODS_3_368,CA_2,Estacional,2016-05-12,3.707915,XGBoost
FOODS_3_368,CA_2,Estacional,2016-05-13,4.5535274,XGBoost
FOODS_3_368,CA_2,Estacional,2016-05-14,6.0083933,XGBoost
FOODS_3_368,CA_2,Estacional,2016-05-15,5.95336,XGBoost
FOODS_3_368,CA_2,Estacional,2016-05-16,4.251055,XGBoost
FOODS_3_368,CA_2,Estacional,2016-05-17,3.5392818,XGBoost
FOODS_3_368,CA_2,Estacional,2016-05-18,3.5717878,XGBoost
FOODS_3_368,CA_2,Estacional,2016-05-19,3.4820645,XGBoost
FOODS_3_368,CA_2,Estacional,2016-05-20,4.4981008,XGBoost
FOODS_3_368,CA_2,Estacional,2016-05-21,5.9970665,XGBoost
FOODS_3_368,CA_2,Estacional,2016-05-22,5.9164014,XGBoost
FOODS_3_389,CA_2,Estacional,2016-04-25,9.660216,XGBoost
FOODS_3_389,CA_2,Estacional,2016-04-26,8.705789,XGBoost
FOODS_3_389,CA_2,Estacional,2016-04-27,8.561406,XGBoost
FOODS_3_389,CA_2,Estacional,2016-04-28,7.997524,XGBoost
FOODS_3_389,CA_2,Estacional,2016-04-29,10.098261,XGBoost
FOODS_3_389,CA_2,Estacional,2016-04-30,13.872528,XGBoost
FOODS_3_389,CA_2,Estacional,2016-05-01,12.577591,XGBoost
FOODS_3_389,CA_2,Estacional,2016-05-02,8.7794895,XGBoost
FOODS_3_389,CA_2,Estacional,2016-05-03,8.0652485,XGBoost
FOODS_3_389,CA_2,Estacional,2016-05-04,8.621825,XGBoost
FOODS_3_389,CA_2,Estacional,2016-05-05,7.845415,XGBoost
FOODS_3_389,CA_2,Estacional,2016-05-06,9.791615,XGBoost
FOODS_3_389,CA_2,Estacional,2016-05-07,13.249509,XGBoost
FOODS_3_389,CA_2,Estacional,2016-05-08,11.807326,XGBoost
FOODS_3_389,CA_2,Estacional,2016-05-09,8.640508,XGBoost
FOODS_3_389,CA_2,Estacional,2016-05-10,7.877195,XGBoost
FOODS_3_389,CA_2,Estacional,2016-05-11,8.368151,XGBoost
FOODS_3_389,CA_2,Estacional,2016-05-12,8.222273,XGBoost
FOODS_3_389,CA_2,Estacional,2016-05-13,10.22433,XGBoost
FOODS_3_389,CA_2,Estacional,2016-05-14,12.993762,XGBoost
FOODS_3_389,CA_2,Estacional,2016-05-15,12.46582,XGBoost
FOODS_3_389,CA_2,Estacional,2016-05-16,8.874902,XGBoost
FOODS_3_389,CA_2,Estacional,2016-05-17,8.686716,XGBoost
FOODS_3_389,CA_2,Estacional,2016-05-18,8.452489,XGBoost
FOODS_3_389,CA_2,Estacional,2016-05-19,8.290504,XGBoost
FOODS_3_389,CA_2,Estacional,2016-05-20,10.202857,XGBoost
FOODS_3_389,CA_2,Estacional,2016-05-21,13.186418,XGBoost
FOODS_3_389,CA_2,Estacional,2016-05-22,13.586165,XGBoost
FOODS_3_406,CA_2,Estacional,2016-04-25,3.6959233,XGBoost
FOODS_3_406,CA_2,Estacional,2016-04-26,3.7733927,XGBoost
FOODS_3_406,CA_2,Estacional,2016-04-27,3.4045708,XGBoost
FOODS_3_406,CA_2,Estacional,2016-04-28,3.2554622,XGBoost
FOODS_3_406,CA_2,Estacional,2016-04-29,5.1357446,XGBoost
FOODS_3_406,CA_2,Estacional,2016-04-30,4.9411745,XGBoost
FOODS_3_406,CA_2,Estacional,2016-05-01,5.5924916,XGBoost
FOODS_3_406,CA_2,Estacional,2016-05-02,3.4154744,XGBoost
FOODS_3_406,CA_2,Estacional,2016-05-03,3.427753,XGBoost
FOODS_3_406,CA_2,Estacional,2016-05-04,3.2285695,XGBoost
FOODS_3_406,CA_2,Estacional,2016-05-05,3.0179222,XGBoost
FOODS_3_406,CA_2,Estacional,2016-05-06,4.7365,XGBoost
FOODS_3_406,CA_2,Estacional,2016-05-07,5.1193786,XGBoost
FOODS_3_406,CA_2,Estacional,2016-05-08,5.387629,XGBoost
FOODS_3_406,CA_2,Estacional,2016-05-09,3.4274662,XGBoost
FOODS_3_406,CA_2,Estacional,2016-05-10,3.135054,XGBoost
FOODS_3_406,CA_2,Estacional,2016-05-11,3.291666,XGBoost
FOODS_3_406,CA_2,Estacional,2016-05-12,3.3354492,XGBoost
FOODS_3_406,CA_2,Estacional,2016-05-13,4.483598,XGBoost
FOODS_3_406,CA_2,Estacional,2016-05-14,4.8600216,XGBoost
FOODS_3_406,CA_2,Estacional,2016-05-15,4.900515,XGBoost
FOODS_3_406,CA_2,Estacional,2016-05-16,3.2112737,XGBoost
FOODS_3_406,CA_2,Estacional,2016-05-17,3.0335727,XGBoost
FOODS_3_406,CA_2,Estacional,2016-05-18,3.0959466,XGBoost
FOODS_3_406,CA_2,Estacional,2016-05-19,2.9333718,XGBoost
FOODS_3_406,CA_2,Estacional,2016-05-20,4.4400096,XGBoost
FOODS_3_406,CA_2,Estacional,2016-05-21,4.874661,XGBoost
FOODS_3_406,CA_2,Estacional,2016-05-22,4.7367744,XGBoost
FOODS_3_407,CA_2,Estacional,2016-04-25,2.842821,XGBoost
FOODS_3_407,CA_2,Estacional,2016-04-26,2.7376595,XGBoost
FOODS_3_407,CA_2,Estacional,2016-04-27,2.8387144,XGBoost
FOODS_3_407,CA_2,Estacional,2016-04-28,2.9065013,XGBoost
FOODS_3_407,CA_2,Estacional,2016-04-29,4.251204,XGBoost
FOODS_3_407,CA_2,Estacional,2016-04-30,4.9874444,XGBoost
FOODS_3_407,CA_2,Estacional,2016-05-01,5.1245756,XGBoost
FOODS_3_407,CA_2,Estacional,2016-05-02,2.9772952,XGBoost
FOODS_3_407,CA_2,Estacional,2016-05-03,2.874938,XGBoost
FOODS_3_407,CA_2,Estacional,2016-05-04,2.8816698,XGBoost
FOODS_3_407,CA_2,Estacional,2016-05-05,2.715382,XGBoost
FOODS_3_407,CA_2,Estacional,2016-05-06,4.210022,XGBoost
FOODS_3_407,CA_2,Estacional,2016-05-07,4.9620824,XGBoost
FOODS_3_407,CA_2,Estacional,2016-05-08,5.221729,XGBoost
FOODS_3_407,CA_2,Estacional,2016-05-09,2.7152898,XGBoost
FOODS_3_407,CA_2,Estacional,2016-05-10,2.5551476,XGBoost
FOODS_3_407,CA_2,Estacional,2016-05-11,2.7226236,XGBoost
FOODS_3_407,CA_2,Estacional,2016-05-12,2.6033223,XGBoost
FOODS_3_407,CA_2,Estacional,2016-05-13,3.7392435,XGBoost
FOODS_3_407,CA_2,Estacional,2016-05-14,4.544049,XGBoost
FOODS_3_407,CA_2,Estacional,2016-05-15,4.9470696,XGBoost
FOODS_3_407,CA_2,Estacional,2016-05-16,2.8564508,XGBoost
FOODS_3_407,CA_2,Estacional,2016-05-17,2.5593143,XGBoost
FOODS_3_407,CA_2,Estacional,2016-05-18,2.5593143,XGBoost
FOODS_3_407,CA_2,Estacional,2016-05-19,2.792345,XGBoost
FOODS_3_407,CA_2,Estacional,2016-05-20,3.9947312,XGBoost
FOODS_3_407,CA_2,Estacional,2016-05-21,4.519756,XGBoost
FOODS_3_407,CA_2,Estacional,2016-05-22,4.790259,XGBoost
FOODS_3_450,CA_2,Estacional,2016-04-25,1.4548402,XGBoost
FOODS_3_450,CA_2,Estacional,2016-04-26,1.377001,XGBoost
FOODS_3_450,CA_2,Estacional,2016-04-27,1.4756186,XGBoost
FOODS_3_450,CA_2,Estacional,2016-04-28,1.3065659,XGBoost
FOODS_3_450,CA_2,Estacional,2016-04-29,1.461752,XGBoost
FOODS_3_450,CA_2,Estacional,2016-04-30,2.3424807,XGBoost
FOODS_3_450,CA_2,Estacional,2016-05-01,2.2137065,XGBoost
FOODS_3_450,CA_2,Estacional,2016-05-02,1.5008785,XGBoost
FOODS_3_450,CA_2,Estacional,2016-05-03,1.3613447,XGBoost
FOODS_3_450,CA_2,Estacional,2016-05-04,1.3976997,XGBoost
FOODS_3_450,CA_2,Estacional,2016-05-05,1.2689266,XGBoost
FOODS_3_450,CA_2,Estacional,2016-05-06,1.5063479,XGBoost
FOODS_3_450,CA_2,Estacional,2016-05-07,2.080878,XGBoost
FOODS_3_450,CA_2,Estacional,2016-05-08,1.9799787,XGBoost
FOODS_3_450,CA_2,Estacional,2016-05-09,1.3432237,XGBoost
FOODS_3_450,CA_2,Estacional,2016-05-10,1.2625248,XGBoost
FOODS_3_450,CA_2,Estacional,2016-05-11,1.2769902,XGBoost
FOODS_3_450,CA_2,Estacional,2016-05-12,1.296709,XGBoost
FOODS_3_450,CA_2,Estacional,2016-05-13,1.5512096,XGBoost
FOODS_3_450,CA_2,Estacional,2016-05-14,2.2908356,XGBoost
FOODS_3_450,CA_2,Estacional,2016-05-15,2.3121374,XGBoost
FOODS_3_450,CA_2,Estacional,2016-05-16,1.4168768,XGBoost
FOODS_3_450,CA_2,Estacional,2016-05-17,1.2425222,XGBoost
FOODS_3_450,CA_2,Estacional,2016-05-18,1.227489,XGBoost
FOODS_3_450,CA_2,Estacional,2016-05-19,1.18802,XGBoost
FOODS_3_450,CA_2,Estacional,2016-05-20,1.436055,XGBoost
FOODS_3_450,CA_2,Estacional,2016-05-21,2.3053024,XGBoost
FOODS_3_450,CA_2,Estacional,2016-05-22,2.2276368,XGBoost
FOODS_3_467,CA_2,Estacional,2016-04-25,0.82953674,XGBoost
FOODS_3_467,CA_2,Estacional,2016-04-26,0.67403555,XGBoost
FOODS_3_467,CA_2,Estacional,2016-04-27,0.6595701,XGBoost
FOODS_3_467,CA_2,Estacional,2016-04-28,0.764134,XGBoost
FOODS_3_467,CA_2,Estacional,2016-04-29,0.9115457,XGBoost
FOODS_3_467,CA_2,Estacional,2016-04-30,1.3077079,XGBoost
FOODS_3_467,CA_2,Estacional,2016-05-01,1.3422197,XGBoost
FOODS_3_467,CA_2,Estacional,2016-05-02,0.8740685,XGBoost
FOODS_3_467,CA_2,Estacional,2016-05-03,0.7553758,XGBoost
FOODS_3_467,CA_2,Estacional,2016-05-04,0.8235255,XGBoost
FOODS_3_467,CA_2,Estacional,2016-05-05,0.78908896,XGBoost
FOODS_3_467,CA_2,Estacional,2016-05-06,0.9973554,XGBoost
FOODS_3_467,CA_2,Estacional,2016-05-07,1.4029615,XGBoost
FOODS_3_467,CA_2,Estacional,2016-05-08,1.1440804,XGBoost
FOODS_3_467,CA_2,Estacional,2016-05-09,0.84923255,XGBoost
FOODS_3_467,CA_2,Estacional,2016-05-10,0.72881883,XGBoost
FOODS_3_467,CA_2,Estacional,2016-05-11,0.72881883,XGBoost
FOODS_3_467,CA_2,Estacional,2016-05-12,0.76128185,XGBoost
FOODS_3_467,CA_2,Estacional,2016-05-13,1.0176367,XGBoost
FOODS_3_467,CA_2,Estacional,2016-05-14,1.380555,XGBoost
FOODS_3_467,CA_2,Estacional,2016-05-15,1.1338544,XGBoost
FOODS_3_467,CA_2,Estacional,2016-05-16,0.84923255,XGBoost
FOODS_3_467,CA_2,Estacional,2016-05-17,0.72881883,XGBoost
FOODS_3_467,CA_2,Estacional,2016-05-18,0.72881883,XGBoost
FOODS_3_467,CA_2,Estacional,2016-05-19,0.76128185,XGBoost
FOODS_3_467,CA_2,Estacional,2016-05-20,0.91129726,XGBoost
FOODS_3_467,CA_2,Estacional,2016-05-21,1.2099695,XGBoost
FOODS_3_467,CA_2,Estacional,2016-05-22,1.2812184,XGBoost
FOODS_3_473,CA_2,Estacional,2016-04-25,3.1695685,XGBoost
FOODS_3_473,CA_2,Estacional,2016-04-26,3.3835833,XGBoost
FOODS_3_473,CA_2,Estacional,2016-04-27,3.064868,XGBoost
FOODS_3_473,CA_2,Estacional,2016-04-28,3.118823,XGBoost
FOODS_3_473,CA_2,Estacional,2016-04-29,4.226493,XGBoost
FOODS_3_473,CA_2,Estacional,2016-04-30,5.567081,XGBoost
FOODS_3_473,CA_2,Estacional,2016-05-01,5.675287,XGBoost
FOODS_3_473,CA_2,Estacional,2016-05-02,3.2438548,XGBoost
FOODS_3_473,CA_2,Estacional,2016-05-03,3.0635002,XGBoost
FOODS_3_473,CA_2,Estacional,2016-05-04,3.0194292,XGBoost
FOODS_3_473,CA_2,Estacional,2016-05-05,3.1256435,XGBoost
FOODS_3_473,CA_2,Estacional,2016-05-06,4.192888,XGBoost
FOODS_3_473,CA_2,Estacional,2016-05-07,5.3200216,XGBoost
FOODS_3_473,CA_2,Estacional,2016-05-08,5.2445292,XGBoost
FOODS_3_473,CA_2,Estacional,2016-05-09,3.2057638,XGBoost
FOODS_3_473,CA_2,Estacional,2016-05-10,3.135084,XGBoost
FOODS_3_473,CA_2,Estacional,2016-05-11,3.0615041,XGBoost
FOODS_3_473,CA_2,Estacional,2016-05-12,3.0782557,XGBoost
FOODS_3_473,CA_2,Estacional,2016-05-13,4.191534,XGBoost
FOODS_3_473,CA_2,Estacional,2016-05-14,5.5778008,XGBoost
FOODS_3_473,CA_2,Estacional,2016-05-15,5.2848315,XGBoost
FOODS_3_473,CA_2,Estacional,2016-05-16,3.0881126,XGBoost
FOODS_3_473,CA_2,Estacional,2016-05-17,3.1310103,XGBoost
FOODS_3_473,CA_2,Estacional,2016-05-18,3.0335727,XGBoost
FOODS_3_473,CA_2,Estacional,2016-05-19,2.9984188,XGBoost
FOODS_3_473,CA_2,Estacional,2016-05-20,4.0279937,XGBoost
FOODS_3_473,CA_2,Estacional,2016-05-21,5.2329264,XGBoost
FOODS_3_473,CA_2,Estacional,2016-05-22,5.3712425,XGBoost
FOODS_3_476,CA_2,Estacional,2016-04-25,6.039829,XGBoost
FOODS_3_476,CA_2,Estacional,2016-04-26,5.5560474,XGBoost
FOODS_3_476,CA_2,Estacional,2016-04-27,5.382537,XGBoost
FOODS_3_476,CA_2,Estacional,2016-04-28,5.302774,XGBoost
FOODS_3_476,CA_2,Estacional,2016-04-29,6.3660016,XGBoost
FOODS_3_476,CA_2,Estacional,2016-04-30,9.195677,XGBoost
FOODS_3_476,CA_2,Estacional,2016-05-01,9.052424,XGBoost
FOODS_3_476,CA_2,Estacional,2016-05-02,5.7821975,XGBoost
FOODS_3_476,CA_2,Estacional,2016-05-03,5.446278,XGBoost
FOODS_3_476,CA_2,Estacional,2016-05-04,5.4227576,XGBoost
FOODS_3_476,CA_2,Estacional,2016-05-05,5.235037,XGBoost
FOODS_3_476,CA_2,Estacional,2016-05-06,6.342774,XGBoost
FOODS_3_476,CA_2,Estacional,2016-05-07,9.042908,XGBoost
FOODS_3_476,CA_2,Estacional,2016-05-08,9.006746,XGBoost
FOODS_3_476,CA_2,Estacional,2016-05-09,5.782525,XGBoost
FOODS_3_476,CA_2,Estacional,2016-05-10,5.5933156,XGBoost
FOODS_3_476,CA_2,Estacional,2016-05-11,5.401681,XGBoost
FOODS_3_476,CA_2,Estacional,2016-05-12,5.272131,XGBoost
FOODS_3_476,CA_2,Estacional,2016-05-13,6.558219,XGBoost
FOODS_3_476,CA_2,Estacional,2016-05-14,8.758898,XGBoost
FOODS_3_476,CA_2,Estacional,2016-05-15,8.909856,XGBoost
FOODS_3_476,CA_2,Estacional,2016-05-16,6.044893,XGBoost
FOODS_3_476,CA_2,Estacional,2016-05-17,5.692464,XGBoost
FOODS_3_476,CA_2,Estacional,2016-05-18,5.4867754,XGBoost
FOODS_3_476,CA_2,Estacional,2016-05-19,5.3987794,XGBoost
FOODS_3_476,CA_2,Estacional,2016-05-20,6.8871083,XGBoost
FOODS_3_476,CA_2,Estacional,2016-05-21,8.7559395,XGBoost
FOODS_3_476,CA_2,Estacional,2016-05-22,8.532146,XGBoost
FOODS_3_513,CA_2,Estacional,2016-04-25,1.4548247,XGBoost
FOODS_3_513,CA_2,Estacional,2016-04-26,1.1278623,XGBoost
FOODS_3_513,CA_2,Estacional,2016-04-27,1.3648539,XGBoost
FOODS_3_513,CA_2,Estacional,2016-04-28,1.0947051,XGBoost
FOODS_3_513,CA_2,Estacional,2016-04-29,1.3939606,XGBoost
FOODS_3_513,CA_2,Estacional,2016-04-30,2.3776207,XGBoost
FOODS_3_513,CA_2,Estacional,2016-05-01,1.8709333,XGBoost
FOODS_3_513,CA_2,Estacional,2016-05-02,1.3792912,XGBoost
FOODS_3_513,CA_2,Estacional,2016-05-03,1.1720575,XGBoost
FOODS_3_513,CA_2,Estacional,2016-05-04,1.2630169,XGBoost
FOODS_3_513,CA_2,Estacional,2016-05-05,1.1184623,XGBoost
FOODS_3_513,CA_2,Estacional,2016-05-06,1.2151865,XGBoost
FOODS_3_513,CA_2,Estacional,2016-05-07,2.0721748,XGBoost
FOODS_3_513,CA_2,Estacional,2016-05-08,1.974212,XGBoost
FOODS_3_513,CA_2,Estacional,2016-05-09,1.3224511,XGBoost
FOODS_3_513,CA_2,Estacional,2016-05-10,1.1480806,XGBoost
FOODS_3_513,CA_2,Estacional,2016-05-11,1.1776763,XGBoost
FOODS_3_513,CA_2,Estacional,2016-05-12,1.1003278,XGBoost
FOODS_3_513,CA_2,Estacional,2016-05-13,1.3225073,XGBoost
FOODS_3_513,CA_2,Estacional,2016-05-14,1.9639533,XGBoost
FOODS_3_513,CA_2,Estacional,2016-05-15,1.8791025,XGBoost
FOODS_3_513,CA_2,Estacional,2016-05-16,1.2425514,XGBoost
FOODS_3_513,CA_2,Estacional,2016-05-17,1.1049236,XGBoost
FOODS_3_513,CA_2,Estacional,2016-05-18,1.190521,XGBoost
FOODS_3_513,CA_2,Estacional,2016-05-19,1.1226753,XGBoost
FOODS_3_513,CA_2,Estacional,2016-05-20,1.4130045,XGBoost
FOODS_3_513,CA_2,Estacional,2016-05-21,2.128311,XGBoost
FOODS_3_513,CA_2,Estacional,2016-05-22,1.7581928,XGBoost
FOODS_3_516,CA_2,Estacional,2016-04-25,5.571026,XGBoost
FOODS_3_516,CA_2,Estacional,2016-04-26,5.958031,XGBoost
FOODS_3_516,CA_2,Estacional,2016-04-27,5.9065647,XGBoost
FOODS_3_516,CA_2,Estacional,2016-04-28,6.31966,XGBoost
FOODS_3_516,CA_2,Estacional,2016-04-29,7.7166524,XGBoost
FOODS_3_516,CA_2,Estacional,2016-04-30,10.8864765,XGBoost
FOODS_3_516,CA_2,Estacional,2016-05-01,9.387998,XGBoost
FOODS_3_516,CA_2,Estacional,2016-05-02,5.7626815,XGBoost
FOODS_3_516,CA_2,Estacional,2016-05-03,5.807598,XGBoost
FOODS_3_516,CA_2,Estacional,2016-05-04,5.8327246,XGBoost
FOODS_3_516,CA_2,Estacional,2016-05-05,6.5556717,XGBoost
FOODS_3_516,CA_2,Estacional,2016-05-06,7.737875,XGBoost
FOODS_3_516,CA_2,Estacional,2016-05-07,10.156082,XGBoost
FOODS_3_516,CA_2,Estacional,2016-05-08,8.450107,XGBoost
FOODS_3_516,CA_2,Estacional,2016-05-09,5.7359533,XGBoost
FOODS_3_516,CA_2,Estacional,2016-05-10,5.9131885,XGBoost
FOODS_3_516,CA_2,Estacional,2016-05-11,6.049824,XGBoost
FOODS_3_516,CA_2,Estacional,2016-05-12,6.2027063,XGBoost
FOODS_3_516,CA_2,Estacional,2016-05-13,7.2422047,XGBoost
FOODS_3_516,CA_2,Estacional,2016-05-14,9.814903,XGBoost
FOODS_3_516,CA_2,Estacional,2016-05-15,8.574703,XGBoost
FOODS_3_516,CA_2,Estacional,2016-05-16,6.0981703,XGBoost
FOODS_3_516,CA_2,Estacional,2016-05-17,5.551902,XGBoost
FOODS_3_516,CA_2,Estacional,2016-05-18,6.067435,XGBoost
FOODS_3_516,CA_2,Estacional,2016-05-19,5.979947,XGBoost
FOODS_3_516,CA_2,Estacional,2016-05-20,7.358868,XGBoost
FOODS_3_516,CA_2,Estacional,2016-05-21,9.460571,XGBoost
FOODS_3_516,CA_2,Estacional,2016-05-22,9.5068445,XGBoost
FOODS_3_555,CA_2,Estacional,2016-04-25,18.717005,XGBoost
FOODS_3_555,CA_2,Estacional,2016-04-26,17.510744,XGBoost
FOODS_3_555,CA_2,Estacional,2016-04-27,17.011734,XGBoost
FOODS_3_555,CA_2,Estacional,2016-04-28,17.983292,XGBoost
FOODS_3_555,CA_2,Estacional,2016-04-29,20.23751,XGBoost
FOODS_3_555,CA_2,Estacional,2016-04-30,26.34457,XGBoost
FOODS_3_555,CA_2,Estacional,2016-05-01,28.859234,XGBoost
FOODS_3_555,CA_2,Estacional,2016-05-02,17.953588,XGBoost
FOODS_3_555,CA_2,Estacional,2016-05-03,17.210955,XGBoost
FOODS_3_555,CA_2,Estacional,2016-05-04,17.151905,XGBoost
FOODS_3_555,CA_2,Estacional,2016-05-05,17.961819,XGBoost
FOODS_3_555,CA_2,Estacional,2016-05-06,20.352892,XGBoost
FOODS_3_555,CA_2,Estacional,2016-05-07,25.195248,XGBoost
FOODS_3_555,CA_2,Estacional,2016-05-08,26.98693,XGBoost
FOODS_3_555,CA_2,Estacional,2016-05-09,18.918772,XGBoost
FOODS_3_555,CA_2,Estacional,2016-05-10,17.784655,XGBoost
FOODS_3_555,CA_2,Estacional,2016-05-11,17.567434,XGBoost
FOODS_3_555,CA_2,Estacional,2016-05-12,17.412512,XGBoost
FOODS_3_555,CA_2,Estacional,2016-05-13,20.802172,XGBoost
FOODS_3_555,CA_2,Estacional,2016-05-14,26.26457,XGBoost
FOODS_3_555,CA_2,Estacional,2016-05-15,26.874693,XGBoost
FOODS_3_555,CA_2,Estacional,2016-05-16,18.42047,XGBoost
FOODS_3_555,CA_2,Estacional,2016-05-17,18.628294,XGBoost
FOODS_3_555,CA_2,Estacional,2016-05-18,17.06175,XGBoost
FOODS_3_555,CA_2,Estacional,2016-05-19,17.924755,XGBoost
FOODS_3_555,CA_2,Estacional,2016-05-20,21.945374,XGBoost
FOODS_3_555,CA_2,Estacional,2016-05-21,27.266327,XGBoost
FOODS_3_555,CA_2,Estacional,2016-05-22,28.827559,XGBoost
FOODS_3_586,CA_2,Estacional,2016-04-25,30.10383,XGBoost
FOODS_3_586,CA_2,Estacional,2016-04-26,29.666004,XGBoost
FOODS_3_586,CA_2,Estacional,2016-04-27,29.58584,XGBoost
FOODS_3_586,CA_2,Estacional,2016-04-28,28.932398,XGBoost
FOODS_3_586,CA_2,Estacional,2016-04-29,34.22704,XGBoost
FOODS_3_586,CA_2,Estacional,2016-04-30,45.447742,XGBoost
FOODS_3_586,CA_2,Estacional,2016-05-01,40.28113,XGBoost
FOODS_3_586,CA_2,Estacional,2016-05-02,30.131826,XGBoost
FOODS_3_586,CA_2,Estacional,2016-05-03,30.421953,XGBoost
FOODS_3_586,CA_2,Estacional,2016-05-04,31.061823,XGBoost
FOODS_3_586,CA_2,Estacional,2016-05-05,31.730877,XGBoost
FOODS_3_586,CA_2,Estacional,2016-05-06,35.59017,XGBoost
FOODS_3_586,CA_2,Estacional,2016-05-07,44.640095,XGBoost
FOODS_3_586,CA_2,Estacional,2016-05-08,39.558243,XGBoost
FOODS_3_586,CA_2,Estacional,2016-05-09,31.922592,XGBoost
FOODS_3_586,CA_2,Estacional,2016-05-10,29.527613,XGBoost
FOODS_3_586,CA_2,Estacional,2016-05-11,30.980227,XGBoost
FOODS_3_586,CA_2,Estacional,2016-05-12,29.998272,XGBoost
FOODS_3_586,CA_2,Estacional,2016-05-13,34.177235,XGBoost
FOODS_3_586,CA_2,Estacional,2016-05-14,43.678505,XGBoost
FOODS_3_586,CA_2,Estacional,2016-05-15,41.06476,XGBoost
FOODS_3_586,CA_2,Estacional,2016-05-16,30.581486,XGBoost
FOODS_3_586,CA_2,Estacional,2016-05-17,32.11771,XGBoost
FOODS_3_586,CA_2,Estacional,2016-05-18,31.255192,XGBoost
FOODS_3_586,CA_2,Estacional,2016-05-19,32.123604,XGBoost
FOODS_3_586,CA_2,Estacional,2016-05-20,35.814667,XGBoost
FOODS_3_586,CA_2,Estacional,2016-05-21,46.060616,XGBoost
FOODS_3_586,CA_2,Estacional,2016-05-22,43.865475,XGBoost
FOODS_3_634,CA_2,Estacional,2016-04-25,4.1250725,XGBoost
FOODS_3_634,CA_2,Estacional,2016-04-26,3.8917148,XGBoost
FOODS_3_634,CA_2,Estacional,2016-04-27,3.8649468,XGBoost
FOODS_3_634,CA_2,Estacional,2016-04-28,4.198116,XGBoost
FOODS_3_634,CA_2,Estacional,2016-04-29,6.036986,XGBoost
FOODS_3_634,CA_2,Estacional,2016-04-30,6.5307875,XGBoost
FOODS_3_634,CA_2,Estacional,2016-05-01,6.068703,XGBoost
FOODS_3_634,CA_2,Estacional,2016-05-02,4.2880645,XGBoost
FOODS_3_634,CA_2,Estacional,2016-05-03,3.9155734,XGBoost
FOODS_3_634,CA_2,Estacional,2016-05-04,3.8836894,XGBoost
FOODS_3_634,CA_2,Estacional,2016-05-05,4.099108,XGBoost
FOODS_3_634,CA_2,Estacional,2016-05-06,5.2355185,XGBoost
FOODS_3_634,CA_2,Estacional,2016-05-07,6.8173037,XGBoost
FOODS_3_634,CA_2,Estacional,2016-05-08,6.292743,XGBoost
FOODS_3_634,CA_2,Estacional,2016-05-09,4.201118,XGBoost
FOODS_3_634,CA_2,Estacional,2016-05-10,3.7238777,XGBoost
FOODS_3_634,CA_2,Estacional,2016-05-11,3.7261064,XGBoost
FOODS_3_634,CA_2,Estacional,2016-05-12,3.9169362,XGBoost
FOODS_3_634,CA_2,Estacional,2016-05-13,5.0137153,XGBoost
FOODS_3_634,CA_2,Estacional,2016-05-14,6.362093,XGBoost
FOODS_3_634,CA_2,Estacional,2016-05-15,6.002126,XGBoost
FOODS_3_634,CA_2,Estacional,2016-05-16,4.2553062,XGBoost
FOODS_3_634,CA_2,Estacional,2016-05-17,3.7216246,XGBoost
FOODS_3_634,CA_2,Estacional,2016-05-18,3.650989,XGBoost
FOODS_3_634,CA_2,Estacional,2016-05-19,3.8381488,XGBoost
FOODS_3_634,CA_2,Estacional,2016-05-20,5.9841423,XGBoost
FOODS_3_634,CA_2,Estacional,2016-05-21,6.3132687,XGBoost
FOODS_3_634,CA_2,Estacional,2016-05-22,6.134691,XGBoost
FOODS_3_681,CA_2,Estacional,2016-04-25,10.154371,XGBoost
FOODS_3_681,CA_2,Estacional,2016-04-26,11.319783,XGBoost
FOODS_3_681,CA_2,Estacional,2016-04-27,10.386569,XGBoost
FOODS_3_681,CA_2,Estacional,2016-04-28,11.590186,XGBoost
FOODS_3_681,CA_2,Estacional,2016-04-29,14.654683,XGBoost
FOODS_3_681,CA_2,Estacional,2016-04-30,17.282936,XGBoost
FOODS_3_681,CA_2,Estacional,2016-05-01,16.64414,XGBoost
FOODS_3_681,CA_2,Estacional,2016-05-02,11.167734,XGBoost
FOODS_3_681,CA_2,Estacional,2016-05-03,11.756329,XGBoost
FOODS_3_681,CA_2,Estacional,2016-05-04,10.526269,XGBoost
FOODS_3_681,CA_2,Estacional,2016-05-05,11.448672,XGBoost
FOODS_3_681,CA_2,Estacional,2016-05-06,14.82563,XGBoost
FOODS_3_681,CA_2,Estacional,2016-05-07,18.323456,XGBoost
FOODS_3_681,CA_2,Estacional,2016-05-08,16.723171,XGBoost
FOODS_3_681,CA_2,Estacional,2016-05-09,11.028816,XGBoost
FOODS_3_681,CA_2,Estacional,2016-05-10,11.543982,XGBoost
FOODS_3_681,CA_2,Estacional,2016-05-11,10.737929,XGBoost
FOODS_3_681,CA_2,Estacional,2016-05-12,11.237617,XGBoost
FOODS_3_681,CA_2,Estacional,2016-05-13,14.190524,XGBoost
FOODS_3_681,CA_2,Estacional,2016-05-14,16.965866,XGBoost
FOODS_3_681,CA_2,Estacional,2016-05-15,15.885147,XGBoost
FOODS_3_681,CA_2,Estacional,2016-05-16,10.866161,XGBoost
FOODS_3_681,CA_2,Estacional,2016-05-17,11.309716,XGBoost
FOODS_3_681,CA_2,Estacional,2016-05-18,10.545505,XGBoost
FOODS_3_681,CA_2,Estacional,2016-05-19,11.914466,XGBoost
FOODS_3_681,CA_2,Estacional,2016-05-20,14.96642,XGBoost
FOODS_3_681,CA_2,Estacional,2016-05-21,18.47918,XGBoost
FOODS_3_681,CA_2,Estacional,2016-05-22,16.646528,XGBoost
FOODS_3_694,CA_2,Estacional,2016-04-25,5.9884043,XGBoost
FOODS_3_694,CA_2,Estacional,2016-04-26,5.482217,XGBoost
FOODS_3_694,CA_2,Estacional,2016-04-27,6.028053,XGBoost
FOODS_3_694,CA_2,Estacional,2016-04-28,5.777579,XGBoost
FOODS_3_694,CA_2,Estacional,2016-04-29,7.218063,XGBoost
FOODS_3_694,CA_2,Estacional,2016-04-30,8.908589,XGBoost
FOODS_3_694,CA_2,Estacional,2016-05-01,8.142762,XGBoost
FOODS_3_694,CA_2,Estacional,2016-05-02,6.1721735,XGBoost
FOODS_3_694,CA_2,Estacional,2016-05-03,5.680553,XGBoost
FOODS_3_694,CA_2,Estacional,2016-05-04,5.885824,XGBoost
FOODS_3_694,CA_2,Estacional,2016-05-05,5.583032,XGBoost
FOODS_3_694,CA_2,Estacional,2016-05-06,6.8002644,XGBoost
FOODS_3_694,CA_2,Estacional,2016-05-07,8.810393,XGBoost
FOODS_3_694,CA_2,Estacional,2016-05-08,8.005339,XGBoost
FOODS_3_694,CA_2,Estacional,2016-05-09,6.1831393,XGBoost
FOODS_3_694,CA_2,Estacional,2016-05-10,5.269652,XGBoost
FOODS_3_694,CA_2,Estacional,2016-05-11,5.820075,XGBoost
FOODS_3_694,CA_2,Estacional,2016-05-12,6.004527,XGBoost
FOODS_3_694,CA_2,Estacional,2016-05-13,6.836668,XGBoost
FOODS_3_694,CA_2,Estacional,2016-05-14,8.74429,XGBoost
FOODS_3_694,CA_2,Estacional,2016-05-15,7.994839,XGBoost
FOODS_3_694,CA_2,Estacional,2016-05-16,5.933297,XGBoost
FOODS_3_694,CA_2,Estacional,2016-05-17,5.4042687,XGBoost
FOODS_3_694,CA_2,Estacional,2016-05-18,5.7986813,XGBoost
FOODS_3_694,CA_2,Estacional,2016-05-19,5.8312674,XGBoost
FOODS_3_694,CA_2,Estacional,2016-05-20,7.0338345,XGBoost
FOODS_3_694,CA_2,Estacional,2016-05-21,8.818513,XGBoost
FOODS_3_694,CA_2,Estacional,2016-05-22,8.04394,XGBoost
FOODS_3_697,CA_2,Estacional,2016-04-25,6.813946,XGBoost
FOODS_3_697,CA_2,Estacional,2016-04-26,6.6608615,XGBoost
FOODS_3_697,CA_2,Estacional,2016-04-27,6.719883,XGBoost
FOODS_3_697,CA_2,Estacional,2016-04-28,6.3802485,XGBoost
FOODS_3_697,CA_2,Estacional,2016-04-29,7.8068995,XGBoost
FOODS_3_697,CA_2,Estacional,2016-04-30,11.870301,XGBoost
FOODS_3_697,CA_2,Estacional,2016-05-01,9.812272,XGBoost
FOODS_3_697,CA_2,Estacional,2016-05-02,7.0804005,XGBoost
FOODS_3_697,CA_2,Estacional,2016-05-03,6.6523128,XGBoost
FOODS_3_697,CA_2,Estacional,2016-05-04,7.0125284,XGBoost
FOODS_3_697,CA_2,Estacional,2016-05-05,6.710525,XGBoost
FOODS_3_697,CA_2,Estacional,2016-05-06,8.018167,XGBoost
FOODS_3_697,CA_2,Estacional,2016-05-07,13.015625,XGBoost
FOODS_3_697,CA_2,Estacional,2016-05-08,10.606643,XGBoost
FOODS_3_697,CA_2,Estacional,2016-05-09,7.4243064,XGBoost
FOODS_3_697,CA_2,Estacional,2016-05-10,6.967873,XGBoost
FOODS_3_697,CA_2,Estacional,2016-05-11,7.0107393,XGBoost
FOODS_3_697,CA_2,Estacional,2016-05-12,6.9688745,XGBoost
FOODS_3_697,CA_2,Estacional,2016-05-13,8.43038,XGBoost
FOODS_3_697,CA_2,Estacional,2016-05-14,11.969212,XGBoost
FOODS_3_697,CA_2,Estacional,2016-05-15,9.862609,XGBoost
FOODS_3_697,CA_2,Estacional,2016-05-16,6.876482,XGBoost
FOODS_3_697,CA_2,Estacional,2016-05-17,6.387918,XGBoost
FOODS_3_697,CA_2,Estacional,2016-05-18,6.4060063,XGBoost
FOODS_3_697,CA_2,Estacional,2016-05-19,6.33021,XGBoost
FOODS_3_697,CA_2,Estacional,2016-05-20,8.341934,XGBoost
FOODS_3_697,CA_2,Estacional,2016-05-21,11.819158,XGBoost
FOODS_3_697,CA_2,Estacional,2016-05-22,10.106669,XGBoost
FOODS_3_714,CA_2,Estacional,2016-04-25,14.6784725,XGBoost
FOODS_3_714,CA_2,Estacional,2016-04-26,13.921031,XGBoost
FOODS_3_714,CA_2,Estacional,2016-04-27,13.548865,XGBoost
FOODS_3_714,CA_2,Estacional,2016-04-28,14.314762,XGBoost
FOODS_3_714,CA_2,Estacional,2016-04-29,18.207254,XGBoost
FOODS_3_714,CA_2,Estacional,2016-04-30,22.199474,XGBoost
FOODS_3_714,CA_2,Estacional,2016-05-01,21.025736,XGBoost
FOODS_3_714,CA_2,Estacional,2016-05-02,14.7021055,XGBoost
FOODS_3_714,CA_2,Estacional,2016-05-03,14.631505,XGBoost
FOODS_3_714,CA_2,Estacional,2016-05-04,13.995142,XGBoost
FOODS_3_714,CA_2,Estacional,2016-05-05,14.106367,XGBoost
FOODS_3_714,CA_2,Estacional,2016-05-06,18.200825,XGBoost
FOODS_3_714,CA_2,Estacional,2016-05-07,23.018812,XGBoost
FOODS_3_714,CA_2,Estacional,2016-05-08,20.67352,XGBoost
FOODS_3_714,CA_2,Estacional,2016-05-09,16.062393,XGBoost
FOODS_3_714,CA_2,Estacional,2016-05-10,14.469363,XGBoost
FOODS_3_714,CA_2,Estacional,2016-05-11,14.477915,XGBoost
FOODS_3_714,CA_2,Estacional,2016-05-12,14.609445,XGBoost
FOODS_3_714,CA_2,Estacional,2016-05-13,18.28104,XGBoost
FOODS_3_714,CA_2,Estacional,2016-05-14,21.729753,XGBoost
FOODS_3_714,CA_2,Estacional,2016-05-15,21.504644,XGBoost
FOODS_3_714,CA_2,Estacional,2016-05-16,15.884635,XGBoost
FOODS_3_714,CA_2,Estacional,2016-05-17,13.798996,XGBoost
FOODS_3_714,CA_2,Estacional,2016-05-18,14.111689,XGBoost
FOODS_3_714,CA_2,Estacional,2016-05-19,14.240369,XGBoost
FOODS_3_714,CA_2,Estacional,2016-05-20,18.46369,XGBoost
FOODS_3_714,CA_2,Estacional,2016-05-21,23.18645,XGBoost
FOODS_3_714,CA_2,Estacional,2016-05-22,23.02638,XGBoost
FOODS_3_786,CA_2,Estacional,2016-04-25,1.0683877,XGBoost
FOODS_3_786,CA_2,Estacional,2016-04-26,1.1365552,XGBoost
FOODS_3_786,CA_2,Estacional,2016-04-27,0.8665695,XGBoost
FOODS_3_786,CA_2,Estacional,2016-04-28,0.89407694,XGBoost
FOODS_3_786,CA_2,Estacional,2016-04-29,1.1846187,XGBoost
FOODS_3_786,CA_2,Estacional,2016-04-30,1.6359092,XGBoost
FOODS_3_786,CA_2,Estacional,2016-05-01,1.407213,XGBoost
FOODS_3_786,CA_2,Estacional,2016-05-02,1.0036464,XGBoost
FOODS_3_786,CA_2,Estacional,2016-05-03,0.94164217,XGBoost
FOODS_3_786,CA_2,Estacional,2016-05-04,0.8879945,XGBoost
FOODS_3_786,CA_2,Estacional,2016-05-05,0.91977626,XGBoost
FOODS_3_786,CA_2,Estacional,2016-05-06,1.3581723,XGBoost
FOODS_3_786,CA_2,Estacional,2016-05-07,1.6797694,XGBoost
FOODS_3_786,CA_2,Estacional,2016-05-08,1.4197866,XGBoost
FOODS_3_786,CA_2,Estacional,2016-05-09,1.0144593,XGBoost
FOODS_3_786,CA_2,Estacional,2016-05-10,1.0649526,XGBoost
FOODS_3_786,CA_2,Estacional,2016-05-11,0.86611617,XGBoost
FOODS_3_786,CA_2,Estacional,2016-05-12,0.8858349,XGBoost
FOODS_3_786,CA_2,Estacional,2016-05-13,1.1049237,XGBoost
FOODS_3_786,CA_2,Estacional,2016-05-14,1.6308749,XGBoost
FOODS_3_786,CA_2,Estacional,2016-05-15,1.5162138,XGBoost
FOODS_3_786,CA_2,Estacional,2016-05-16,1.0088241,XGBoost
FOODS_3_786,CA_2,Estacional,2016-05-17,1.0680304,XGBoost
FOODS_3_786,CA_2,Estacional,2016-05-18,0.8869079,XGBoost
FOODS_3_786,CA_2,Estacional,2016-05-19,0.9193709,XGBoost
FOODS_3_786,CA_2,Estacional,2016-05-20,1.1325979,XGBoost
FOODS_3_786,CA_2,Estacional,2016-05-21,1.6428375,XGBoost
FOODS_3_786,CA_2,Estacional,2016-05-22,1.5267804,XGBoost
FOODS_3_804,CA_2,Estacional,2016-04-25,14.566314,XGBoost
FOODS_3_804,CA_2,Estacional,2016-04-26,15.01939,XGBoost
FOODS_3_804,CA_2,Estacional,2016-04-27,14.528557,XGBoost
FOODS_3_804,CA_2,Estacional,2016-04-28,14.821255,XGBoost
FOODS_3_804,CA_2,Estacional,2016-04-29,17.974916,XGBoost
FOODS_3_804,CA_2,Estacional,2016-04-30,24.370173,XGBoost
FOODS_3_804,CA_2,Estacional,2016-05-01,20.826986,XGBoost
FOODS_3_804,CA_2,Estacional,2016-05-02,15.143722,XGBoost
FOODS_3_804,CA_2,Estacional,2016-05-03,14.961536,XGBoost
FOODS_3_804,CA_2,Estacional,2016-05-04,14.259544,XGBoost
FOODS_3_804,CA_2,Estacional,2016-05-05,15.139438,XGBoost
FOODS_3_804,CA_2,Estacional,2016-05-06,17.639704,XGBoost
FOODS_3_804,CA_2,Estacional,2016-05-07,23.15994,XGBoost
FOODS_3_804,CA_2,Estacional,2016-05-08,20.554754,XGBoost
FOODS_3_804,CA_2,Estacional,2016-05-09,14.596197,XGBoost
FOODS_3_804,CA_2,Estacional,2016-05-10,14.63188,XGBoost
FOODS_3_804,CA_2,Estacional,2016-05-11,14.244925,XGBoost
FOODS_3_804,CA_2,Estacional,2016-05-12,14.067245,XGBoost
FOODS_3_804,CA_2,Estacional,2016-05-13,18.282446,XGBoost
FOODS_3_804,CA_2,Estacional,2016-05-14,21.508007,XGBoost
FOODS_3_804,CA_2,Estacional,2016-05-15,20.349976,XGBoost
FOODS_3_804,CA_2,Estacional,2016-05-16,15.354466,XGBoost
FOODS_3_804,CA_2,Estacional,2016-05-17,15.124636,XGBoost
FOODS_3_804,CA_2,Estacional,2016-05-18,14.101088,XGBoost
FOODS_3_804,CA_2,Estacional,2016-05-19,14.831269,XGBoost
FOODS_3_804,CA_2,Estacional,2016-05-20,17.189045,XGBoost
FOODS_3_804,CA_2,Estacional,2016-05-21,22.395592,XGBoost
FOODS_3_804,CA_2,Estacional,2016-05-22,21.278513,XGBoost
HOUSEHOLD_1_088,CA_3,Estacional,2016-04-25,0.9942047,XGBoost
HOUSEHOLD_1_088,CA_3,Estacional,2016-04-26,0.8880137,XGBoost
HOUSEHOLD_1_088,CA_3,Estacional,2016-04-27,0.8439973,XGBoost
HOUSEHOLD_1_088,CA_3,Estacional,2016-04-28,0.8570394,XGBoost
HOUSEHOLD_1_088,CA_3,Estacional,2016-04-29,1.0087756,XGBoost
HOUSEHOLD_1_088,CA_3,Estacional,2016-04-30,1.5573754,XGBoost
HOUSEHOLD_1_088,CA_3,Estacional,2016-05-01,1.6110461,XGBoost
HOUSEHOLD_1_088,CA_3,Estacional,2016-05-02,0.993943,XGBoost
HOUSEHOLD_1_088,CA_3,Estacional,2016-05-03,0.84902555,XGBoost
HOUSEHOLD_1_088,CA_3,Estacional,2016-05-04,0.887714,XGBoost
HOUSEHOLD_1_088,CA_3,Estacional,2016-05-05,0.88570595,XGBoost
HOUSEHOLD_1_088,CA_3,Estacional,2016-05-06,0.9818509,XGBoost
HOUSEHOLD_1_088,CA_3,Estacional,2016-05-07,1.5859528,XGBoost
HOUSEHOLD_1_088,CA_3,Estacional,2016-05-08,1.3939946,XGBoost
HOUSEHOLD_1_088,CA_3,Estacional,2016-05-09,0.95497394,XGBoost
HOUSEHOLD_1_088,CA_3,Estacional,2016-05-10,0.83628124,XGBoost
HOUSEHOLD_1_088,CA_3,Estacional,2016-05-11,0.88684595,XGBoost
HOUSEHOLD_1_088,CA_3,Estacional,2016-05-12,0.93131346,XGBoost
HOUSEHOLD_1_088,CA_3,Estacional,2016-05-13,1.0776517,XGBoost
HOUSEHOLD_1_088,CA_3,Estacional,2016-05-14,1.592329,XGBoost
HOUSEHOLD_1_088,CA_3,Estacional,2016-05-15,1.519181,XGBoost
HOUSEHOLD_1_088,CA_3,Estacional,2016-05-16,0.99912083,XGBoost
HOUSEHOLD_1_088,CA_3,Estacional,2016-05-17,0.97578716,XGBoost
HOUSEHOLD_1_088,CA_3,Estacional,2016-05-18,0.85963625,XGBoost
HOUSEHOLD_1_088,CA_3,Estacional,2016-05-19,0.86874425,XGBoost
HOUSEHOLD_1_088,CA_3,Estacional,2016-05-20,1.0776517,XGBoost
HOUSEHOLD_1_088,CA_3,Estacional,2016-05-21,1.4685997,XGBoost
HOUSEHOLD_1_088,CA_3,Estacional,2016-05-22,1.532878,XGBoost
HOUSEHOLD_1_188,CA_3,Estacional,2016-04-25,1.4813213,XGBoost
HOUSEHOLD_1_188,CA_3,Estacional,2016-04-26,1.4448838,XGBoost
HOUSEHOLD_1_188,CA_3,Estacional,2016-04-27,1.2955374,XGBoost
HOUSEHOLD_1_188,CA_3,Estacional,2016-04-28,1.3482215,XGBoost
HOUSEHOLD_1_188,CA_3,Estacional,2016-04-29,1.8091648,XGBoost
HOUSEHOLD_1_188,CA_3,Estacional,2016-04-30,2.4213724,XGBoost
HOUSEHOLD_1_188,CA_3,Estacional,2016-05-01,2.340352,XGBoost
HOUSEHOLD_1_188,CA_3,Estacional,2016-05-02,1.4930263,XGBoost
HOUSEHOLD_1_188,CA_3,Estacional,2016-05-03,1.422445,XGBoost
HOUSEHOLD_1_188,CA_3,Estacional,2016-05-04,1.2702472,XGBoost
HOUSEHOLD_1_188,CA_3,Estacional,2016-05-05,1.3306108,XGBoost
HOUSEHOLD_1_188,CA_3,Estacional,2016-05-06,1.7269568,XGBoost
HOUSEHOLD_1_188,CA_3,Estacional,2016-05-07,2.4574928,XGBoost
HOUSEHOLD_1_188,CA_3,Estacional,2016-05-08,2.135967,XGBoost
HOUSEHOLD_1_188,CA_3,Estacional,2016-05-09,1.4930263,XGBoost
HOUSEHOLD_1_188,CA_3,Estacional,2016-05-10,1.5336736,XGBoost
HOUSEHOLD_1_188,CA_3,Estacional,2016-05-11,1.3577758,XGBoost
HOUSEHOLD_1_188,CA_3,Estacional,2016-05-12,1.3757735,XGBoost
HOUSEHOLD_1_188,CA_3,Estacional,2016-05-13,1.596488,XGBoost
HOUSEHOLD_1_188,CA_3,Estacional,2016-05-14,2.3782723,XGBoost
HOUSEHOLD_1_188,CA_3,Estacional,2016-05-15,2.2612922,XGBoost
HOUSEHOLD_1_188,CA_3,Estacional,2016-05-16,1.4104111,XGBoost
HOUSEHOLD_1_188,CA_3,Estacional,2016-05-17,1.4115703,XGBoost
HOUSEHOLD_1_188,CA_3,Estacional,2016-05-18,1.3566446,XGBoost
HOUSEHOLD_1_188,CA_3,Estacional,2016-05-19,1.3354232,XGBoost
HOUSEHOLD_1_188,CA_3,Estacional,2016-05-20,1.6083529,XGBoost
HOUSEHOLD_1_188,CA_3,Estacional,2016-05-21,2.4569204,XGBoost
HOUSEHOLD_1_188,CA_3,Estacional,2016-05-22,2.1716073,XGBoost
HOUSEHOLD_1_251,CA_3,Estacional,2016-04-25,1.8856348,XGBoost
HOUSEHOLD_1_251,CA_3,Estacional,2016-04-26,1.5804735,XGBoost
HOUSEHOLD_1_251,CA_3,Estacional,2016-04-27,1.7143099,XGBoost
HOUSEHOLD_1_251,CA_3,Estacional,2016-04-28,2.0351715,XGBoost
HOUSEHOLD_1_251,CA_3,Estacional,2016-04-29,2.3029444,XGBoost
HOUSEHOLD_1_251,CA_3,Estacional,2016-04-30,2.6726577,XGBoost
HOUSEHOLD_1_251,CA_3,Estacional,2016-05-01,2.812696,XGBoost
HOUSEHOLD_1_251,CA_3,Estacional,2016-05-02,1.767428,XGBoost
HOUSEHOLD_1_251,CA_3,Estacional,2016-05-03,1.6052827,XGBoost
HOUSEHOLD_1_251,CA_3,Estacional,2016-05-04,1.5483057,XGBoost
HOUSEHOLD_1_251,CA_3,Estacional,2016-05-05,1.8834164,XGBoost
HOUSEHOLD_1_251,CA_3,Estacional,2016-05-06,1.9976438,XGBoost
HOUSEHOLD_1_251,CA_3,Estacional,2016-05-07,2.8861485,XGBoost
HOUSEHOLD_1_251,CA_3,Estacional,2016-05-08,2.7581525,XGBoost
HOUSEHOLD_1_251,CA_3,Estacional,2016-05-09,1.832573,XGBoost
HOUSEHOLD_1_251,CA_3,Estacional,2016-05-10,1.5002193,XGBoost
HOUSEHOLD_1_251,CA_3,Estacional,2016-05-11,1.5811137,XGBoost
HOUSEHOLD_1_251,CA_3,Estacional,2016-05-12,1.7712933,XGBoost
HOUSEHOLD_1_251,CA_3,Estacional,2016-05-13,2.0550714,XGBoost
HOUSEHOLD_1_251,CA_3,Estacional,2016-05-14,2.8229654,XGBoost
HOUSEHOLD_1_251,CA_3,Estacional,2016-05-15,2.5709882,XGBoost
HOUSEHOLD_1_251,CA_3,Estacional,2016-05-16,1.7438874,XGBoost
HOUSEHOLD_1_251,CA_3,Estacional,2016-05-17,1.5002193,XGBoost
HOUSEHOLD_1_251,CA_3,Estacional,2016-05-18,1.5002193,XGBoost
HOUSEHOLD_1_251,CA_3,Estacional,2016-05-19,1.7435143,XGBoost
HOUSEHOLD_1_251,CA_3,Estacional,2016-05-20,2.0348063,XGBoost
HOUSEHOLD_1_251,CA_3,Estacional,2016-05-21,2.650017,XGBoost
HOUSEHOLD_1_251,CA_3,Estacional,2016-05-22,2.4962666,XGBoost
HOUSEHOLD_1_324,CA_3,Estacional,2016-04-25,2.5720184,XGBoost
HOUSEHOLD_1_324,CA_3,Estacional,2016-04-26,2.432417,XGBoost
HOUSEHOLD_1_324,CA_3,Estacional,2016-04-27,2.2777839,XGBoost
HOUSEHOLD_1_324,CA_3,Estacional,2016-04-28,2.338666,XGBoost
HOUSEHOLD_1_324,CA_3,Estacional,2016-04-29,2.686103,XGBoost
HOUSEHOLD_1_324,CA_3,Estacional,2016-04-30,4.404256,XGBoost
HOUSEHOLD_1_324,CA_3,Estacional,2016-05-01,3.9242816,XGBoost
HOUSEHOLD_1_324,CA_3,Estacional,2016-05-02,2.5928442,XGBoost
HOUSEHOLD_1_324,CA_3,Estacional,2016-05-03,2.4794526,XGBoost
HOUSEHOLD_1_324,CA_3,Estacional,2016-05-04,2.226213,XGBoost
HOUSEHOLD_1_324,CA_3,Estacional,2016-05-05,2.366731,XGBoost
HOUSEHOLD_1_324,CA_3,Estacional,2016-05-06,2.7787023,XGBoost
HOUSEHOLD_1_324,CA_3,Estacional,2016-05-07,4.359026,XGBoost
HOUSEHOLD_1_324,CA_3,Estacional,2016-05-08,4.2600613,XGBoost
HOUSEHOLD_1_324,CA_3,Estacional,2016-05-09,2.653469,XGBoost
HOUSEHOLD_1_324,CA_3,Estacional,2016-05-10,2.2413435,XGBoost
HOUSEHOLD_1_324,CA_3,Estacional,2016-05-11,2.226213,XGBoost
HOUSEHOLD_1_324,CA_3,Estacional,2016-05-12,2.3803294,XGBoost
HOUSEHOLD_1_324,CA_3,Estacional,2016-05-13,2.8826325,XGBoost
HOUSEHOLD_1_324,CA_3,Estacional,2016-05-14,4.188708,XGBoost
HOUSEHOLD_1_324,CA_3,Estacional,2016-05-15,4.2047014,XGBoost
HOUSEHOLD_1_324,CA_3,Estacional,2016-05-16,2.5586019,XGBoost
HOUSEHOLD_1_324,CA_3,Estacional,2016-05-17,2.312056,XGBoost
HOUSEHOLD_1_324,CA_3,Estacional,2016-05-18,2.3321548,XGBoost
HOUSEHOLD_1_324,CA_3,Estacional,2016-05-19,2.3893666,XGBoost
HOUSEHOLD_1_324,CA_3,Estacional,2016-05-20,2.7232966,XGBoost
HOUSEHOLD_1_324,CA_3,Estacional,2016-05-21,4.2235003,XGBoost
HOUSEHOLD_1_324,CA_3,Estacional,2016-05-22,3.8556712,XGBoost
HOUSEHOLD_1_425,CA_3,Estacional,2016-04-25,3.1218908,XGBoost
HOUSEHOLD_1_425,CA_3,Estacional,2016-04-26,2.847152,XGBoost
HOUSEHOLD_1_425,CA_3,Estacional,2016-04-27,2.8305573,XGBoost
HOUSEHOLD_1_425,CA_3,Estacional,2016-04-28,3.125713,XGBoost
HOUSEHOLD_1_425,CA_3,Estacional,2016-04-29,3.9679003,XGBoost
HOUSEHOLD_1_425,CA_3,Estacional,2016-04-30,5.0927815,XGBoost
HOUSEHOLD_1_425,CA_3,Estacional,2016-05-01,4.857415,XGBoost
HOUSEHOLD_1_425,CA_3,Estacional,2016-05-02,3.4618673,XGBoost
HOUSEHOLD_1_425,CA_3,Estacional,2016-05-03,2.8930342,XGBoost
HOUSEHOLD_1_425,CA_3,Estacional,2016-05-04,2.8088157,XGBoost
HOUSEHOLD_1_425,CA_3,Estacional,2016-05-05,2.9040444,XGBoost
HOUSEHOLD_1_425,CA_3,Estacional,2016-05-06,4.0261817,XGBoost
HOUSEHOLD_1_425,CA_3,Estacional,2016-05-07,5.3264627,XGBoost
HOUSEHOLD_1_425,CA_3,Estacional,2016-05-08,4.461688,XGBoost
HOUSEHOLD_1_425,CA_3,Estacional,2016-05-09,2.9910312,XGBoost
HOUSEHOLD_1_425,CA_3,Estacional,2016-05-10,2.822993,XGBoost
HOUSEHOLD_1_425,CA_3,Estacional,2016-05-11,2.6652532,XGBoost
HOUSEHOLD_1_425,CA_3,Estacional,2016-05-12,2.9757617,XGBoost
HOUSEHOLD_1_425,CA_3,Estacional,2016-05-13,3.9780326,XGBoost
HOUSEHOLD_1_425,CA_3,Estacional,2016-05-14,5.645041,XGBoost
HOUSEHOLD_1_425,CA_3,Estacional,2016-05-15,4.5513434,XGBoost
HOUSEHOLD_1_425,CA_3,Estacional,2016-05-16,3.0357409,XGBoost
HOUSEHOLD_1_425,CA_3,Estacional,2016-05-17,2.5839057,XGBoost
HOUSEHOLD_1_425,CA_3,Estacional,2016-05-18,2.746105,XGBoost
HOUSEHOLD_1_425,CA_3,Estacional,2016-05-19,2.6700003,XGBoost
HOUSEHOLD_1_425,CA_3,Estacional,2016-05-20,4.120647,XGBoost
HOUSEHOLD_1_425,CA_3,Estacional,2016-05-21,4.8641458,XGBoost
HOUSEHOLD_1_425,CA_3,Estacional,2016-05-22,4.734669,XGBoost
HOUSEHOLD_2_336,CA_3,Estacional,2016-04-25,0.3357264,XGBoost
HOUSEHOLD_2_336,CA_3,Estacional,2016-04-26,0.09906053,XGBoost
HOUSEHOLD_2_336,CA_3,Estacional,2016-04-27,0.108067505,XGBoost
HOUSEHOLD_2_336,CA_3,Estacional,2016-04-28,0.1964294,XGBoost
HOUSEHOLD_2_336,CA_3,Estacional,2016-04-29,0.26319125,XGBoost
HOUSEHOLD_2_336,CA_3,Estacional,2016-04-30,0.8368483,XGBoost
HOUSEHOLD_2_336,CA_3,Estacional,2016-05-01,0.82994163,XGBoost
HOUSEHOLD_2_336,CA_3,Estacional,2016-05-02,0.78628254,XGBoost
HOUSEHOLD_2_336,CA_3,Estacional,2016-05-03,0.8586393,XGBoost
HOUSEHOLD_2_336,CA_3,Estacional,2016-05-04,0.8131972,XGBoost
HOUSEHOLD_2_336,CA_3,Estacional,2016-05-05,0.8315661,XGBoost
HOUSEHOLD_2_336,CA_3,Estacional,2016-05-06,0.93208796,XGBoost
HOUSEHOLD_2_336,CA_3,Estacional,2016-05-07,1.3798335,XGBoost
HOUSEHOLD_2_336,CA_3,Estacional,2016-05-08,1.1222049,XGBoost
HOUSEHOLD_2_336,CA_3,Estacional,2016-05-09,0.83449715,XGBoost
HOUSEHOLD_2_336,CA_3,Estacional,2016-05-10,0.75351405,XGBoost
HOUSEHOLD_2_336,CA_3,Estacional,2016-05-11,0.60986257,XGBoost
HOUSEHOLD_2_336,CA_3,Estacional,2016-05-12,0.8328484,XGBoost
HOUSEHOLD_2_336,CA_3,Estacional,2016-05-13,0.86049104,XGBoost
HOUSEHOLD_2_336,CA_3,Estacional,2016-05-14,1.0872974,XGBoost
HOUSEHOLD_2_336,CA_3,Estacional,2016-05-15,0.9773006,XGBoost
HOUSEHOLD_2_336,CA_3,Estacional,2016-05-16,0.7281843,XGBoost
HOUSEHOLD_2_336,CA_3,Estacional,2016-05-17,0.6222358,XGBoost
HOUSEHOLD_2_336,CA_3,Estacional,2016-05-18,0.6222358,XGBoost
HOUSEHOLD_2_336,CA_3,Estacional,2016-05-19,0.67711896,XGBoost
HOUSEHOLD_2_336,CA_3,Estacional,2016-05-20,0.8271346,XGBoost
HOUSEHOLD_2_336,CA_3,Estacional,2016-05-21,1.0915387,XGBoost
HOUSEHOLD_2_336,CA_3,Estacional,2016-05-22,1.0496914,XGBoost
FOODS_1_124,CA_3,Estacional,2016-04-25,1.0479724,XGBoost
FOODS_1_124,CA_3,Estacional,2016-04-26,0.8781428,XGBoost
FOODS_1_124,CA_3,Estacional,2016-04-27,0.841667,XGBoost
FOODS_1_124,CA_3,Estacional,2016-04-28,0.87508714,XGBoost
FOODS_1_124,CA_3,Estacional,2016-04-29,1.3101994,XGBoost
FOODS_1_124,CA_3,Estacional,2016-04-30,1.7277623,XGBoost
FOODS_1_124,CA_3,Estacional,2016-05-01,1.876687,XGBoost
FOODS_1_124,CA_3,Estacional,2016-05-02,1.1456873,XGBoost
FOODS_1_124,CA_3,Estacional,2016-05-03,0.8911114,XGBoost
FOODS_1_124,CA_3,Estacional,2016-05-04,0.8457284,XGBoost
FOODS_1_124,CA_3,Estacional,2016-05-05,0.99632204,XGBoost
FOODS_1_124,CA_3,Estacional,2016-05-06,1.1409246,XGBoost
FOODS_1_124,CA_3,Estacional,2016-05-07,1.5256177,XGBoost
FOODS_1_124,CA_3,Estacional,2016-05-08,1.5258539,XGBoost
FOODS_1_124,CA_3,Estacional,2016-05-09,0.96467733,XGBoost
FOODS_1_124,CA_3,Estacional,2016-05-10,0.9884737,XGBoost
FOODS_1_124,CA_3,Estacional,2016-05-11,0.9252773,XGBoost
FOODS_1_124,CA_3,Estacional,2016-05-12,0.9122617,XGBoost
FOODS_1_124,CA_3,Estacional,2016-05-13,1.2875341,XGBoost
FOODS_1_124,CA_3,Estacional,2016-05-14,1.4725341,XGBoost
FOODS_1_124,CA_3,Estacional,2016-05-15,1.4926717,XGBoost
FOODS_1_124,CA_3,Estacional,2016-05-16,1.0088241,XGBoost
FOODS_1_124,CA_3,Estacional,2016-05-17,0.8869079,XGBoost
FOODS_1_124,CA_3,Estacional,2016-05-18,0.89317226,XGBoost
FOODS_1_124,CA_3,Estacional,2016-05-19,0.9256353,XGBoost
FOODS_1_124,CA_3,Estacional,2016-05-20,1.3432802,XGBoost
FOODS_1_124,CA_3,Estacional,2016-05-21,1.6480424,XGBoost
FOODS_1_124,CA_3,Estacional,2016-05-22,1.6170791,XGBoost
FOODS_3_127,CA_3,Estacional,2016-04-25,3.2575805,XGBoost
FOODS_3_127,CA_3,Estacional,2016-04-26,3.033212,XGBoost
FOODS_3_127,CA_3,Estacional,2016-04-27,3.2055027,XGBoost
FOODS_3_127,CA_3,Estacional,2016-04-28,3.048349,XGBoost
FOODS_3_127,CA_3,Estacional,2016-04-29,3.8991187,XGBoost
FOODS_3_127,CA_3,Estacional,2016-04-30,4.684532,XGBoost
FOODS_3_127,CA_3,Estacional,2016-05-01,4.9865975,XGBoost
FOODS_3_127,CA_3,Estacional,2016-05-02,3.2550666,XGBoost
FOODS_3_127,CA_3,Estacional,2016-05-03,3.0776024,XGBoost
FOODS_3_127,CA_3,Estacional,2016-05-04,2.9050372,XGBoost
FOODS_3_127,CA_3,Estacional,2016-05-05,2.999025,XGBoost
FOODS_3_127,CA_3,Estacional,2016-05-06,4.1630926,XGBoost
FOODS_3_127,CA_3,Estacional,2016-05-07,4.754692,XGBoost
FOODS_3_127,CA_3,Estacional,2016-05-08,4.559754,XGBoost
FOODS_3_127,CA_3,Estacional,2016-05-09,3.2989104,XGBoost
FOODS_3_127,CA_3,Estacional,2016-05-10,3.1229725,XGBoost
FOODS_3_127,CA_3,Estacional,2016-05-11,3.206303,XGBoost
FOODS_3_127,CA_3,Estacional,2016-05-12,3.08525,XGBoost
FOODS_3_127,CA_3,Estacional,2016-05-13,4.2280807,XGBoost
FOODS_3_127,CA_3,Estacional,2016-05-14,5.099926,XGBoost
FOODS_3_127,CA_3,Estacional,2016-05-15,4.9187126,XGBoost
FOODS_3_127,CA_3,Estacional,2016-05-16,3.1362374,XGBoost
FOODS_3_127,CA_3,Estacional,2016-05-17,2.798862,XGBoost
FOODS_3_127,CA_3,Estacional,2016-05-18,2.831424,XGBoost
FOODS_3_127,CA_3,Estacional,2016-05-19,2.8405828,XGBoost
FOODS_3_127,CA_3,Estacional,2016-05-20,4.416764,XGBoost
FOODS_3_127,CA_3,Estacional,2016-05-21,4.9104347,XGBoost
FOODS_3_127,CA_3,Estacional,2016-05-22,5.345153,XGBoost
FOODS_3_214,CA_3,Estacional,2016-04-25,3.0471752,XGBoost
FOODS_3_214,CA_3,Estacional,2016-04-26,2.586913,XGBoost
FOODS_3_214,CA_3,Estacional,2016-04-27,3.1213617,XGBoost
FOODS_3_214,CA_3,Estacional,2016-04-28,2.7332163,XGBoost
FOODS_3_214,CA_3,Estacional,2016-04-29,3.2121384,XGBoost
FOODS_3_214,CA_3,Estacional,2016-04-30,4.268682,XGBoost
FOODS_3_214,CA_3,Estacional,2016-05-01,5.1872535,XGBoost
FOODS_3_214,CA_3,Estacional,2016-05-02,2.8809066,XGBoost
FOODS_3_214,CA_3,Estacional,2016-05-03,2.557373,XGBoost
FOODS_3_214,CA_3,Estacional,2016-05-04,2.5668795,XGBoost
FOODS_3_214,CA_3,Estacional,2016-05-05,2.556518,XGBoost
FOODS_3_214,CA_3,Estacional,2016-05-06,3.013559,XGBoost
FOODS_3_214,CA_3,Estacional,2016-05-07,4.0460334,XGBoost
FOODS_3_214,CA_3,Estacional,2016-05-08,4.8410025,XGBoost
FOODS_3_214,CA_3,Estacional,2016-05-09,2.9583464,XGBoost
FOODS_3_214,CA_3,Estacional,2016-05-10,2.4268112,XGBoost
FOODS_3_214,CA_3,Estacional,2016-05-11,2.5746508,XGBoost
FOODS_3_214,CA_3,Estacional,2016-05-12,2.6737797,XGBoost
FOODS_3_214,CA_3,Estacional,2016-05-13,3.1195729,XGBoost
FOODS_3_214,CA_3,Estacional,2016-05-14,4.216908,XGBoost
FOODS_3_214,CA_3,Estacional,2016-05-15,5.39917,XGBoost
FOODS_3_214,CA_3,Estacional,2016-05-16,2.8091063,XGBoost
FOODS_3_214,CA_3,Estacional,2016-05-17,2.4931874,XGBoost
FOODS_3_214,CA_3,Estacional,2016-05-18,2.6813297,XGBoost
FOODS_3_214,CA_3,Estacional,2016-05-19,2.5503993,XGBoost
FOODS_3_214,CA_3,Estacional,2016-05-20,3.10364,XGBoost
FOODS_3_214,CA_3,Estacional,2016-05-21,4.3836493,XGBoost
FOODS_3_214,CA_3,Estacional,2016-05-22,4.6432595,XGBoost
FOODS_3_230,CA_3,Estacional,2016-04-25,3.2558596,XGBoost
FOODS_3_230,CA_3,Estacional,2016-04-26,3.4442577,XGBoost
FOODS_3_230,CA_3,Estacional,2016-04-27,3.08924,XGBoost
FOODS_3_230,CA_3,Estacional,2016-04-28,3.318404,XGBoost
FOODS_3_230,CA_3,Estacional,2016-04-29,3.908573,XGBoost
FOODS_3_230,CA_3,Estacional,2016-04-30,4.936827,XGBoost
FOODS_3_230,CA_3,Estacional,2016-05-01,4.6690555,XGBoost
FOODS_3_230,CA_3,Estacional,2016-05-02,3.0510573,XGBoost
FOODS_3_230,CA_3,Estacional,2016-05-03,2.9551632,XGBoost
FOODS_3_230,CA_3,Estacional,2016-05-04,2.8334656,XGBoost
FOODS_3_230,CA_3,Estacional,2016-05-05,3.2203534,XGBoost
FOODS_3_230,CA_3,Estacional,2016-05-06,4.154881,XGBoost
FOODS_3_230,CA_3,Estacional,2016-05-07,4.8586197,XGBoost
FOODS_3_230,CA_3,Estacional,2016-05-08,4.67766,XGBoost
FOODS_3_230,CA_3,Estacional,2016-05-09,2.9442225,XGBoost
FOODS_3_230,CA_3,Estacional,2016-05-10,2.8983276,XGBoost
FOODS_3_230,CA_3,Estacional,2016-05-11,3.0430388,XGBoost
FOODS_3_230,CA_3,Estacional,2016-05-12,3.1423652,XGBoost
FOODS_3_230,CA_3,Estacional,2016-05-13,3.8232353,XGBoost
FOODS_3_230,CA_3,Estacional,2016-05-14,4.773509,XGBoost
FOODS_3_230,CA_3,Estacional,2016-05-15,4.6098456,XGBoost
FOODS_3_230,CA_3,Estacional,2016-05-16,3.2057042,XGBoost
FOODS_3_230,CA_3,Estacional,2016-05-17,2.8316765,XGBoost
FOODS_3_230,CA_3,Estacional,2016-05-18,3.00878,XGBoost
FOODS_3_230,CA_3,Estacional,2016-05-19,3.4775167,XGBoost
FOODS_3_230,CA_3,Estacional,2016-05-20,3.7772908,XGBoost
FOODS_3_230,CA_3,Estacional,2016-05-21,4.925126,XGBoost
FOODS_3_230,CA_3,Estacional,2016-05-22,4.8040023,XGBoost
FOODS_3_232,CA_3,Estacional,2016-04-25,2.0137315,XGBoost
FOODS_3_232,CA_3,Estacional,2016-04-26,1.9060329,XGBoost
FOODS_3_232,CA_3,Estacional,2016-04-27,1.5882188,XGBoost
FOODS_3_232,CA_3,Estacional,2016-04-28,1.8844377,XGBoost
FOODS_3_232,CA_3,Estacional,2016-04-29,2.2792642,XGBoost
FOODS_3_232,CA_3,Estacional,2016-04-30,3.528739,XGBoost
FOODS_3_232,CA_3,Estacional,2016-05-01,2.835348,XGBoost
FOODS_3_232,CA_3,Estacional,2016-05-02,2.1074247,XGBoost
FOODS_3_232,CA_3,Estacional,2016-05-03,1.8888749,XGBoost
FOODS_3_232,CA_3,Estacional,2016-05-04,1.6889077,XGBoost
FOODS_3_232,CA_3,Estacional,2016-05-05,1.8861657,XGBoost
FOODS_3_232,CA_3,Estacional,2016-05-06,2.2555377,XGBoost
FOODS_3_232,CA_3,Estacional,2016-05-07,3.1552603,XGBoost
FOODS_3_232,CA_3,Estacional,2016-05-08,2.84841,XGBoost
FOODS_3_232,CA_3,Estacional,2016-05-09,2.2928972,XGBoost
FOODS_3_232,CA_3,Estacional,2016-05-10,1.8023919,XGBoost
FOODS_3_232,CA_3,Estacional,2016-05-11,1.6847575,XGBoost
FOODS_3_232,CA_3,Estacional,2016-05-12,1.8182676,XGBoost
FOODS_3_232,CA_3,Estacional,2016-05-13,2.2256188,XGBoost
FOODS_3_232,CA_3,Estacional,2016-05-14,3.062265,XGBoost
FOODS_3_232,CA_3,Estacional,2016-05-15,2.8375564,XGBoost
FOODS_3_232,CA_3,Estacional,2016-05-16,1.9114777,XGBoost
FOODS_3_232,CA_3,Estacional,2016-05-17,1.8216519,XGBoost
FOODS_3_232,CA_3,Estacional,2016-05-18,1.6166077,XGBoost
FOODS_3_232,CA_3,Estacional,2016-05-19,1.663536,XGBoost
FOODS_3_232,CA_3,Estacional,2016-05-20,2.1574688,XGBoost
FOODS_3_232,CA_3,Estacional,2016-05-21,3.239368,XGBoost
FOODS_3_232,CA_3,Estacional,2016-05-22,3.0776815,XGBoost
FOODS_3_242,CA_3,Estacional,2016-04-25,1.8137249,XGBoost
FOODS_3_242,CA_3,Estacional,2016-04-26,1.5902116,XGBoost
FOODS_3_242,CA_3,Estacional,2016-04-27,1.6056316,XGBoost
FOODS_3_242,CA_3,Estacional,2016-04-28,1.5585936,XGBoost
FOODS_3_242,CA_3,Estacional,2016-04-29,1.9365888,XGBoost
FOODS_3_242,CA_3,Estacional,2016-04-30,2.8917542,XGBoost
FOODS_3_242,CA_3,Estacional,2016-05-01,3.073244,XGBoost
FOODS_3_242,CA_3,Estacional,2016-05-02,1.7626537,XGBoost
FOODS_3_242,CA_3,Estacional,2016-05-03,1.6636263,XGBoost
FOODS_3_242,CA_3,Estacional,2016-05-04,1.6300052,XGBoost
FOODS_3_242,CA_3,Estacional,2016-05-05,1.6504148,XGBoost
FOODS_3_242,CA_3,Estacional,2016-05-06,2.0169237,XGBoost
FOODS_3_242,CA_3,Estacional,2016-05-07,2.8417177,XGBoost
FOODS_3_242,CA_3,Estacional,2016-05-08,3.1667676,XGBoost
FOODS_3_242,CA_3,Estacional,2016-05-09,1.7749201,XGBoost
FOODS_3_242,CA_3,Estacional,2016-05-10,1.6390504,XGBoost
FOODS_3_242,CA_3,Estacional,2016-05-11,1.5594022,XGBoost
FOODS_3_242,CA_3,Estacional,2016-05-12,1.5906191,XGBoost
FOODS_3_242,CA_3,Estacional,2016-05-13,1.968509,XGBoost
FOODS_3_242,CA_3,Estacional,2016-05-14,2.933773,XGBoost
FOODS_3_242,CA_3,Estacional,2016-05-15,2.9274697,XGBoost
FOODS_3_242,CA_3,Estacional,2016-05-16,1.7296281,XGBoost
FOODS_3_242,CA_3,Estacional,2016-05-17,1.558156,XGBoost
FOODS_3_242,CA_3,Estacional,2016-05-18,1.5829048,XGBoost
FOODS_3_242,CA_3,Estacional,2016-05-19,1.5761538,XGBoost
FOODS_3_242,CA_3,Estacional,2016-05-20,2.029775,XGBoost
FOODS_3_242,CA_3,Estacional,2016-05-21,2.7672417,XGBoost
FOODS_3_242,CA_3,Estacional,2016-05-22,2.9564974,XGBoost
FOODS_3_252,CA_3,Estacional,2016-04-25,41.05347,XGBoost
FOODS_3_252,CA_3,Estacional,2016-04-26,38.94744,XGBoost
FOODS_3_252,CA_3,Estacional,2016-04-27,36.744354,XGBoost
FOODS_3_252,CA_3,Estacional,2016-04-28,36.56386,XGBoost
FOODS_3_252,CA_3,Estacional,2016-04-29,43.02394,XGBoost
FOODS_3_252,CA_3,Estacional,2016-04-30,56.075165,XGBoost
FOODS_3_252,CA_3,Estacional,2016-05-01,55.76824,XGBoost
FOODS_3_252,CA_3,Estacional,2016-05-02,41.20387,XGBoost
FOODS_3_252,CA_3,Estacional,2016-05-03,39.26161,XGBoost
FOODS_3_252,CA_3,Estacional,2016-05-04,38.565094,XGBoost
FOODS_3_252,CA_3,Estacional,2016-05-05,39.653763,XGBoost
FOODS_3_252,CA_3,Estacional,2016-05-06,44.27763,XGBoost
FOODS_3_252,CA_3,Estacional,2016-05-07,56.48698,XGBoost
FOODS_3_252,CA_3,Estacional,2016-05-08,55.164265,XGBoost
FOODS_3_252,CA_3,Estacional,2016-05-09,42.900417,XGBoost
FOODS_3_252,CA_3,Estacional,2016-05-10,38.92109,XGBoost
FOODS_3_252,CA_3,Estacional,2016-05-11,41.01351,XGBoost
FOODS_3_252,CA_3,Estacional,2016-05-12,40.879467,XGBoost
FOODS_3_252,CA_3,Estacional,2016-05-13,45.1695,XGBoost
FOODS_3_252,CA_3,Estacional,2016-05-14,62.360725,XGBoost
FOODS_3_252,CA_3,Estacional,2016-05-15,57.253925,XGBoost
FOODS_3_252,CA_3,Estacional,2016-05-16,44.12006,XGBoost
FOODS_3_252,CA_3,Estacional,2016-05-17,42.38128,XGBoost
FOODS_3_252,CA_3,Estacional,2016-05-18,39.319714,XGBoost
FOODS_3_252,CA_3,Estacional,2016-05-19,41.304432,XGBoost
FOODS_3_252,CA_3,Estacional,2016-05-20,49.64704,XGBoost
FOODS_3_252,CA_3,Estacional,2016-05-21,64.66914,XGBoost
FOODS_3_252,CA_3,Estacional,2016-05-22,58.72769,XGBoost
FOODS_3_303,CA_3,Estacional,2016-04-25,0.7609837,XGBoost
FOODS_3_303,CA_3,Estacional,2016-04-26,0.6677796,XGBoost
FOODS_3_303,CA_3,Estacional,2016-04-27,0.73592955,XGBoost
FOODS_3_303,CA_3,Estacional,2016-04-28,0.7314949,XGBoost
FOODS_3_303,CA_3,Estacional,2016-04-29,1.0547509,XGBoost
FOODS_3_303,CA_3,Estacional,2016-04-30,1.0849148,XGBoost
FOODS_3_303,CA_3,Estacional,2016-05-01,1.0318011,XGBoost
FOODS_3_303,CA_3,Estacional,2016-05-02,0.7854329,XGBoost
FOODS_3_303,CA_3,Estacional,2016-05-03,0.6794845,XGBoost
FOODS_3_303,CA_3,Estacional,2016-05-04,0.6794845,XGBoost
FOODS_3_303,CA_3,Estacional,2016-05-05,0.71319765,XGBoost
FOODS_3_303,CA_3,Estacional,2016-05-06,0.9480025,XGBoost
FOODS_3_303,CA_3,Estacional,2016-05-07,1.1389667,XGBoost
FOODS_3_303,CA_3,Estacional,2016-05-08,1.0444005,XGBoost
FOODS_3_303,CA_3,Estacional,2016-05-09,0.79803216,XGBoost
FOODS_3_303,CA_3,Estacional,2016-05-10,0.7065491,XGBoost
FOODS_3_303,CA_3,Estacional,2016-05-11,0.77469903,XGBoost
FOODS_3_303,CA_3,Estacional,2016-05-12,0.7119475,XGBoost
FOODS_3_303,CA_3,Estacional,2016-05-13,0.9178499,XGBoost
FOODS_3_303,CA_3,Estacional,2016-05-14,1.1263673,XGBoost
FOODS_3_303,CA_3,Estacional,2016-05-15,1.0845201,XGBoost
FOODS_3_303,CA_3,Estacional,2016-05-16,0.7854329,XGBoost
FOODS_3_303,CA_3,Estacional,2016-05-17,0.6794845,XGBoost
FOODS_3_303,CA_3,Estacional,2016-05-18,0.6920838,XGBoost
FOODS_3_303,CA_3,Estacional,2016-05-19,0.75110376,XGBoost
FOODS_3_303,CA_3,Estacional,2016-05-20,0.91683096,XGBoost
FOODS_3_303,CA_3,Estacional,2016-05-21,1.1263673,XGBoost
FOODS_3_303,CA_3,Estacional,2016-05-22,1.0971195,XGBoost
FOODS_3_348,CA_3,Estacional,2016-04-25,9.790319,XGBoost
FOODS_3_348,CA_3,Estacional,2016-04-26,8.955637,XGBoost
FOODS_3_348,CA_3,Estacional,2016-04-27,9.345721,XGBoost
FOODS_3_348,CA_3,Estacional,2016-04-28,9.230402,XGBoost
FOODS_3_348,CA_3,Estacional,2016-04-29,10.263351,XGBoost
FOODS_3_348,CA_3,Estacional,2016-04-30,12.974742,XGBoost
FOODS_3_348,CA_3,Estacional,2016-05-01,14.556185,XGBoost
FOODS_3_348,CA_3,Estacional,2016-05-02,9.5226965,XGBoost
FOODS_3_348,CA_3,Estacional,2016-05-03,9.02673,XGBoost
FOODS_3_348,CA_3,Estacional,2016-05-04,9.65204,XGBoost
FOODS_3_348,CA_3,Estacional,2016-05-05,9.431484,XGBoost
FOODS_3_348,CA_3,Estacional,2016-05-06,10.66083,XGBoost
FOODS_3_348,CA_3,Estacional,2016-05-07,13.388044,XGBoost
FOODS_3_348,CA_3,Estacional,2016-05-08,14.203614,XGBoost
FOODS_3_348,CA_3,Estacional,2016-05-09,9.570057,XGBoost
FOODS_3_348,CA_3,Estacional,2016-05-10,9.679794,XGBoost
FOODS_3_348,CA_3,Estacional,2016-05-11,10.278105,XGBoost
FOODS_3_348,CA_3,Estacional,2016-05-12,8.84929,XGBoost
FOODS_3_348,CA_3,Estacional,2016-05-13,11.471553,XGBoost
FOODS_3_348,CA_3,Estacional,2016-05-14,14.178445,XGBoost
FOODS_3_348,CA_3,Estacional,2016-05-15,14.589907,XGBoost
FOODS_3_348,CA_3,Estacional,2016-05-16,9.7975645,XGBoost
FOODS_3_348,CA_3,Estacional,2016-05-17,9.139558,XGBoost
FOODS_3_348,CA_3,Estacional,2016-05-18,9.332782,XGBoost
FOODS_3_348,CA_3,Estacional,2016-05-19,8.720541,XGBoost
FOODS_3_348,CA_3,Estacional,2016-05-20,10.756107,XGBoost
FOODS_3_348,CA_3,Estacional,2016-05-21,13.263322,XGBoost
FOODS_3_348,CA_3,Estacional,2016-05-22,13.344577,XGBoost
FOODS_3_389,CA_3,Estacional,2016-04-25,17.247593,XGBoost
FOODS_3_389,CA_3,Estacional,2016-04-26,14.636064,XGBoost
FOODS_3_389,CA_3,Estacional,2016-04-27,14.180668,XGBoost
FOODS_3_389,CA_3,Estacional,2016-04-28,15.951076,XGBoost
FOODS_3_389,CA_3,Estacional,2016-04-29,17.573593,XGBoost
FOODS_3_389,CA_3,Estacional,2016-04-30,22.212029,XGBoost
FOODS_3_389,CA_3,Estacional,2016-05-01,21.921673,XGBoost
FOODS_3_389,CA_3,Estacional,2016-05-02,17.000286,XGBoost
FOODS_3_389,CA_3,Estacional,2016-05-03,14.274372,XGBoost
FOODS_3_389,CA_3,Estacional,2016-05-04,14.606002,XGBoost
FOODS_3_389,CA_3,Estacional,2016-05-05,16.59622,XGBoost
FOODS_3_389,CA_3,Estacional,2016-05-06,17.451294,XGBoost
FOODS_3_389,CA_3,Estacional,2016-05-07,22.361214,XGBoost
FOODS_3_389,CA_3,Estacional,2016-05-08,22.308128,XGBoost
FOODS_3_389,CA_3,Estacional,2016-05-09,16.714085,XGBoost
FOODS_3_389,CA_3,Estacional,2016-05-10,14.616932,XGBoost
FOODS_3_389,CA_3,Estacional,2016-05-11,14.744781,XGBoost
FOODS_3_389,CA_3,Estacional,2016-05-12,15.776824,XGBoost
FOODS_3_389,CA_3,Estacional,2016-05-13,18.049536,XGBoost
FOODS_3_389,CA_3,Estacional,2016-05-14,22.824196,XGBoost
FOODS_3_389,CA_3,Estacional,2016-05-15,23.082352,XGBoost
FOODS_3_389,CA_3,Estacional,2016-05-16,16.64739,XGBoost
FOODS_3_389,CA_3,Estacional,2016-05-17,15.305174,XGBoost
FOODS_3_389,CA_3,Estacional,2016-05-18,14.818324,XGBoost
FOODS_3_389,CA_3,Estacional,2016-05-19,15.856207,XGBoost
FOODS_3_389,CA_3,Estacional,2016-05-20,18.704351,XGBoost
FOODS_3_389,CA_3,Estacional,2016-05-21,23.074339,XGBoost
FOODS_3_389,CA_3,Estacional,2016-05-22,22.484394,XGBoost
FOODS_3_473,CA_3,Estacional,2016-04-25,5.9067836,XGBoost
FOODS_3_473,CA_3,Estacional,2016-04-26,4.991586,XGBoost
FOODS_3_473,CA_3,Estacional,2016-04-27,4.490352,XGBoost
FOODS_3_473,CA_3,Estacional,2016-04-28,4.7853913,XGBoost
FOODS_3_473,CA_3,Estacional,2016-04-29,5.52849,XGBoost
FOODS_3_473,CA_3,Estacional,2016-04-30,7.2048616,XGBoost
FOODS_3_473,CA_3,Estacional,2016-05-01,6.989201,XGBoost
FOODS_3_473,CA_3,Estacional,2016-05-02,5.3558884,XGBoost
FOODS_3_473,CA_3,Estacional,2016-05-03,4.8376675,XGBoost
FOODS_3_473,CA_3,Estacional,2016-05-04,4.753671,XGBoost
FOODS_3_473,CA_3,Estacional,2016-05-05,4.4711766,XGBoost
FOODS_3_473,CA_3,Estacional,2016-05-06,5.368517,XGBoost
FOODS_3_473,CA_3,Estacional,2016-05-07,7.047167,XGBoost
FOODS_3_473,CA_3,Estacional,2016-05-08,6.7197003,XGBoost
FOODS_3_473,CA_3,Estacional,2016-05-09,5.3046393,XGBoost
FOODS_3_473,CA_3,Estacional,2016-05-10,4.720742,XGBoost
FOODS_3_473,CA_3,Estacional,2016-05-11,4.661836,XGBoost
FOODS_3_473,CA_3,Estacional,2016-05-12,4.4186697,XGBoost
FOODS_3_473,CA_3,Estacional,2016-05-13,5.0060787,XGBoost
FOODS_3_473,CA_3,Estacional,2016-05-14,6.852095,XGBoost
FOODS_3_473,CA_3,Estacional,2016-05-15,6.6905026,XGBoost
FOODS_3_473,CA_3,Estacional,2016-05-16,5.115357,XGBoost
FOODS_3_473,CA_3,Estacional,2016-05-17,4.7240357,XGBoost
FOODS_3_473,CA_3,Estacional,2016-05-18,4.390759,XGBoost
FOODS_3_473,CA_3,Estacional,2016-05-19,4.594845,XGBoost
FOODS_3_473,CA_3,Estacional,2016-05-20,5.4583135,XGBoost
FOODS_3_473,CA_3,Estacional,2016-05-21,7.087192,XGBoost
FOODS_3_473,CA_3,Estacional,2016-05-22,6.4979725,XGBoost
FOODS_3_481,CA_3,Estacional,2016-04-25,2.9341993,XGBoost
FOODS_3_481,CA_3,Estacional,2016-04-26,2.2132683,XGBoost
FOODS_3_481,CA_3,Estacional,2016-04-27,2.2716947,XGBoost
FOODS_3_481,CA_3,Estacional,2016-04-28,2.1685848,XGBoost
FOODS_3_481,CA_3,Estacional,2016-04-29,2.7485545,XGBoost
FOODS_3_481,CA_3,Estacional,2016-04-30,4.2656803,XGBoost
FOODS_3_481,CA_3,Estacional,2016-05-01,3.8266294,XGBoost
FOODS_3_481,CA_3,Estacional,2016-05-02,2.9757528,XGBoost
FOODS_3_481,CA_3,Estacional,2016-05-03,2.205791,XGBoost
FOODS_3_481,CA_3,Estacional,2016-05-04,2.1819525,XGBoost
FOODS_3_481,CA_3,Estacional,2016-05-05,2.139012,XGBoost
FOODS_3_481,CA_3,Estacional,2016-05-06,2.575732,XGBoost
FOODS_3_481,CA_3,Estacional,2016-05-07,3.9581158,XGBoost
FOODS_3_481,CA_3,Estacional,2016-05-08,3.423761,XGBoost
FOODS_3_481,CA_3,Estacional,2016-05-09,3.208965,XGBoost
FOODS_3_481,CA_3,Estacional,2016-05-10,2.0071445,XGBoost
FOODS_3_481,CA_3,Estacional,2016-05-11,2.0516932,XGBoost
FOODS_3_481,CA_3,Estacional,2016-05-12,1.9365212,XGBoost
FOODS_3_481,CA_3,Estacional,2016-05-13,2.4575086,XGBoost
FOODS_3_481,CA_3,Estacional,2016-05-14,3.5644584,XGBoost
FOODS_3_481,CA_3,Estacional,2016-05-15,3.569101,XGBoost
FOODS_3_481,CA_3,Estacional,2016-05-16,2.891369,XGBoost
FOODS_3_481,CA_3,Estacional,2016-05-17,2.0540466,XGBoost
FOODS_3_481,CA_3,Estacional,2016-05-18,2.1743197,XGBoost
FOODS_3_481,CA_3,Estacional,2016-05-19,2.0332787,XGBoost
FOODS_3_481,CA_3,Estacional,2016-05-20,2.6072888,XGBoost
FOODS_3_481,CA_3,Estacional,2016-05-21,3.8678284,XGBoost
FOODS_3_481,CA_3,Estacional,2016-05-22,3.8182256,XGBoost
FOODS_3_555,CA_3,Estacional,2016-04-25,27.0458,XGBoost
FOODS_3_555,CA_3,Estacional,2016-04-26,25.375622,XGBoost
FOODS_3_555,CA_3,Estacional,2016-04-27,25.753294,XGBoost
FOODS_3_555,CA_3,Estacional,2016-04-28,26.728888,XGBoost
FOODS_3_555,CA_3,Estacional,2016-04-29,31.321955,XGBoost
FOODS_3_555,CA_3,Estacional,2016-04-30,40.18828,XGBoost
FOODS_3_555,CA_3,Estacional,2016-05-01,37.533382,XGBoost
FOODS_3_555,CA_3,Estacional,2016-05-02,27.026793,XGBoost
FOODS_3_555,CA_3,Estacional,2016-05-03,25.332983,XGBoost
FOODS_3_555,CA_3,Estacional,2016-05-04,26.672056,XGBoost
FOODS_3_555,CA_3,Estacional,2016-05-05,26.55657,XGBoost
FOODS_3_555,CA_3,Estacional,2016-05-06,31.257963,XGBoost
FOODS_3_555,CA_3,Estacional,2016-05-07,39.64331,XGBoost
FOODS_3_555,CA_3,Estacional,2016-05-08,38.66172,XGBoost
FOODS_3_555,CA_3,Estacional,2016-05-09,28.63035,XGBoost
FOODS_3_555,CA_3,Estacional,2016-05-10,25.741,XGBoost
FOODS_3_555,CA_3,Estacional,2016-05-11,26.377312,XGBoost
FOODS_3_555,CA_3,Estacional,2016-05-12,26.043716,XGBoost
FOODS_3_555,CA_3,Estacional,2016-05-13,31.25272,XGBoost
FOODS_3_555,CA_3,Estacional,2016-05-14,41.391922,XGBoost
FOODS_3_555,CA_3,Estacional,2016-05-15,39.04064,XGBoost
FOODS_3_555,CA_3,Estacional,2016-05-16,27.249989,XGBoost
FOODS_3_555,CA_3,Estacional,2016-05-17,27.012987,XGBoost
FOODS_3_555,CA_3,Estacional,2016-05-18,25.077839,XGBoost
FOODS_3_555,CA_3,Estacional,2016-05-19,25.803352,XGBoost
FOODS_3_555,CA_3,Estacional,2016-05-20,33.358345,XGBoost
FOODS_3_555,CA_3,Estacional,2016-05-21,40.15264,XGBoost
FOODS_3_555,CA_3,Estacional,2016-05-22,41.731583,XGBoost
FOODS_3_586,CA_3,Estacional,2016-04-25,64.62276,XGBoost
FOODS_3_586,CA_3,Estacional,2016-04-26,63.80363,XGBoost
FOODS_3_586,CA_3,Estacional,2016-04-27,54.886173,XGBoost
FOODS_3_586,CA_3,Estacional,2016-04-28,57.242565,XGBoost
FOODS_3_586,CA_3,Estacional,2016-04-29,62.26482,XGBoost
FOODS_3_586,CA_3,Estacional,2016-04-30,82.07456,XGBoost
FOODS_3_586,CA_3,Estacional,2016-05-01,83.57174,XGBoost
FOODS_3_586,CA_3,Estacional,2016-05-02,64.54372,XGBoost
FOODS_3_586,CA_3,Estacional,2016-05-03,60.790157,XGBoost
FOODS_3_586,CA_3,Estacional,2016-05-04,58.196785,XGBoost
FOODS_3_586,CA_3,Estacional,2016-05-05,58.02387,XGBoost
FOODS_3_586,CA_3,Estacional,2016-05-06,63.48144,XGBoost
FOODS_3_586,CA_3,Estacional,2016-05-07,85.28108,XGBoost
FOODS_3_586,CA_3,Estacional,2016-05-08,88.76393,XGBoost
FOODS_3_586,CA_3,Estacional,2016-05-09,67.56773,XGBoost
FOODS_3_586,CA_3,Estacional,2016-05-10,62.42084,XGBoost
FOODS_3_586,CA_3,Estacional,2016-05-11,62.49587,XGBoost
FOODS_3_586,CA_3,Estacional,2016-05-12,61.348553,XGBoost
FOODS_3_586,CA_3,Estacional,2016-05-13,68.127884,XGBoost
FOODS_3_586,CA_3,Estacional,2016-05-14,83.36253,XGBoost
FOODS_3_586,CA_3,Estacional,2016-05-15,85.926704,XGBoost
FOODS_3_586,CA_3,Estacional,2016-05-16,68.85476,XGBoost
FOODS_3_586,CA_3,Estacional,2016-05-17,65.89753,XGBoost
FOODS_3_586,CA_3,Estacional,2016-05-18,62.797077,XGBoost
FOODS_3_586,CA_3,Estacional,2016-05-19,63.44911,XGBoost
FOODS_3_586,CA_3,Estacional,2016-05-20,71.709984,XGBoost
FOODS_3_586,CA_3,Estacional,2016-05-21,86.89129,XGBoost
FOODS_3_586,CA_3,Estacional,2016-05-22,88.96233,XGBoost
FOODS_3_634,CA_3,Estacional,2016-04-25,3.1935434,XGBoost
FOODS_3_634,CA_3,Estacional,2016-04-26,3.008106,XGBoost
FOODS_3_634,CA_3,Estacional,2016-04-27,3.0076377,XGBoost
FOODS_3_634,CA_3,Estacional,2016-04-28,2.85779,XGBoost
FOODS_3_634,CA_3,Estacional,2016-04-29,4.5185547,XGBoost
FOODS_3_634,CA_3,Estacional,2016-04-30,5.6601796,XGBoost
FOODS_3_634,CA_3,Estacional,2016-05-01,5.294044,XGBoost
FOODS_3_634,CA_3,Estacional,2016-05-02,3.3451865,XGBoost
FOODS_3_634,CA_3,Estacional,2016-05-03,3.2603889,XGBoost
FOODS_3_634,CA_3,Estacional,2016-05-04,2.9960427,XGBoost
FOODS_3_634,CA_3,Estacional,2016-05-05,2.801173,XGBoost
FOODS_3_634,CA_3,Estacional,2016-05-06,4.1597724,XGBoost
FOODS_3_634,CA_3,Estacional,2016-05-07,5.6031837,XGBoost
FOODS_3_634,CA_3,Estacional,2016-05-08,4.599551,XGBoost
FOODS_3_634,CA_3,Estacional,2016-05-09,3.1625385,XGBoost
FOODS_3_634,CA_3,Estacional,2016-05-10,3.0096846,XGBoost
FOODS_3_634,CA_3,Estacional,2016-05-11,2.892164,XGBoost
FOODS_3_634,CA_3,Estacional,2016-05-12,2.9253662,XGBoost
FOODS_3_634,CA_3,Estacional,2016-05-13,4.314629,XGBoost
FOODS_3_634,CA_3,Estacional,2016-05-14,5.263053,XGBoost
FOODS_3_634,CA_3,Estacional,2016-05-15,4.596255,XGBoost
FOODS_3_634,CA_3,Estacional,2016-05-16,2.9569669,XGBoost
FOODS_3_634,CA_3,Estacional,2016-05-17,2.812374,XGBoost
FOODS_3_634,CA_3,Estacional,2016-05-18,2.7682278,XGBoost
FOODS_3_634,CA_3,Estacional,2016-05-19,2.7495472,XGBoost
FOODS_3_634,CA_3,Estacional,2016-05-20,4.238739,XGBoost
FOODS_3_634,CA_3,Estacional,2016-05-21,5.211025,XGBoost
FOODS_3_634,CA_3,Estacional,2016-05-22,5.047046,XGBoost
FOODS_3_694,CA_3,Estacional,2016-04-25,17.906355,XGBoost
FOODS_3_694,CA_3,Estacional,2016-04-26,17.31025,XGBoost
FOODS_3_694,CA_3,Estacional,2016-04-27,17.412573,XGBoost
FOODS_3_694,CA_3,Estacional,2016-04-28,18.761395,XGBoost
FOODS_3_694,CA_3,Estacional,2016-04-29,19.549156,XGBoost
FOODS_3_694,CA_3,Estacional,2016-04-30,23.779602,XGBoost
FOODS_3_694,CA_3,Estacional,2016-05-01,24.209822,XGBoost
FOODS_3_694,CA_3,Estacional,2016-05-02,17.434704,XGBoost
FOODS_3_694,CA_3,Estacional,2016-05-03,16.881054,XGBoost
FOODS_3_694,CA_3,Estacional,2016-05-04,16.510195,XGBoost
FOODS_3_694,CA_3,Estacional,2016-05-05,17.545042,XGBoost
FOODS_3_694,CA_3,Estacional,2016-05-06,19.23881,XGBoost
FOODS_3_694,CA_3,Estacional,2016-05-07,24.020603,XGBoost
FOODS_3_694,CA_3,Estacional,2016-05-08,23.982784,XGBoost
FOODS_3_694,CA_3,Estacional,2016-05-09,16.938044,XGBoost
FOODS_3_694,CA_3,Estacional,2016-05-10,17.118786,XGBoost
FOODS_3_694,CA_3,Estacional,2016-05-11,16.051676,XGBoost
FOODS_3_694,CA_3,Estacional,2016-05-12,17.60761,XGBoost
FOODS_3_694,CA_3,Estacional,2016-05-13,19.097786,XGBoost
FOODS_3_694,CA_3,Estacional,2016-05-14,22.291132,XGBoost
FOODS_3_694,CA_3,Estacional,2016-05-15,23.278576,XGBoost
FOODS_3_694,CA_3,Estacional,2016-05-16,16.603924,XGBoost
FOODS_3_694,CA_3,Estacional,2016-05-17,16.936066,XGBoost
FOODS_3_694,CA_3,Estacional,2016-05-18,15.944762,XGBoost
FOODS_3_694,CA_3,Estacional,2016-05-19,16.742619,XGBoost
FOODS_3_694,CA_3,Estacional,2016-05-20,19.416904,XGBoost
FOODS_3_694,CA_3,Estacional,2016-05-21,22.82318,XGBoost
FOODS_3_694,CA_3,Estacional,2016-05-22,23.29122,XGBoost
FOODS_3_714,CA_3,Estacional,2016-04-25,26.911722,XGBoost
FOODS_3_714,CA_3,Estacional,2016-04-26,26.928047,XGBoost
FOODS_3_714,CA_3,Estacional,2016-04-27,27.228664,XGBoost
FOODS_3_714,CA_3,Estacional,2016-04-28,27.034376,XGBoost
FOODS_3_714,CA_3,Estacional,2016-04-29,30.412683,XGBoost
FOODS_3_714,CA_3,Estacional,2016-04-30,40.37338,XGBoost
FOODS_3_714,CA_3,Estacional,2016-05-01,38.46849,XGBoost
FOODS_3_714,CA_3,Estacional,2016-05-02,26.858994,XGBoost
FOODS_3_714,CA_3,Estacional,2016-05-03,28.57516,XGBoost
FOODS_3_714,CA_3,Estacional,2016-05-04,28.201141,XGBoost
FOODS_3_714,CA_3,Estacional,2016-05-05,27.538532,XGBoost
FOODS_3_714,CA_3,Estacional,2016-05-06,31.623999,XGBoost
FOODS_3_714,CA_3,Estacional,2016-05-07,39.412918,XGBoost
FOODS_3_714,CA_3,Estacional,2016-05-08,38.094387,XGBoost
FOODS_3_714,CA_3,Estacional,2016-05-09,27.402815,XGBoost
FOODS_3_714,CA_3,Estacional,2016-05-10,26.793484,XGBoost
FOODS_3_714,CA_3,Estacional,2016-05-11,27.67981,XGBoost
FOODS_3_714,CA_3,Estacional,2016-05-12,27.704088,XGBoost
FOODS_3_714,CA_3,Estacional,2016-05-13,31.280645,XGBoost
FOODS_3_714,CA_3,Estacional,2016-05-14,41.370754,XGBoost
FOODS_3_714,CA_3,Estacional,2016-05-15,40.154053,XGBoost
FOODS_3_714,CA_3,Estacional,2016-05-16,27.0112,XGBoost
FOODS_3_714,CA_3,Estacional,2016-05-17,26.329361,XGBoost
FOODS_3_714,CA_3,Estacional,2016-05-18,26.29255,XGBoost
FOODS_3_714,CA_3,Estacional,2016-05-19,27.912037,XGBoost
FOODS_3_714,CA_3,Estacional,2016-05-20,31.252588,XGBoost
FOODS_3_714,CA_3,Estacional,2016-05-21,43.693546,XGBoost
FOODS_3_714,CA_3,Estacional,2016-05-22,40.515842,XGBoost
FOODS_1_086,CA_4,Estacional,2016-04-25,1.9123119,XGBoost
FOODS_1_086,CA_4,Estacional,2016-04-26,1.824903,XGBoost
FOODS_1_086,CA_4,Estacional,2016-04-27,1.9422556,XGBoost
FOODS_1_086,CA_4,Estacional,2016-04-28,1.8284882,XGBoost
FOODS_1_086,CA_4,Estacional,2016-04-29,3.4037466,XGBoost
FOODS_1_086,CA_4,Estacional,2016-04-30,3.1788661,XGBoost
FOODS_1_086,CA_4,Estacional,2016-05-01,2.7235801,XGBoost
FOODS_1_086,CA_4,Estacional,2016-05-02,1.9715431,XGBoost
FOODS_1_086,CA_4,Estacional,2016-05-03,1.7798413,XGBoost
FOODS_1_086,CA_4,Estacional,2016-05-04,1.950105,XGBoost
FOODS_1_086,CA_4,Estacional,2016-05-05,1.8147161,XGBoost
FOODS_1_086,CA_4,Estacional,2016-05-06,3.3129554,XGBoost
FOODS_1_086,CA_4,Estacional,2016-05-07,3.364125,XGBoost
FOODS_1_086,CA_4,Estacional,2016-05-08,2.9910386,XGBoost
FOODS_1_086,CA_4,Estacional,2016-05-09,2.0448368,XGBoost
FOODS_1_086,CA_4,Estacional,2016-05-10,1.9282894,XGBoost
FOODS_1_086,CA_4,Estacional,2016-05-11,1.9974273,XGBoost
FOODS_1_086,CA_4,Estacional,2016-05-12,1.8420665,XGBoost
FOODS_1_086,CA_4,Estacional,2016-05-13,3.3367822,XGBoost
FOODS_1_086,CA_4,Estacional,2016-05-14,3.2545712,XGBoost
FOODS_1_086,CA_4,Estacional,2016-05-15,2.9865139,XGBoost
FOODS_1_086,CA_4,Estacional,2016-05-16,2.0903914,XGBoost
FOODS_1_086,CA_4,Estacional,2016-05-17,1.8777533,XGBoost
FOODS_1_086,CA_4,Estacional,2016-05-18,1.8777533,XGBoost
FOODS_1_086,CA_4,Estacional,2016-05-19,1.9153092,XGBoost
FOODS_1_086,CA_4,Estacional,2016-05-20,3.2423022,XGBoost
FOODS_1_086,CA_4,Estacional,2016-05-21,3.0832548,XGBoost
FOODS_1_086,CA_4,Estacional,2016-05-22,2.858983,XGBoost
FOODS_2_013,CA_4,Estacional,2016-04-25,1.839918,XGBoost
FOODS_2_013,CA_4,Estacional,2016-04-26,1.2435789,XGBoost
FOODS_2_013,CA_4,Estacional,2016-04-27,1.2767899,XGBoost
FOODS_2_013,CA_4,Estacional,2016-04-28,1.3873258,XGBoost
FOODS_2_013,CA_4,Estacional,2016-04-29,1.5552266,XGBoost
FOODS_2_013,CA_4,Estacional,2016-04-30,2.3959572,XGBoost
FOODS_2_013,CA_4,Estacional,2016-05-01,2.3438663,XGBoost
FOODS_2_013,CA_4,Estacional,2016-05-02,1.7312696,XGBoost
FOODS_2_013,CA_4,Estacional,2016-05-03,1.3566446,XGBoost
FOODS_2_013,CA_4,Estacional,2016-05-04,1.3615581,XGBoost
FOODS_2_013,CA_4,Estacional,2016-05-05,1.3488584,XGBoost
FOODS_2_013,CA_4,Estacional,2016-05-06,1.5652105,XGBoost
FOODS_2_013,CA_4,Estacional,2016-05-07,2.527625,XGBoost
FOODS_2_013,CA_4,Estacional,2016-05-08,2.426603,XGBoost
FOODS_2_013,CA_4,Estacional,2016-05-09,1.5305194,XGBoost
FOODS_2_013,CA_4,Estacional,2016-05-10,1.2884948,XGBoost
FOODS_2_013,CA_4,Estacional,2016-05-11,1.3760234,XGBoost
FOODS_2_013,CA_4,Estacional,2016-05-12,1.4097327,XGBoost
FOODS_2_013,CA_4,Estacional,2016-05-13,1.5652105,XGBoost
FOODS_2_013,CA_4,Estacional,2016-05-14,2.501441,XGBoost
FOODS_2_013,CA_4,Estacional,2016-05-15,2.4772413,XGBoost
FOODS_2_013,CA_4,Estacional,2016-05-16,1.4785609,XGBoost
FOODS_2_013,CA_4,Estacional,2016-05-17,1.2884948,XGBoost
FOODS_2_013,CA_4,Estacional,2016-05-18,1.2884948,XGBoost
FOODS_2_013,CA_4,Estacional,2016-05-19,1.360172,XGBoost
FOODS_2_013,CA_4,Estacional,2016-05-20,1.5652105,XGBoost
FOODS_2_013,CA_4,Estacional,2016-05-21,2.4070976,XGBoost
FOODS_2_013,CA_4,Estacional,2016-05-22,2.3696966,XGBoost
FOODS_2_138,CA_4,Estacional,2016-04-25,1.6516619,XGBoost
FOODS_2_138,CA_4,Estacional,2016-04-26,1.4969271,XGBoost
FOODS_2_138,CA_4,Estacional,2016-04-27,1.3268858,XGBoost
FOODS_2_138,CA_4,Estacional,2016-04-28,1.5777925,XGBoost
FOODS_2_138,CA_4,Estacional,2016-04-29,1.5494049,XGBoost
FOODS_2_138,CA_4,Estacional,2016-04-30,2.095603,XGBoost
FOODS_2_138,CA_4,Estacional,2016-05-01,2.508715,XGBoost
FOODS_2_138,CA_4,Estacional,2016-05-02,1.5145271,XGBoost
FOODS_2_138,CA_4,Estacional,2016-05-03,1.3399273,XGBoost
FOODS_2_138,CA_4,Estacional,2016-05-04,1.2884948,XGBoost
FOODS_2_138,CA_4,Estacional,2016-05-05,1.5545262,XGBoost
FOODS_2_138,CA_4,Estacional,2016-05-06,1.6461049,XGBoost
FOODS_2_138,CA_4,Estacional,2016-05-07,2.2290545,XGBoost
FOODS_2_138,CA_4,Estacional,2016-05-08,2.5575833,XGBoost
FOODS_2_138,CA_4,Estacional,2016-05-09,1.7673334,XGBoost
FOODS_2_138,CA_4,Estacional,2016-05-10,1.3012391,XGBoost
FOODS_2_138,CA_4,Estacional,2016-05-11,1.3029602,XGBoost
FOODS_2_138,CA_4,Estacional,2016-05-12,1.4390628,XGBoost
FOODS_2_138,CA_4,Estacional,2016-05-13,1.580922,XGBoost
FOODS_2_138,CA_4,Estacional,2016-05-14,2.124303,XGBoost
FOODS_2_138,CA_4,Estacional,2016-05-15,2.311736,XGBoost
FOODS_2_138,CA_4,Estacional,2016-05-16,1.597123,XGBoost
FOODS_2_138,CA_4,Estacional,2016-05-17,1.4321462,XGBoost
FOODS_2_138,CA_4,Estacional,2016-05-18,1.2884948,XGBoost
FOODS_2_138,CA_4,Estacional,2016-05-19,1.4695811,XGBoost
FOODS_2_138,CA_4,Estacional,2016-05-20,1.6083529,XGBoost
FOODS_2_138,CA_4,Estacional,2016-05-21,2.375777,XGBoost
FOODS_2_138,CA_4,Estacional,2016-05-22,2.5293334,XGBoost
FOODS_2_262,CA_4,Estacional,2016-04-25,2.3284154,XGBoost
FOODS_2_262,CA_4,Estacional,2016-04-26,1.8740749,XGBoost
FOODS_2_262,CA_4,Estacional,2016-04-27,1.3723179,XGBoost
FOODS_2_262,CA_4,Estacional,2016-04-28,1.3733554,XGBoost
FOODS_2_262,CA_4,Estacional,2016-04-29,1.889566,XGBoost
FOODS_2_262,CA_4,Estacional,2016-04-30,2.3678613,XGBoost
FOODS_2_262,CA_4,Estacional,2016-05-01,2.6268213,XGBoost
FOODS_2_262,CA_4,Estacional,2016-05-02,2.2698967,XGBoost
FOODS_2_262,CA_4,Estacional,2016-05-03,1.863433,XGBoost
FOODS_2_262,CA_4,Estacional,2016-05-04,1.6556565,XGBoost
FOODS_2_262,CA_4,Estacional,2016-05-05,1.6504148,XGBoost
FOODS_2_262,CA_4,Estacional,2016-05-06,2.1383672,XGBoost
FOODS_2_262,CA_4,Estacional,2016-05-07,2.6134436,XGBoost
FOODS_2_262,CA_4,Estacional,2016-05-08,2.6514902,XGBoost
FOODS_2_262,CA_4,Estacional,2016-05-09,2.0011246,XGBoost
FOODS_2_262,CA_4,Estacional,2016-05-10,1.7843611,XGBoost
FOODS_2_262,CA_4,Estacional,2016-05-11,1.7464473,XGBoost
FOODS_2_262,CA_4,Estacional,2016-05-12,1.5955591,XGBoost
FOODS_2_262,CA_4,Estacional,2016-05-13,2.212794,XGBoost
FOODS_2_262,CA_4,Estacional,2016-05-14,2.6381478,XGBoost
FOODS_2_262,CA_4,Estacional,2016-05-15,2.8338826,XGBoost
FOODS_2_262,CA_4,Estacional,2016-05-16,1.9710823,XGBoost
FOODS_2_262,CA_4,Estacional,2016-05-17,1.6633294,XGBoost
FOODS_2_262,CA_4,Estacional,2016-05-18,1.5142044,XGBoost
FOODS_2_262,CA_4,Estacional,2016-05-19,1.4785174,XGBoost
FOODS_2_262,CA_4,Estacional,2016-05-20,2.0907536,XGBoost
FOODS_2_262,CA_4,Estacional,2016-05-21,2.5559506,XGBoost
FOODS_2_262,CA_4,Estacional,2016-05-22,2.6463442,XGBoost
FOODS_3_113,CA_4,Estacional,2016-04-25,1.706779,XGBoost
FOODS_3_113,CA_4,Estacional,2016-04-26,1.5230242,XGBoost
FOODS_3_113,CA_4,Estacional,2016-04-27,1.5311544,XGBoost
FOODS_3_113,CA_4,Estacional,2016-04-28,1.4346504,XGBoost
FOODS_3_113,CA_4,Estacional,2016-04-29,1.9626858,XGBoost
FOODS_3_113,CA_4,Estacional,2016-04-30,2.233301,XGBoost
FOODS_3_113,CA_4,Estacional,2016-05-01,2.335099,XGBoost
FOODS_3_113,CA_4,Estacional,2016-05-02,1.703756,XGBoost
FOODS_3_113,CA_4,Estacional,2016-05-03,1.5292754,XGBoost
FOODS_3_113,CA_4,Estacional,2016-05-04,1.6238014,XGBoost
FOODS_3_113,CA_4,Estacional,2016-05-05,1.9051126,XGBoost
FOODS_3_113,CA_4,Estacional,2016-05-06,1.7979504,XGBoost
FOODS_3_113,CA_4,Estacional,2016-05-07,2.4326613,XGBoost
FOODS_3_113,CA_4,Estacional,2016-05-08,2.4927056,XGBoost
FOODS_3_113,CA_4,Estacional,2016-05-09,1.7711785,XGBoost
FOODS_3_113,CA_4,Estacional,2016-05-10,1.5998837,XGBoost
FOODS_3_113,CA_4,Estacional,2016-05-11,1.4376776,XGBoost
FOODS_3_113,CA_4,Estacional,2016-05-12,1.8285136,XGBoost
FOODS_3_113,CA_4,Estacional,2016-05-13,1.7390457,XGBoost
FOODS_3_113,CA_4,Estacional,2016-05-14,2.361574,XGBoost
FOODS_3_113,CA_4,Estacional,2016-05-15,2.392323,XGBoost
FOODS_3_113,CA_4,Estacional,2016-05-16,1.6755985,XGBoost
FOODS_3_113,CA_4,Estacional,2016-05-17,1.5361673,XGBoost
FOODS_3_113,CA_4,Estacional,2016-05-18,1.5949823,XGBoost
FOODS_3_113,CA_4,Estacional,2016-05-19,1.4386474,XGBoost
FOODS_3_113,CA_4,Estacional,2016-05-20,1.9637756,XGBoost
FOODS_3_113,CA_4,Estacional,2016-05-21,2.3271492,XGBoost
FOODS_3_113,CA_4,Estacional,2016-05-22,2.370864,XGBoost
FOODS_3_127,CA_4,Estacional,2016-04-25,1.7678083,XGBoost
FOODS_3_127,CA_4,Estacional,2016-04-26,1.5802358,XGBoost
FOODS_3_127,CA_4,Estacional,2016-04-27,1.623707,XGBoost
FOODS_3_127,CA_4,Estacional,2016-04-28,1.6176641,XGBoost
FOODS_3_127,CA_4,Estacional,2016-04-29,2.2142336,XGBoost
FOODS_3_127,CA_4,Estacional,2016-04-30,2.9954796,XGBoost
FOODS_3_127,CA_4,Estacional,2016-05-01,3.1435351,XGBoost
FOODS_3_127,CA_4,Estacional,2016-05-02,1.7497089,XGBoost
FOODS_3_127,CA_4,Estacional,2016-05-03,1.5949668,XGBoost
FOODS_3_127,CA_4,Estacional,2016-05-04,1.666816,XGBoost
FOODS_3_127,CA_4,Estacional,2016-05-05,1.5854546,XGBoost
FOODS_3_127,CA_4,Estacional,2016-05-06,2.1300554,XGBoost
FOODS_3_127,CA_4,Estacional,2016-05-07,2.8025398,XGBoost
FOODS_3_127,CA_4,Estacional,2016-05-08,2.9472504,XGBoost
FOODS_3_127,CA_4,Estacional,2016-05-09,1.7834635,XGBoost
FOODS_3_127,CA_4,Estacional,2016-05-10,1.5613751,XGBoost
FOODS_3_127,CA_4,Estacional,2016-05-11,1.6673168,XGBoost
FOODS_3_127,CA_4,Estacional,2016-05-12,1.5810938,XGBoost
FOODS_3_127,CA_4,Estacional,2016-05-13,2.062431,XGBoost
FOODS_3_127,CA_4,Estacional,2016-05-14,2.6717148,XGBoost
FOODS_3_127,CA_4,Estacional,2016-05-15,2.897045,XGBoost
FOODS_3_127,CA_4,Estacional,2016-05-16,1.6989658,XGBoost
FOODS_3_127,CA_4,Estacional,2016-05-17,1.6027956,XGBoost
FOODS_3_127,CA_4,Estacional,2016-05-18,1.6172609,XGBoost
FOODS_3_127,CA_4,Estacional,2016-05-19,1.7034085,XGBoost
FOODS_3_127,CA_4,Estacional,2016-05-20,2.1973732,XGBoost
FOODS_3_127,CA_4,Estacional,2016-05-21,2.9028418,XGBoost
FOODS_3_127,CA_4,Estacional,2016-05-22,2.8868601,XGBoost
FOODS_3_230,CA_4,Estacional,2016-04-25,1.503294,XGBoost
FOODS_3_230,CA_4,Estacional,2016-04-26,1.2853569,XGBoost
FOODS_3_230,CA_4,Estacional,2016-04-27,1.2397966,XGBoost
FOODS_3_230,CA_4,Estacional,2016-04-28,1.2782611,XGBoost
FOODS_3_230,CA_4,Estacional,2016-04-29,1.5679711,XGBoost
FOODS_3_230,CA_4,Estacional,2016-04-30,2.324508,XGBoost
FOODS_3_230,CA_4,Estacional,2016-05-01,2.6331692,XGBoost
FOODS_3_230,CA_4,Estacional,2016-05-02,1.6157357,XGBoost
FOODS_3_230,CA_4,Estacional,2016-05-03,1.2987031,XGBoost
FOODS_3_230,CA_4,Estacional,2016-05-04,1.2702472,XGBoost
FOODS_3_230,CA_4,Estacional,2016-05-05,1.336114,XGBoost
FOODS_3_230,CA_4,Estacional,2016-05-06,1.580922,XGBoost
FOODS_3_230,CA_4,Estacional,2016-05-07,2.3258896,XGBoost
FOODS_3_230,CA_4,Estacional,2016-05-08,2.4612641,XGBoost
FOODS_3_230,CA_4,Estacional,2016-05-09,1.348727,XGBoost
FOODS_3_230,CA_4,Estacional,2016-05-10,1.2660248,XGBoost
FOODS_3_230,CA_4,Estacional,2016-05-11,1.1593392,XGBoost
FOODS_3_230,CA_4,Estacional,2016-05-12,1.1918023,XGBoost
FOODS_3_230,CA_4,Estacional,2016-05-13,1.5466688,XGBoost
FOODS_3_230,CA_4,Estacional,2016-05-14,2.2237737,XGBoost
FOODS_3_230,CA_4,Estacional,2016-05-15,2.3898923,XGBoost
FOODS_3_230,CA_4,Estacional,2016-05-16,1.2957208,XGBoost
FOODS_3_230,CA_4,Estacional,2016-05-17,1.3599621,XGBoost
FOODS_3_230,CA_4,Estacional,2016-05-18,1.2268107,XGBoost
FOODS_3_230,CA_4,Estacional,2016-05-19,1.2592738,XGBoost
FOODS_3_230,CA_4,Estacional,2016-05-20,1.5035263,XGBoost
FOODS_3_230,CA_4,Estacional,2016-05-21,2.3271492,XGBoost
FOODS_3_230,CA_4,Estacional,2016-05-22,2.5589,XGBoost
FOODS_3_258,CA_4,Estacional,2016-04-25,2.2440948,XGBoost
FOODS_3_258,CA_4,Estacional,2016-04-26,1.8974524,XGBoost
FOODS_3_258,CA_4,Estacional,2016-04-27,1.6978749,XGBoost
FOODS_3_258,CA_4,Estacional,2016-04-28,1.6492393,XGBoost
FOODS_3_258,CA_4,Estacional,2016-04-29,2.30072,XGBoost
FOODS_3_258,CA_4,Estacional,2016-04-30,2.7780356,XGBoost
FOODS_3_258,CA_4,Estacional,2016-05-01,2.6426578,XGBoost
FOODS_3_258,CA_4,Estacional,2016-05-02,2.156428,XGBoost
FOODS_3_258,CA_4,Estacional,2016-05-03,1.7403177,XGBoost
FOODS_3_258,CA_4,Estacional,2016-05-04,1.6027956,XGBoost
FOODS_3_258,CA_4,Estacional,2016-05-05,1.6982207,XGBoost
FOODS_3_258,CA_4,Estacional,2016-05-06,2.2918813,XGBoost
FOODS_3_258,CA_4,Estacional,2016-05-07,2.7671912,XGBoost
FOODS_3_258,CA_4,Estacional,2016-05-08,2.7741098,XGBoost
FOODS_3_258,CA_4,Estacional,2016-05-09,2.0040956,XGBoost
FOODS_3_258,CA_4,Estacional,2016-05-10,1.8831248,XGBoost
FOODS_3_258,CA_4,Estacional,2016-05-11,1.6256527,XGBoost
FOODS_3_258,CA_4,Estacional,2016-05-12,1.6171756,XGBoost
FOODS_3_258,CA_4,Estacional,2016-05-13,2.0957735,XGBoost
FOODS_3_258,CA_4,Estacional,2016-05-14,2.6717148,XGBoost
FOODS_3_258,CA_4,Estacional,2016-05-15,2.7438471,XGBoost
FOODS_3_258,CA_4,Estacional,2016-05-16,2.1281486,XGBoost
FOODS_3_258,CA_4,Estacional,2016-05-17,1.7719924,XGBoost
FOODS_3_258,CA_4,Estacional,2016-05-18,1.6027956,XGBoost
FOODS_3_258,CA_4,Estacional,2016-05-19,1.6352587,XGBoost
FOODS_3_258,CA_4,Estacional,2016-05-20,2.111485,XGBoost
FOODS_3_258,CA_4,Estacional,2016-05-21,2.700715,XGBoost
FOODS_3_258,CA_4,Estacional,2016-05-22,2.595073,XGBoost
FOODS_3_628,CA_4,Estacional,2016-04-25,2.1186435,XGBoost
FOODS_3_628,CA_4,Estacional,2016-04-26,1.8408833,XGBoost
FOODS_3_628,CA_4,Estacional,2016-04-27,1.6845171,XGBoost
FOODS_3_628,CA_4,Estacional,2016-04-28,1.8990335,XGBoost
FOODS_3_628,CA_4,Estacional,2016-04-29,2.6337574,XGBoost
FOODS_3_628,CA_4,Estacional,2016-04-30,3.1279635,XGBoost
FOODS_3_628,CA_4,Estacional,2016-05-01,2.7077239,XGBoost
FOODS_3_628,CA_4,Estacional,2016-05-02,2.0657344,XGBoost
FOODS_3_628,CA_4,Estacional,2016-05-03,1.7040786,XGBoost
FOODS_3_628,CA_4,Estacional,2016-05-04,1.6438173,XGBoost
FOODS_3_628,CA_4,Estacional,2016-05-05,1.74454,XGBoost
FOODS_3_628,CA_4,Estacional,2016-05-06,2.3169143,XGBoost
FOODS_3_628,CA_4,Estacional,2016-05-07,3.4474235,XGBoost
FOODS_3_628,CA_4,Estacional,2016-05-08,2.8707318,XGBoost
FOODS_3_628,CA_4,Estacional,2016-05-09,1.9632797,XGBoost
FOODS_3_628,CA_4,Estacional,2016-05-10,1.629352,XGBoost
FOODS_3_628,CA_4,Estacional,2016-05-11,1.6166077,XGBoost
FOODS_3_628,CA_4,Estacional,2016-05-12,1.7246306,XGBoost
FOODS_3_628,CA_4,Estacional,2016-05-13,2.278747,XGBoost
FOODS_3_628,CA_4,Estacional,2016-05-14,3.078272,XGBoost
FOODS_3_628,CA_4,Estacional,2016-05-15,2.8445013,XGBoost
FOODS_3_628,CA_4,Estacional,2016-05-16,1.9949758,XGBoost
FOODS_3_628,CA_4,Estacional,2016-05-17,1.6323191,XGBoost
FOODS_3_628,CA_4,Estacional,2016-05-18,1.6310729,XGBoost
FOODS_3_628,CA_4,Estacional,2016-05-19,1.7395561,XGBoost
FOODS_3_628,CA_4,Estacional,2016-05-20,2.4276817,XGBoost
FOODS_3_628,CA_4,Estacional,2016-05-21,3.1046448,XGBoost
FOODS_3_628,CA_4,Estacional,2016-05-22,2.7092981,XGBoost
FOODS_3_634,CA_4,Estacional,2016-04-25,2.1449144,XGBoost
FOODS_3_634,CA_4,Estacional,2016-04-26,1.787114,XGBoost
FOODS_3_634,CA_4,Estacional,2016-04-27,1.8099029,XGBoost
FOODS_3_634,CA_4,Estacional,2016-04-28,2.0571852,XGBoost
FOODS_3_634,CA_4,Estacional,2016-04-29,2.5939057,XGBoost
FOODS_3_634,CA_4,Estacional,2016-04-30,4.102146,XGBoost
FOODS_3_634,CA_4,Estacional,2016-05-01,3.456071,XGBoost
FOODS_3_634,CA_4,Estacional,2016-05-02,2.1157753,XGBoost
FOODS_3_634,CA_4,Estacional,2016-05-03,1.9633224,XGBoost
FOODS_3_634,CA_4,Estacional,2016-05-04,2.1566484,XGBoost
FOODS_3_634,CA_4,Estacional,2016-05-05,2.1763055,XGBoost
FOODS_3_634,CA_4,Estacional,2016-05-06,2.778442,XGBoost
FOODS_3_634,CA_4,Estacional,2016-05-07,3.8850608,XGBoost
FOODS_3_634,CA_4,Estacional,2016-05-08,3.4722605,XGBoost
FOODS_3_634,CA_4,Estacional,2016-05-09,2.2375567,XGBoost
FOODS_3_634,CA_4,Estacional,2016-05-10,2.0507066,XGBoost
FOODS_3_634,CA_4,Estacional,2016-05-11,2.039922,XGBoost
FOODS_3_634,CA_4,Estacional,2016-05-12,2.0880966,XGBoost
FOODS_3_634,CA_4,Estacional,2016-05-13,2.6857889,XGBoost
FOODS_3_634,CA_4,Estacional,2016-05-14,3.9424167,XGBoost
FOODS_3_634,CA_4,Estacional,2016-05-15,3.707711,XGBoost
FOODS_3_634,CA_4,Estacional,2016-05-16,2.2153814,XGBoost
FOODS_3_634,CA_4,Estacional,2016-05-17,1.8893903,XGBoost
FOODS_3_634,CA_4,Estacional,2016-05-18,1.9575404,XGBoost
FOODS_3_634,CA_4,Estacional,2016-05-19,2.0352385,XGBoost
FOODS_3_634,CA_4,Estacional,2016-05-20,2.791614,XGBoost
FOODS_3_634,CA_4,Estacional,2016-05-21,4.2002535,XGBoost
FOODS_3_634,CA_4,Estacional,2016-05-22,3.5387745,XGBoost
FOODS_3_681,CA_4,Estacional,2016-04-25,5.195658,XGBoost
FOODS_3_681,CA_4,Estacional,2016-04-26,5.3590684,XGBoost
FOODS_3_681,CA_4,Estacional,2016-04-27,4.388216,XGBoost
FOODS_3_681,CA_4,Estacional,2016-04-28,4.3980045,XGBoost
FOODS_3_681,CA_4,Estacional,2016-04-29,5.8906956,XGBoost
FOODS_3_681,CA_4,Estacional,2016-04-30,8.641365,XGBoost
FOODS_3_681,CA_4,Estacional,2016-05-01,7.66247,XGBoost
FOODS_3_681,CA_4,Estacional,2016-05-02,5.274251,XGBoost
FOODS_3_681,CA_4,Estacional,2016-05-03,5.335773,XGBoost
FOODS_3_681,CA_4,Estacional,2016-05-04,5.2154007,XGBoost
FOODS_3_681,CA_4,Estacional,2016-05-05,4.8184986,XGBoost
FOODS_3_681,CA_4,Estacional,2016-05-06,5.7683477,XGBoost
FOODS_3_681,CA_4,Estacional,2016-05-07,7.612167,XGBoost
FOODS_3_681,CA_4,Estacional,2016-05-08,7.5536857,XGBoost
FOODS_3_681,CA_4,Estacional,2016-05-09,5.349571,XGBoost
FOODS_3_681,CA_4,Estacional,2016-05-10,5.4189706,XGBoost
FOODS_3_681,CA_4,Estacional,2016-05-11,5.182966,XGBoost
FOODS_3_681,CA_4,Estacional,2016-05-12,4.7537684,XGBoost
FOODS_3_681,CA_4,Estacional,2016-05-13,5.7437944,XGBoost
FOODS_3_681,CA_4,Estacional,2016-05-14,7.9106255,XGBoost
FOODS_3_681,CA_4,Estacional,2016-05-15,7.4083724,XGBoost
FOODS_3_681,CA_4,Estacional,2016-05-16,5.4241915,XGBoost
FOODS_3_681,CA_4,Estacional,2016-05-17,4.915324,XGBoost
FOODS_3_681,CA_4,Estacional,2016-05-18,4.6921816,XGBoost
FOODS_3_681,CA_4,Estacional,2016-05-19,4.845565,XGBoost
FOODS_3_681,CA_4,Estacional,2016-05-20,6.617848,XGBoost
FOODS_3_681,CA_4,Estacional,2016-05-21,9.575223,XGBoost
FOODS_3_681,CA_4,Estacional,2016-05-22,7.733118,XGBoost
FOODS_3_738,CA_4,Estacional,2016-04-25,2.2155583,XGBoost
FOODS_3_738,CA_4,Estacional,2016-04-26,2.0456839,XGBoost
FOODS_3_738,CA_4,Estacional,2016-04-27,1.8884114,XGBoost
FOODS_3_738,CA_4,Estacional,2016-04-28,2.1932988,XGBoost
FOODS_3_738,CA_4,Estacional,2016-04-29,2.436012,XGBoost
FOODS_3_738,CA_4,Estacional,2016-04-30,4.2591076,XGBoost
FOODS_3_738,CA_4,Estacional,2016-05-01,3.083285,XGBoost
FOODS_3_738,CA_4,Estacional,2016-05-02,1.9717059,XGBoost
FOODS_3_738,CA_4,Estacional,2016-05-03,1.8115633,XGBoost
FOODS_3_738,CA_4,Estacional,2016-05-04,1.8706981,XGBoost
FOODS_3_738,CA_4,Estacional,2016-05-05,2.037266,XGBoost
FOODS_3_738,CA_4,Estacional,2016-05-06,2.4735458,XGBoost
FOODS_3_738,CA_4,Estacional,2016-05-07,4.0997744,XGBoost
FOODS_3_738,CA_4,Estacional,2016-05-08,2.916879,XGBoost
FOODS_3_738,CA_4,Estacional,2016-05-09,1.9058591,XGBoost
FOODS_3_738,CA_4,Estacional,2016-05-10,1.7769045,XGBoost
FOODS_3_738,CA_4,Estacional,2016-05-11,1.8401798,XGBoost
FOODS_3_738,CA_4,Estacional,2016-05-12,1.898415,XGBoost
FOODS_3_738,CA_4,Estacional,2016-05-13,2.450678,XGBoost
FOODS_3_738,CA_4,Estacional,2016-05-14,4.10357,XGBoost
FOODS_3_738,CA_4,Estacional,2016-05-15,3.3737893,XGBoost
FOODS_3_738,CA_4,Estacional,2016-05-16,2.2287283,XGBoost
FOODS_3_738,CA_4,Estacional,2016-05-17,1.998391,XGBoost
FOODS_3_738,CA_4,Estacional,2016-05-18,1.8419873,XGBoost
FOODS_3_738,CA_4,Estacional,2016-05-19,1.9029063,XGBoost
FOODS_3_738,CA_4,Estacional,2016-05-20,2.3989704,XGBoost
FOODS_3_738,CA_4,Estacional,2016-05-21,4.116575,XGBoost
FOODS_3_738,CA_4,Estacional,2016-05-22,3.1093297,XGBoost
HOBBIES_1_004,TX_1,Estacional,2016-04-25,0.8620313,XGBoost
HOBBIES_1_004,TX_1,Estacional,2016-04-26,0.70436966,XGBoost
HOBBIES_1_004,TX_1,Estacional,2016-04-27,0.70436966,XGBoost
HOBBIES_1_004,TX_1,Estacional,2016-04-28,0.8026038,XGBoost
HOBBIES_1_004,TX_1,Estacional,2016-04-29,1.1424525,XGBoost
HOBBIES_1_004,TX_1,Estacional,2016-04-30,1.5149271,XGBoost
HOBBIES_1_004,TX_1,Estacional,2016-05-01,1.5602494,XGBoost
HOBBIES_1_004,TX_1,Estacional,2016-05-02,0.9180653,XGBoost
HOBBIES_1_004,TX_1,Estacional,2016-05-03,0.7993725,XGBoost
HOBBIES_1_004,TX_1,Estacional,2016-05-04,0.7993725,XGBoost
HOBBIES_1_004,TX_1,Estacional,2016-05-05,0.83308566,XGBoost
HOBBIES_1_004,TX_1,Estacional,2016-05-06,0.9818509,XGBoost
HOBBIES_1_004,TX_1,Estacional,2016-05-07,1.4477694,XGBoost
HOBBIES_1_004,TX_1,Estacional,2016-05-08,1.3818803,XGBoost
HOBBIES_1_004,TX_1,Estacional,2016-05-09,0.97347075,XGBoost
HOBBIES_1_004,TX_1,Estacional,2016-05-10,0.8675223,XGBoost
HOBBIES_1_004,TX_1,Estacional,2016-05-11,0.77889556,XGBoost
HOBBIES_1_004,TX_1,Estacional,2016-05-12,0.8113586,XGBoost
HOBBIES_1_004,TX_1,Estacional,2016-05-13,0.9613741,XGBoost
HOBBIES_1_004,TX_1,Estacional,2016-05-14,1.3919218,XGBoost
HOBBIES_1_004,TX_1,Estacional,2016-05-15,1.3548398,XGBoost
HOBBIES_1_004,TX_1,Estacional,2016-05-16,0.91978633,XGBoost
HOBBIES_1_004,TX_1,Estacional,2016-05-17,0.7993725,XGBoost
HOBBIES_1_004,TX_1,Estacional,2016-05-18,0.7993725,XGBoost
HOBBIES_1_004,TX_1,Estacional,2016-05-19,0.8999853,XGBoost
HOBBIES_1_004,TX_1,Estacional,2016-05-20,1.209282,XGBoost
HOBBIES_1_004,TX_1,Estacional,2016-05-21,1.4953563,XGBoost
HOBBIES_1_004,TX_1,Estacional,2016-05-22,1.424832,XGBoost
HOBBIES_1_010,TX_1,Estacional,2016-04-25,0.6022128,XGBoost
HOBBIES_1_010,TX_1,Estacional,2016-04-26,0.44036782,XGBoost
HOBBIES_1_010,TX_1,Estacional,2016-04-27,0.51405686,XGBoost
HOBBIES_1_010,TX_1,Estacional,2016-04-28,0.5465199,XGBoost
HOBBIES_1_010,TX_1,Estacional,2016-04-29,0.73172766,XGBoost
HOBBIES_1_010,TX_1,Estacional,2016-04-30,0.80161476,XGBoost
HOBBIES_1_010,TX_1,Estacional,2016-05-01,0.95366246,XGBoost
HOBBIES_1_010,TX_1,Estacional,2016-05-02,0.6796467,XGBoost
HOBBIES_1_010,TX_1,Estacional,2016-05-03,0.57369816,XGBoost
HOBBIES_1_010,TX_1,Estacional,2016-05-04,0.57369816,XGBoost
HOBBIES_1_010,TX_1,Estacional,2016-05-05,0.6074113,XGBoost
HOBBIES_1_010,TX_1,Estacional,2016-05-06,0.7561768,XGBoost
HOBBIES_1_010,TX_1,Estacional,2016-05-07,0.90582913,XGBoost
HOBBIES_1_010,TX_1,Estacional,2016-05-08,0.9245816,XGBoost
HOBBIES_1_010,TX_1,Estacional,2016-05-09,0.7281843,XGBoost
HOBBIES_1_010,TX_1,Estacional,2016-05-10,0.6222358,XGBoost
HOBBIES_1_010,TX_1,Estacional,2016-05-11,0.6222358,XGBoost
HOBBIES_1_010,TX_1,Estacional,2016-05-12,0.67711896,XGBoost
HOBBIES_1_010,TX_1,Estacional,2016-05-13,0.8271346,XGBoost
HOBBIES_1_010,TX_1,Estacional,2016-05-14,1.0915387,XGBoost
HOBBIES_1_010,TX_1,Estacional,2016-05-15,1.0496914,XGBoost
HOBBIES_1_010,TX_1,Estacional,2016-05-16,0.75060445,XGBoost
HOBBIES_1_010,TX_1,Estacional,2016-05-17,0.64465594,XGBoost
HOBBIES_1_010,TX_1,Estacional,2016-05-18,0.64465594,XGBoost
HOBBIES_1_010,TX_1,Estacional,2016-05-19,0.67711896,XGBoost
HOBBIES_1_010,TX_1,Estacional,2016-05-20,0.8271346,XGBoost
HOBBIES_1_010,TX_1,Estacional,2016-05-21,1.0915387,XGBoost
HOBBIES_1_010,TX_1,Estacional,2016-05-22,1.1640483,XGBoost
HOBBIES_1_378,TX_1,Estacional,2016-04-25,0.40518796,XGBoost
HOBBIES_1_378,TX_1,Estacional,2016-04-26,0.38609803,XGBoost
HOBBIES_1_378,TX_1,Estacional,2016-04-27,0.31703198,XGBoost
HOBBIES_1_378,TX_1,Estacional,2016-04-28,0.46070486,XGBoost
HOBBIES_1_378,TX_1,Estacional,2016-04-29,0.5952767,XGBoost
HOBBIES_1_378,TX_1,Estacional,2016-04-30,0.66765887,XGBoost
HOBBIES_1_378,TX_1,Estacional,2016-05-01,0.61454487,XGBoost
HOBBIES_1_378,TX_1,Estacional,2016-05-02,0.614536,XGBoost
HOBBIES_1_378,TX_1,Estacional,2016-05-03,0.5391245,XGBoost
HOBBIES_1_378,TX_1,Estacional,2016-05-04,0.5408455,XGBoost
HOBBIES_1_378,TX_1,Estacional,2016-05-05,0.6074113,XGBoost
HOBBIES_1_378,TX_1,Estacional,2016-05-06,0.7561768,XGBoost
HOBBIES_1_378,TX_1,Estacional,2016-05-07,0.94009715,XGBoost
HOBBIES_1_378,TX_1,Estacional,2016-05-08,0.8112624,XGBoost
HOBBIES_1_378,TX_1,Estacional,2016-05-09,0.6796467,XGBoost
HOBBIES_1_378,TX_1,Estacional,2016-05-10,0.57369816,XGBoost
HOBBIES_1_378,TX_1,Estacional,2016-05-11,0.57369816,XGBoost
HOBBIES_1_378,TX_1,Estacional,2016-05-12,0.6061612,XGBoost
HOBBIES_1_378,TX_1,Estacional,2016-05-13,0.7561768,XGBoost
HOBBIES_1_378,TX_1,Estacional,2016-05-14,0.90582913,XGBoost
HOBBIES_1_378,TX_1,Estacional,2016-05-15,0.86398154,XGBoost
HOBBIES_1_378,TX_1,Estacional,2016-05-16,0.6796467,XGBoost
HOBBIES_1_378,TX_1,Estacional,2016-05-17,0.5881636,XGBoost
HOBBIES_1_378,TX_1,Estacional,2016-05-18,0.5860714,XGBoost
HOBBIES_1_378,TX_1,Estacional,2016-05-19,0.6185344,XGBoost
HOBBIES_1_378,TX_1,Estacional,2016-05-20,0.76855004,XGBoost
HOBBIES_1_378,TX_1,Estacional,2016-05-21,1.0315211,XGBoost
HOBBIES_1_378,TX_1,Estacional,2016-05-22,1.0496914,XGBoost
HOBBIES_1_415,TX_1,Estacional,2016-04-25,0.86649716,XGBoost
HOBBIES_1_415,TX_1,Estacional,2016-04-26,0.7053668,XGBoost
HOBBIES_1_415,TX_1,Estacional,2016-04-27,0.75364393,XGBoost
HOBBIES_1_415,TX_1,Estacional,2016-04-28,0.7378298,XGBoost
HOBBIES_1_415,TX_1,Estacional,2016-04-29,1.1074703,XGBoost
HOBBIES_1_415,TX_1,Estacional,2016-04-30,1.0849148,XGBoost
HOBBIES_1_415,TX_1,Estacional,2016-05-01,1.0250331,XGBoost
HOBBIES_1_415,TX_1,Estacional,2016-05-02,0.7854329,XGBoost
HOBBIES_1_415,TX_1,Estacional,2016-05-03,0.6794845,XGBoost
HOBBIES_1_415,TX_1,Estacional,2016-05-04,0.73119783,XGBoost
HOBBIES_1_415,TX_1,Estacional,2016-05-05,0.71319765,XGBoost
HOBBIES_1_415,TX_1,Estacional,2016-05-06,0.9976786,XGBoost
HOBBIES_1_415,TX_1,Estacional,2016-05-07,1.2055818,XGBoost
HOBBIES_1_415,TX_1,Estacional,2016-05-08,1.2047846,XGBoost
HOBBIES_1_415,TX_1,Estacional,2016-05-09,0.7854329,XGBoost
HOBBIES_1_415,TX_1,Estacional,2016-05-10,0.6920838,XGBoost
HOBBIES_1_415,TX_1,Estacional,2016-05-11,0.7048281,XGBoost
HOBBIES_1_415,TX_1,Estacional,2016-05-12,0.7245468,XGBoost
HOBBIES_1_415,TX_1,Estacional,2016-05-13,0.93468595,XGBoost
HOBBIES_1_415,TX_1,Estacional,2016-05-14,1.2181811,XGBoost
HOBBIES_1_415,TX_1,Estacional,2016-05-15,1.3187337,XGBoost
HOBBIES_1_415,TX_1,Estacional,2016-05-16,0.90899706,XGBoost
HOBBIES_1_415,TX_1,Estacional,2016-05-17,0.71864074,XGBoost
HOBBIES_1_415,TX_1,Estacional,2016-05-18,0.71864074,XGBoost
HOBBIES_1_415,TX_1,Estacional,2016-05-19,0.75110376,XGBoost
HOBBIES_1_415,TX_1,Estacional,2016-05-20,0.97687876,XGBoost
HOBBIES_1_415,TX_1,Estacional,2016-05-21,1.1552248,XGBoost
HOBBIES_1_415,TX_1,Estacional,2016-05-22,1.1815273,XGBoost
HOUSEHOLD_1_072,TX_1,Estacional,2016-04-25,1.965891,XGBoost
HOUSEHOLD_1_072,TX_1,Estacional,2016-04-26,1.7306625,XGBoost
HOUSEHOLD_1_072,TX_1,Estacional,2016-04-27,1.8454263,XGBoost
HOUSEHOLD_1_072,TX_1,Estacional,2016-04-28,1.5913208,XGBoost
HOUSEHOLD_1_072,TX_1,Estacional,2016-04-29,2.0260665,XGBoost
HOUSEHOLD_1_072,TX_1,Estacional,2016-04-30,2.604139,XGBoost
HOUSEHOLD_1_072,TX_1,Estacional,2016-05-01,2.8999588,XGBoost
HOUSEHOLD_1_072,TX_1,Estacional,2016-05-02,1.686225,XGBoost
HOUSEHOLD_1_072,TX_1,Estacional,2016-05-03,1.6282915,XGBoost
HOUSEHOLD_1_072,TX_1,Estacional,2016-05-04,1.6782715,XGBoost
HOUSEHOLD_1_072,TX_1,Estacional,2016-05-05,1.5763592,XGBoost
HOUSEHOLD_1_072,TX_1,Estacional,2016-05-06,2.082442,XGBoost
HOUSEHOLD_1_072,TX_1,Estacional,2016-05-07,2.6636443,XGBoost
HOUSEHOLD_1_072,TX_1,Estacional,2016-05-08,2.6521754,XGBoost
HOUSEHOLD_1_072,TX_1,Estacional,2016-05-09,1.7544835,XGBoost
HOUSEHOLD_1_072,TX_1,Estacional,2016-05-10,1.6149589,XGBoost
HOUSEHOLD_1_072,TX_1,Estacional,2016-05-11,1.7596827,XGBoost
HOUSEHOLD_1_072,TX_1,Estacional,2016-05-12,1.7666767,XGBoost
HOUSEHOLD_1_072,TX_1,Estacional,2016-05-13,2.0987406,XGBoost
HOUSEHOLD_1_072,TX_1,Estacional,2016-05-14,2.8262057,XGBoost
HOUSEHOLD_1_072,TX_1,Estacional,2016-05-15,2.7086568,XGBoost
HOUSEHOLD_1_072,TX_1,Estacional,2016-05-16,1.7677519,XGBoost
HOUSEHOLD_1_072,TX_1,Estacional,2016-05-17,1.6332358,XGBoost
HOUSEHOLD_1_072,TX_1,Estacional,2016-05-18,1.7146003,XGBoost
HOUSEHOLD_1_072,TX_1,Estacional,2016-05-19,1.4785174,XGBoost
HOUSEHOLD_1_072,TX_1,Estacional,2016-05-20,1.9729289,XGBoost
HOUSEHOLD_1_072,TX_1,Estacional,2016-05-21,2.685161,XGBoost
HOUSEHOLD_1_072,TX_1,Estacional,2016-05-22,2.6753392,XGBoost
HOUSEHOLD_1_304,TX_1,Estacional,2016-04-25,5.156936,XGBoost
HOUSEHOLD_1_304,TX_1,Estacional,2016-04-26,4.582929,XGBoost
HOUSEHOLD_1_304,TX_1,Estacional,2016-04-27,4.1052885,XGBoost
HOUSEHOLD_1_304,TX_1,Estacional,2016-04-28,4.0746675,XGBoost
HOUSEHOLD_1_304,TX_1,Estacional,2016-04-29,5.7288723,XGBoost
HOUSEHOLD_1_304,TX_1,Estacional,2016-04-30,6.8920817,XGBoost
HOUSEHOLD_1_304,TX_1,Estacional,2016-05-01,7.4508634,XGBoost
HOUSEHOLD_1_304,TX_1,Estacional,2016-05-02,5.387229,XGBoost
HOUSEHOLD_1_304,TX_1,Estacional,2016-05-03,4.248756,XGBoost
HOUSEHOLD_1_304,TX_1,Estacional,2016-05-04,4.2975845,XGBoost
HOUSEHOLD_1_304,TX_1,Estacional,2016-05-05,4.6550636,XGBoost
HOUSEHOLD_1_304,TX_1,Estacional,2016-05-06,5.244613,XGBoost
HOUSEHOLD_1_304,TX_1,Estacional,2016-05-07,6.5932703,XGBoost
HOUSEHOLD_1_304,TX_1,Estacional,2016-05-08,6.9733624,XGBoost
HOUSEHOLD_1_304,TX_1,Estacional,2016-05-09,5.247501,XGBoost
HOUSEHOLD_1_304,TX_1,Estacional,2016-05-10,4.1451917,XGBoost
HOUSEHOLD_1_304,TX_1,Estacional,2016-05-11,4.071005,XGBoost
HOUSEHOLD_1_304,TX_1,Estacional,2016-05-12,4.3602805,XGBoost
HOUSEHOLD_1_304,TX_1,Estacional,2016-05-13,5.026814,XGBoost
HOUSEHOLD_1_304,TX_1,Estacional,2016-05-14,6.8507943,XGBoost
HOUSEHOLD_1_304,TX_1,Estacional,2016-05-15,7.0385613,XGBoost
HOUSEHOLD_1_304,TX_1,Estacional,2016-05-16,5.1535983,XGBoost
HOUSEHOLD_1_304,TX_1,Estacional,2016-05-17,4.1277494,XGBoost
HOUSEHOLD_1_304,TX_1,Estacional,2016-05-18,4.097821,XGBoost
HOUSEHOLD_1_304,TX_1,Estacional,2016-05-19,3.9929063,XGBoost
HOUSEHOLD_1_304,TX_1,Estacional,2016-05-20,5.06253,XGBoost
HOUSEHOLD_1_304,TX_1,Estacional,2016-05-21,6.3496137,XGBoost
HOUSEHOLD_1_304,TX_1,Estacional,2016-05-22,6.874701,XGBoost
HOUSEHOLD_1_324,TX_1,Estacional,2016-04-25,1.3762228,XGBoost
HOUSEHOLD_1_324,TX_1,Estacional,2016-04-26,1.1558565,XGBoost
HOUSEHOLD_1_324,TX_1,Estacional,2016-04-27,1.2157686,XGBoost
HOUSEHOLD_1_324,TX_1,Estacional,2016-04-28,1.1491054,XGBoost
HOUSEHOLD_1_324,TX_1,Estacional,2016-04-29,1.3869964,XGBoost
HOUSEHOLD_1_324,TX_1,Estacional,2016-04-30,2.2266867,XGBoost
HOUSEHOLD_1_324,TX_1,Estacional,2016-05-01,1.8328946,XGBoost
HOUSEHOLD_1_324,TX_1,Estacional,2016-05-02,1.2942543,XGBoost
HOUSEHOLD_1_324,TX_1,Estacional,2016-05-03,1.1206249,XGBoost
HOUSEHOLD_1_324,TX_1,Estacional,2016-05-04,1.2575196,XGBoost
HOUSEHOLD_1_324,TX_1,Estacional,2016-05-05,1.1184623,XGBoost
HOUSEHOLD_1_324,TX_1,Estacional,2016-05-06,1.4184098,XGBoost
HOUSEHOLD_1_324,TX_1,Estacional,2016-05-07,2.3219633,XGBoost
HOUSEHOLD_1_324,TX_1,Estacional,2016-05-08,1.692852,XGBoost
HOUSEHOLD_1_324,TX_1,Estacional,2016-05-09,1.2552855,XGBoost
HOUSEHOLD_1_324,TX_1,Estacional,2016-05-10,1.1206249,XGBoost
HOUSEHOLD_1_324,TX_1,Estacional,2016-05-11,1.3017474,XGBoost
HOUSEHOLD_1_324,TX_1,Estacional,2016-05-12,1.153088,XGBoost
HOUSEHOLD_1_324,TX_1,Estacional,2016-05-13,1.4434172,XGBoost
HOUSEHOLD_1_324,TX_1,Estacional,2016-05-14,2.1514518,XGBoost
HOUSEHOLD_1_324,TX_1,Estacional,2016-05-15,1.8109528,XGBoost
HOUSEHOLD_1_324,TX_1,Estacional,2016-05-16,1.361227,XGBoost
HOUSEHOLD_1_324,TX_1,Estacional,2016-05-17,1.1887745,XGBoost
HOUSEHOLD_1_324,TX_1,Estacional,2016-05-18,1.1360143,XGBoost
HOUSEHOLD_1_324,TX_1,Estacional,2016-05-19,1.1677994,XGBoost
HOUSEHOLD_1_324,TX_1,Estacional,2016-05-20,1.3899788,XGBoost
HOUSEHOLD_1_324,TX_1,Estacional,2016-05-21,2.223228,XGBoost
HOUSEHOLD_1_324,TX_1,Estacional,2016-05-22,1.8725498,XGBoost
HOUSEHOLD_1_373,TX_1,Estacional,2016-04-25,6.8940344,XGBoost
HOUSEHOLD_1_373,TX_1,Estacional,2016-04-26,6.9056807,XGBoost
HOUSEHOLD_1_373,TX_1,Estacional,2016-04-27,6.4918923,XGBoost
HOUSEHOLD_1_373,TX_1,Estacional,2016-04-28,6.397481,XGBoost
HOUSEHOLD_1_373,TX_1,Estacional,2016-04-29,8.07824,XGBoost
HOUSEHOLD_1_373,TX_1,Estacional,2016-04-30,11.551511,XGBoost
HOUSEHOLD_1_373,TX_1,Estacional,2016-05-01,12.312363,XGBoost
HOUSEHOLD_1_373,TX_1,Estacional,2016-05-02,8.520264,XGBoost
HOUSEHOLD_1_373,TX_1,Estacional,2016-05-03,7.5689917,XGBoost
HOUSEHOLD_1_373,TX_1,Estacional,2016-05-04,7.5457873,XGBoost
HOUSEHOLD_1_373,TX_1,Estacional,2016-05-05,6.9572544,XGBoost
HOUSEHOLD_1_373,TX_1,Estacional,2016-05-06,9.162288,XGBoost
HOUSEHOLD_1_373,TX_1,Estacional,2016-05-07,12.360699,XGBoost
HOUSEHOLD_1_373,TX_1,Estacional,2016-05-08,11.930499,XGBoost
HOUSEHOLD_1_373,TX_1,Estacional,2016-05-09,8.338776,XGBoost
HOUSEHOLD_1_373,TX_1,Estacional,2016-05-10,7.1788335,XGBoost
HOUSEHOLD_1_373,TX_1,Estacional,2016-05-11,7.1168766,XGBoost
HOUSEHOLD_1_373,TX_1,Estacional,2016-05-12,6.800601,XGBoost
HOUSEHOLD_1_373,TX_1,Estacional,2016-05-13,9.14972,XGBoost
HOUSEHOLD_1_373,TX_1,Estacional,2016-05-14,11.48801,XGBoost
HOUSEHOLD_1_373,TX_1,Estacional,2016-05-15,11.448156,XGBoost
HOUSEHOLD_1_373,TX_1,Estacional,2016-05-16,7.383949,XGBoost
HOUSEHOLD_1_373,TX_1,Estacional,2016-05-17,7.2220616,XGBoost
HOUSEHOLD_1_373,TX_1,Estacional,2016-05-18,6.8176003,XGBoost
HOUSEHOLD_1_373,TX_1,Estacional,2016-05-19,6.9391737,XGBoost
HOUSEHOLD_1_373,TX_1,Estacional,2016-05-20,8.719318,XGBoost
HOUSEHOLD_1_373,TX_1,Estacional,2016-05-21,11.624296,XGBoost
HOUSEHOLD_1_373,TX_1,Estacional,2016-05-22,11.73517,XGBoost
HOUSEHOLD_1_494,TX_1,Estacional,2016-04-25,3.2614965,XGBoost
HOUSEHOLD_1_494,TX_1,Estacional,2016-04-26,3.037391,XGBoost
HOUSEHOLD_1_494,TX_1,Estacional,2016-04-27,2.638297,XGBoost
HOUSEHOLD_1_494,TX_1,Estacional,2016-04-28,2.6408074,XGBoost
HOUSEHOLD_1_494,TX_1,Estacional,2016-04-29,3.4572608,XGBoost
HOUSEHOLD_1_494,TX_1,Estacional,2016-04-30,4.437562,XGBoost
HOUSEHOLD_1_494,TX_1,Estacional,2016-05-01,4.734502,XGBoost
HOUSEHOLD_1_494,TX_1,Estacional,2016-05-02,3.151165,XGBoost
HOUSEHOLD_1_494,TX_1,Estacional,2016-05-03,3.0841973,XGBoost
HOUSEHOLD_1_494,TX_1,Estacional,2016-05-04,2.5490837,XGBoost
HOUSEHOLD_1_494,TX_1,Estacional,2016-05-05,2.6450527,XGBoost
HOUSEHOLD_1_494,TX_1,Estacional,2016-05-06,3.2572677,XGBoost
HOUSEHOLD_1_494,TX_1,Estacional,2016-05-07,4.4104924,XGBoost
HOUSEHOLD_1_494,TX_1,Estacional,2016-05-08,4.731747,XGBoost
HOUSEHOLD_1_494,TX_1,Estacional,2016-05-09,3.165155,XGBoost
HOUSEHOLD_1_494,TX_1,Estacional,2016-05-10,2.832865,XGBoost
HOUSEHOLD_1_494,TX_1,Estacional,2016-05-11,2.4966452,XGBoost
HOUSEHOLD_1_494,TX_1,Estacional,2016-05-12,2.7849164,XGBoost
HOUSEHOLD_1_494,TX_1,Estacional,2016-05-13,3.490889,XGBoost
HOUSEHOLD_1_494,TX_1,Estacional,2016-05-14,4.23382,XGBoost
HOUSEHOLD_1_494,TX_1,Estacional,2016-05-15,4.6661444,XGBoost
HOUSEHOLD_1_494,TX_1,Estacional,2016-05-16,2.9273303,XGBoost
HOUSEHOLD_1_494,TX_1,Estacional,2016-05-17,2.631978,XGBoost
HOUSEHOLD_1_494,TX_1,Estacional,2016-05-18,2.6116242,XGBoost
HOUSEHOLD_1_494,TX_1,Estacional,2016-05-19,2.6193385,XGBoost
HOUSEHOLD_1_494,TX_1,Estacional,2016-05-20,3.318108,XGBoost
HOUSEHOLD_1_494,TX_1,Estacional,2016-05-21,4.336081,XGBoost
HOUSEHOLD_1_494,TX_1,Estacional,2016-05-22,4.7453294,XGBoost
HOUSEHOLD_1_528,TX_1,Estacional,2016-04-25,0.7581408,XGBoost
HOUSEHOLD_1_528,TX_1,Estacional,2016-04-26,0.7219139,XGBoost
HOUSEHOLD_1_528,TX_1,Estacional,2016-04-27,0.38408872,XGBoost
HOUSEHOLD_1_528,TX_1,Estacional,2016-04-28,0.4856179,XGBoost
HOUSEHOLD_1_528,TX_1,Estacional,2016-04-29,0.6587887,XGBoost
HOUSEHOLD_1_528,TX_1,Estacional,2016-04-30,0.8861314,XGBoost
HOUSEHOLD_1_528,TX_1,Estacional,2016-05-01,0.8330174,XGBoost
HOUSEHOLD_1_528,TX_1,Estacional,2016-05-02,0.71444005,XGBoost
HOUSEHOLD_1_528,TX_1,Estacional,2016-05-03,0.71233386,XGBoost
HOUSEHOLD_1_528,TX_1,Estacional,2016-05-04,0.60849166,XGBoost
HOUSEHOLD_1_528,TX_1,Estacional,2016-05-05,0.6549491,XGBoost
HOUSEHOLD_1_528,TX_1,Estacional,2016-05-06,0.8271346,XGBoost
HOUSEHOLD_1_528,TX_1,Estacional,2016-05-07,1.0915387,XGBoost
HOUSEHOLD_1_528,TX_1,Estacional,2016-05-08,0.99697226,XGBoost
HOUSEHOLD_1_528,TX_1,Estacional,2016-05-09,0.75060445,XGBoost
HOUSEHOLD_1_528,TX_1,Estacional,2016-05-10,0.65740037,XGBoost
HOUSEHOLD_1_528,TX_1,Estacional,2016-05-11,0.64465594,XGBoost
HOUSEHOLD_1_528,TX_1,Estacional,2016-05-12,0.67711896,XGBoost
HOUSEHOLD_1_528,TX_1,Estacional,2016-05-13,0.8271346,XGBoost
HOUSEHOLD_1_528,TX_1,Estacional,2016-05-14,1.0915387,XGBoost
HOUSEHOLD_1_528,TX_1,Estacional,2016-05-15,1.0496914,XGBoost
HOUSEHOLD_1_528,TX_1,Estacional,2016-05-16,0.7854329,XGBoost
HOUSEHOLD_1_528,TX_1,Estacional,2016-05-17,0.7096615,XGBoost
HOUSEHOLD_1_528,TX_1,Estacional,2016-05-18,0.6794845,XGBoost
HOUSEHOLD_1_528,TX_1,Estacional,2016-05-19,0.72641283,XGBoost
HOUSEHOLD_1_528,TX_1,Estacional,2016-05-20,0.86196303,XGBoost
HOUSEHOLD_1_528,TX_1,Estacional,2016-05-21,1.1263673,XGBoost
HOUSEHOLD_1_528,TX_1,Estacional,2016-05-22,1.0845201,XGBoost
HOUSEHOLD_2_348,TX_1,Estacional,2016-04-25,0.773583,XGBoost
HOUSEHOLD_2_348,TX_1,Estacional,2016-04-26,0.6803789,XGBoost
HOUSEHOLD_2_348,TX_1,Estacional,2016-04-27,0.69159913,XGBoost
HOUSEHOLD_2_348,TX_1,Estacional,2016-04-28,0.6639332,XGBoost
HOUSEHOLD_2_348,TX_1,Estacional,2016-04-29,0.9126733,XGBoost
HOUSEHOLD_2_348,TX_1,Estacional,2016-04-30,1.131782,XGBoost
HOUSEHOLD_2_348,TX_1,Estacional,2016-05-01,1.1319221,XGBoost
HOUSEHOLD_2_348,TX_1,Estacional,2016-05-02,0.79803216,XGBoost
HOUSEHOLD_2_348,TX_1,Estacional,2016-05-03,0.7083419,XGBoost
HOUSEHOLD_2_348,TX_1,Estacional,2016-05-04,0.7757668,XGBoost
HOUSEHOLD_2_348,TX_1,Estacional,2016-05-05,0.7565205,XGBoost
HOUSEHOLD_2_348,TX_1,Estacional,2016-05-06,0.90356475,XGBoost
HOUSEHOLD_2_348,TX_1,Estacional,2016-05-07,1.1552248,XGBoost
HOUSEHOLD_2_348,TX_1,Estacional,2016-05-08,1.1264867,XGBoost
HOUSEHOLD_2_348,TX_1,Estacional,2016-05-09,0.8142904,XGBoost
HOUSEHOLD_2_348,TX_1,Estacional,2016-05-10,0.72280735,XGBoost
HOUSEHOLD_2_348,TX_1,Estacional,2016-05-11,0.76030046,XGBoost
HOUSEHOLD_2_348,TX_1,Estacional,2016-05-12,0.7408049,XGBoost
HOUSEHOLD_2_348,TX_1,Estacional,2016-05-13,0.9330891,XGBoost
HOUSEHOLD_2_348,TX_1,Estacional,2016-05-14,1.1552248,XGBoost
HOUSEHOLD_2_348,TX_1,Estacional,2016-05-15,1.1261219,XGBoost
HOUSEHOLD_2_348,TX_1,Estacional,2016-05-16,0.8142904,XGBoost
HOUSEHOLD_2_348,TX_1,Estacional,2016-05-17,0.7083419,XGBoost
HOUSEHOLD_2_348,TX_1,Estacional,2016-05-18,0.7083419,XGBoost
HOUSEHOLD_2_348,TX_1,Estacional,2016-05-19,0.7408049,XGBoost
HOUSEHOLD_2_348,TX_1,Estacional,2016-05-20,1.0021131,XGBoost
HOUSEHOLD_2_348,TX_1,Estacional,2016-05-21,1.1552248,XGBoost
HOUSEHOLD_2_348,TX_1,Estacional,2016-05-22,1.1763339,XGBoost
FOODS_1_152,TX_1,Estacional,2016-04-25,0.6370063,XGBoost
FOODS_1_152,TX_1,Estacional,2016-04-26,0.54885036,XGBoost
FOODS_1_152,TX_1,Estacional,2016-04-27,0.5985078,XGBoost
FOODS_1_152,TX_1,Estacional,2016-04-28,0.6292498,XGBoost
FOODS_1_152,TX_1,Estacional,2016-04-29,0.818397,XGBoost
FOODS_1_152,TX_1,Estacional,2016-04-30,1.2205509,XGBoost
FOODS_1_152,TX_1,Estacional,2016-05-01,1.021763,XGBoost
FOODS_1_152,TX_1,Estacional,2016-05-02,0.7506395,XGBoost
FOODS_1_152,TX_1,Estacional,2016-05-03,0.6446911,XGBoost
FOODS_1_152,TX_1,Estacional,2016-05-04,0.65915644,XGBoost
FOODS_1_152,TX_1,Estacional,2016-05-05,0.6907775,XGBoost
FOODS_1_152,TX_1,Estacional,2016-05-06,0.8703121,XGBoost
FOODS_1_152,TX_1,Estacional,2016-05-07,1.1198046,XGBoost
FOODS_1_152,TX_1,Estacional,2016-05-08,1.0347285,XGBoost
FOODS_1_152,TX_1,Estacional,2016-05-09,0.7630127,XGBoost
FOODS_1_152,TX_1,Estacional,2016-05-10,0.6570643,XGBoost
FOODS_1_152,TX_1,Estacional,2016-05-11,0.6570643,XGBoost
FOODS_1_152,TX_1,Estacional,2016-05-12,0.72641283,XGBoost
FOODS_1_152,TX_1,Estacional,2016-05-13,0.86196303,XGBoost
FOODS_1_152,TX_1,Estacional,2016-05-14,1.1391116,XGBoost
FOODS_1_152,TX_1,Estacional,2016-05-15,1.0971195,XGBoost
FOODS_1_152,TX_1,Estacional,2016-05-16,0.79803216,XGBoost
FOODS_1_152,TX_1,Estacional,2016-05-17,0.6920838,XGBoost
FOODS_1_152,TX_1,Estacional,2016-05-18,0.6920838,XGBoost
FOODS_1_152,TX_1,Estacional,2016-05-19,0.7245468,XGBoost
FOODS_1_152,TX_1,Estacional,2016-05-20,0.8745623,XGBoost
FOODS_1_152,TX_1,Estacional,2016-05-21,1.2639757,XGBoost
FOODS_1_152,TX_1,Estacional,2016-05-22,1.0971195,XGBoost
FOODS_2_081,TX_1,Estacional,2016-04-25,1.166382,XGBoost
FOODS_2_081,TX_1,Estacional,2016-04-26,0.8368969,XGBoost
FOODS_2_081,TX_1,Estacional,2016-04-27,0.74539196,XGBoost
FOODS_2_081,TX_1,Estacional,2016-04-28,0.76338965,XGBoost
FOODS_2_081,TX_1,Estacional,2016-04-29,0.94406784,XGBoost
FOODS_2_081,TX_1,Estacional,2016-04-30,1.2816131,XGBoost
FOODS_2_081,TX_1,Estacional,2016-05-01,1.207362,XGBoost
FOODS_2_081,TX_1,Estacional,2016-05-02,1.0614917,XGBoost
FOODS_2_081,TX_1,Estacional,2016-05-03,0.7553758,XGBoost
FOODS_2_081,TX_1,Estacional,2016-05-04,0.7553758,XGBoost
FOODS_2_081,TX_1,Estacional,2016-05-05,0.78908896,XGBoost
FOODS_2_081,TX_1,Estacional,2016-05-06,0.965064,XGBoost
FOODS_2_081,TX_1,Estacional,2016-05-07,1.3581294,XGBoost
FOODS_2_081,TX_1,Estacional,2016-05-08,1.297831,XGBoost
FOODS_2_081,TX_1,Estacional,2016-05-09,0.9901891,XGBoost
FOODS_2_081,TX_1,Estacional,2016-05-10,0.79228455,XGBoost
FOODS_2_081,TX_1,Estacional,2016-05-11,0.86043435,XGBoost
FOODS_2_081,TX_1,Estacional,2016-05-12,0.86874425,XGBoost
FOODS_2_081,TX_1,Estacional,2016-05-13,1.0187595,XGBoost
FOODS_2_081,TX_1,Estacional,2016-05-14,1.4528881,XGBoost
FOODS_2_081,TX_1,Estacional,2016-05-15,1.4453088,XGBoost
FOODS_2_081,TX_1,Estacional,2016-05-16,1.0952425,XGBoost
FOODS_2_081,TX_1,Estacional,2016-05-17,0.7993725,XGBoost
FOODS_2_081,TX_1,Estacional,2016-05-18,0.7993725,XGBoost
FOODS_2_081,TX_1,Estacional,2016-05-19,0.8318355,XGBoost
FOODS_2_081,TX_1,Estacional,2016-05-20,0.9963164,XGBoost
FOODS_2_081,TX_1,Estacional,2016-05-21,1.329198,XGBoost
FOODS_2_081,TX_1,Estacional,2016-05-22,1.3078276,XGBoost
FOODS_3_035,TX_1,Estacional,2016-04-25,0.827283,XGBoost
FOODS_3_035,TX_1,Estacional,2016-04-26,0.6990319,XGBoost
FOODS_3_035,TX_1,Estacional,2016-04-27,0.7053668,XGBoost
FOODS_3_035,TX_1,Estacional,2016-04-28,0.7748865,XGBoost
FOODS_3_035,TX_1,Estacional,2016-04-29,1.3495963,XGBoost
FOODS_3_035,TX_1,Estacional,2016-04-30,1.2582715,XGBoost
FOODS_3_035,TX_1,Estacional,2016-05-01,1.0786684,XGBoost
FOODS_3_035,TX_1,Estacional,2016-05-02,0.91671824,XGBoost
FOODS_3_035,TX_1,Estacional,2016-05-03,0.6794845,XGBoost
FOODS_3_035,TX_1,Estacional,2016-05-04,0.81076986,XGBoost
FOODS_3_035,TX_1,Estacional,2016-05-05,0.71319765,XGBoost
FOODS_3_035,TX_1,Estacional,2016-05-06,0.9711217,XGBoost
FOODS_3_035,TX_1,Estacional,2016-05-07,1.1921954,XGBoost
FOODS_3_035,TX_1,Estacional,2016-05-08,1.0318011,XGBoost
FOODS_3_035,TX_1,Estacional,2016-05-09,0.8661821,XGBoost
FOODS_3_035,TX_1,Estacional,2016-05-10,0.6794845,XGBoost
FOODS_3_035,TX_1,Estacional,2016-05-11,0.6794845,XGBoost
FOODS_3_035,TX_1,Estacional,2016-05-12,0.75110376,XGBoost
FOODS_3_035,TX_1,Estacional,2016-05-13,0.93468595,XGBoost
FOODS_3_035,TX_1,Estacional,2016-05-14,1.2651933,XGBoost
FOODS_3_035,TX_1,Estacional,2016-05-15,1.1763339,XGBoost
FOODS_3_035,TX_1,Estacional,2016-05-16,0.82458925,XGBoost
FOODS_3_035,TX_1,Estacional,2016-05-17,0.71864074,XGBoost
FOODS_3_035,TX_1,Estacional,2016-05-18,0.71864074,XGBoost
FOODS_3_035,TX_1,Estacional,2016-05-19,0.767362,XGBoost
FOODS_3_035,TX_1,Estacional,2016-05-20,1.1324732,XGBoost
FOODS_3_035,TX_1,Estacional,2016-05-21,1.2181811,XGBoost
FOODS_3_035,TX_1,Estacional,2016-05-22,1.1763339,XGBoost
FOODS_3_136,TX_1,Estacional,2016-04-25,5.1482754,XGBoost
FOODS_3_136,TX_1,Estacional,2016-04-26,5.5909996,XGBoost
FOODS_3_136,TX_1,Estacional,2016-04-27,5.424049,XGBoost
FOODS_3_136,TX_1,Estacional,2016-04-28,5.608933,XGBoost
FOODS_3_136,TX_1,Estacional,2016-04-29,6.584424,XGBoost
FOODS_3_136,TX_1,Estacional,2016-04-30,10.495558,XGBoost
FOODS_3_136,TX_1,Estacional,2016-05-01,9.623112,XGBoost
FOODS_3_136,TX_1,Estacional,2016-05-02,5.405354,XGBoost
FOODS_3_136,TX_1,Estacional,2016-05-03,5.8182597,XGBoost
FOODS_3_136,TX_1,Estacional,2016-05-04,5.761728,XGBoost
FOODS_3_136,TX_1,Estacional,2016-05-05,6.116675,XGBoost
FOODS_3_136,TX_1,Estacional,2016-05-06,7.281674,XGBoost
FOODS_3_136,TX_1,Estacional,2016-05-07,9.695683,XGBoost
FOODS_3_136,TX_1,Estacional,2016-05-08,9.790315,XGBoost
FOODS_3_136,TX_1,Estacional,2016-05-09,5.7715554,XGBoost
FOODS_3_136,TX_1,Estacional,2016-05-10,6.330476,XGBoost
FOODS_3_136,TX_1,Estacional,2016-05-11,5.671914,XGBoost
FOODS_3_136,TX_1,Estacional,2016-05-12,5.850667,XGBoost
FOODS_3_136,TX_1,Estacional,2016-05-13,7.2851915,XGBoost
FOODS_3_136,TX_1,Estacional,2016-05-14,10.248892,XGBoost
FOODS_3_136,TX_1,Estacional,2016-05-15,9.014702,XGBoost
FOODS_3_136,TX_1,Estacional,2016-05-16,5.738399,XGBoost
FOODS_3_136,TX_1,Estacional,2016-05-17,5.8940988,XGBoost
FOODS_3_136,TX_1,Estacional,2016-05-18,5.869232,XGBoost
FOODS_3_136,TX_1,Estacional,2016-05-19,5.79157,XGBoost
FOODS_3_136,TX_1,Estacional,2016-05-20,7.463808,XGBoost
FOODS_3_136,TX_1,Estacional,2016-05-21,10.395847,XGBoost
FOODS_3_136,TX_1,Estacional,2016-05-22,10.648179,XGBoost
FOODS_3_193,TX_1,Estacional,2016-04-25,0.40518796,XGBoost
FOODS_3_193,TX_1,Estacional,2016-04-26,0.31703198,XGBoost
FOODS_3_193,TX_1,Estacional,2016-04-27,0.295868,XGBoost
FOODS_3_193,TX_1,Estacional,2016-04-28,0.46070486,XGBoost
FOODS_3_193,TX_1,Estacional,2016-04-29,0.5952767,XGBoost
FOODS_3_193,TX_1,Estacional,2016-04-30,0.80161476,XGBoost
FOODS_3_193,TX_1,Estacional,2016-05-01,0.61454487,XGBoost
FOODS_3_193,TX_1,Estacional,2016-05-02,0.614536,XGBoost
FOODS_3_193,TX_1,Estacional,2016-05-03,0.52638006,XGBoost
FOODS_3_193,TX_1,Estacional,2016-05-04,0.52638006,XGBoost
FOODS_3_193,TX_1,Estacional,2016-05-05,0.6074113,XGBoost
FOODS_3_193,TX_1,Estacional,2016-05-06,0.7561768,XGBoost
FOODS_3_193,TX_1,Estacional,2016-05-07,0.90582913,XGBoost
FOODS_3_193,TX_1,Estacional,2016-05-08,0.9256198,XGBoost
FOODS_3_193,TX_1,Estacional,2016-05-09,0.6796467,XGBoost
FOODS_3_193,TX_1,Estacional,2016-05-10,0.57369816,XGBoost
FOODS_3_193,TX_1,Estacional,2016-05-11,0.57369816,XGBoost
FOODS_3_193,TX_1,Estacional,2016-05-12,0.6423256,XGBoost
FOODS_3_193,TX_1,Estacional,2016-05-13,0.7923411,XGBoost
FOODS_3_193,TX_1,Estacional,2016-05-14,1.0191479,XGBoost
FOODS_3_193,TX_1,Estacional,2016-05-15,0.9773006,XGBoost
FOODS_3_193,TX_1,Estacional,2016-05-16,0.7158111,XGBoost
FOODS_3_193,TX_1,Estacional,2016-05-17,0.6222358,XGBoost
FOODS_3_193,TX_1,Estacional,2016-05-18,0.6222358,XGBoost
FOODS_3_193,TX_1,Estacional,2016-05-19,0.6546988,XGBoost
FOODS_3_193,TX_1,Estacional,2016-05-20,0.8271346,XGBoost
FOODS_3_193,TX_1,Estacional,2016-05-21,1.0915387,XGBoost
FOODS_3_193,TX_1,Estacional,2016-05-22,1.0496914,XGBoost
FOODS_3_226,TX_1,Estacional,2016-04-25,14.112311,XGBoost
FOODS_3_226,TX_1,Estacional,2016-04-26,13.334217,XGBoost
FOODS_3_226,TX_1,Estacional,2016-04-27,15.207627,XGBoost
FOODS_3_226,TX_1,Estacional,2016-04-28,14.612546,XGBoost
FOODS_3_226,TX_1,Estacional,2016-04-29,17.1626,XGBoost
FOODS_3_226,TX_1,Estacional,2016-04-30,21.27857,XGBoost
FOODS_3_226,TX_1,Estacional,2016-05-01,20.800957,XGBoost
FOODS_3_226,TX_1,Estacional,2016-05-02,14.384964,XGBoost
FOODS_3_226,TX_1,Estacional,2016-05-03,13.874872,XGBoost
FOODS_3_226,TX_1,Estacional,2016-05-04,14.496316,XGBoost
FOODS_3_226,TX_1,Estacional,2016-05-05,14.285059,XGBoost
FOODS_3_226,TX_1,Estacional,2016-05-06,16.545954,XGBoost
FOODS_3_226,TX_1,Estacional,2016-05-07,20.901295,XGBoost
FOODS_3_226,TX_1,Estacional,2016-05-08,20.857946,XGBoost
FOODS_3_226,TX_1,Estacional,2016-05-09,14.280959,XGBoost
FOODS_3_226,TX_1,Estacional,2016-05-10,14.31335,XGBoost
FOODS_3_226,TX_1,Estacional,2016-05-11,14.602029,XGBoost
FOODS_3_226,TX_1,Estacional,2016-05-12,14.5396185,XGBoost
FOODS_3_226,TX_1,Estacional,2016-05-13,17.17818,XGBoost
FOODS_3_226,TX_1,Estacional,2016-05-14,20.854977,XGBoost
FOODS_3_226,TX_1,Estacional,2016-05-15,20.626377,XGBoost
FOODS_3_226,TX_1,Estacional,2016-05-16,14.191817,XGBoost
FOODS_3_226,TX_1,Estacional,2016-05-17,13.498194,XGBoost
FOODS_3_226,TX_1,Estacional,2016-05-18,14.029999,XGBoost
FOODS_3_226,TX_1,Estacional,2016-05-19,14.280166,XGBoost
FOODS_3_226,TX_1,Estacional,2016-05-20,16.708448,XGBoost
FOODS_3_226,TX_1,Estacional,2016-05-21,22.020739,XGBoost
FOODS_3_226,TX_1,Estacional,2016-05-22,21.371172,XGBoost
FOODS_3_231,TX_1,Estacional,2016-04-25,1.8699276,XGBoost
FOODS_3_231,TX_1,Estacional,2016-04-26,2.0427976,XGBoost
FOODS_3_231,TX_1,Estacional,2016-04-27,1.8728249,XGBoost
FOODS_3_231,TX_1,Estacional,2016-04-28,1.7468235,XGBoost
FOODS_3_231,TX_1,Estacional,2016-04-29,2.439163,XGBoost
FOODS_3_231,TX_1,Estacional,2016-04-30,3.1656666,XGBoost
FOODS_3_231,TX_1,Estacional,2016-05-01,3.1099095,XGBoost
FOODS_3_231,TX_1,Estacional,2016-05-02,1.8127731,XGBoost
FOODS_3_231,TX_1,Estacional,2016-05-03,1.7701252,XGBoost
FOODS_3_231,TX_1,Estacional,2016-05-04,1.740992,XGBoost
FOODS_3_231,TX_1,Estacional,2016-05-05,1.7011402,XGBoost
FOODS_3_231,TX_1,Estacional,2016-05-06,2.543903,XGBoost
FOODS_3_231,TX_1,Estacional,2016-05-07,3.4711728,XGBoost
FOODS_3_231,TX_1,Estacional,2016-05-08,3.11246,XGBoost
FOODS_3_231,TX_1,Estacional,2016-05-09,1.9744847,XGBoost
FOODS_3_231,TX_1,Estacional,2016-05-10,1.8751901,XGBoost
FOODS_3_231,TX_1,Estacional,2016-05-11,1.5997787,XGBoost
FOODS_3_231,TX_1,Estacional,2016-05-12,1.6302927,XGBoost
FOODS_3_231,TX_1,Estacional,2016-05-13,2.360224,XGBoost
FOODS_3_231,TX_1,Estacional,2016-05-14,3.0548263,XGBoost
FOODS_3_231,TX_1,Estacional,2016-05-15,3.229619,XGBoost
FOODS_3_231,TX_1,Estacional,2016-05-16,1.688029,XGBoost
FOODS_3_231,TX_1,Estacional,2016-05-17,1.7142183,XGBoost
FOODS_3_231,TX_1,Estacional,2016-05-18,1.567359,XGBoost
FOODS_3_231,TX_1,Estacional,2016-05-19,1.5841105,XGBoost
FOODS_3_231,TX_1,Estacional,2016-05-20,2.2263408,XGBoost
FOODS_3_231,TX_1,Estacional,2016-05-21,2.8470373,XGBoost
FOODS_3_231,TX_1,Estacional,2016-05-22,3.0227041,XGBoost
FOODS_3_252,TX_1,Estacional,2016-04-25,26.571901,XGBoost
FOODS_3_252,TX_1,Estacional,2016-04-26,25.001688,XGBoost
FOODS_3_252,TX_1,Estacional,2016-04-27,26.241522,XGBoost
FOODS_3_252,TX_1,Estacional,2016-04-28,27.905647,XGBoost
FOODS_3_252,TX_1,Estacional,2016-04-29,29.496948,XGBoost
FOODS_3_252,TX_1,Estacional,2016-04-30,40.42286,XGBoost
FOODS_3_252,TX_1,Estacional,2016-05-01,36.801987,XGBoost
FOODS_3_252,TX_1,Estacional,2016-05-02,25.475899,XGBoost
FOODS_3_252,TX_1,Estacional,2016-05-03,24.568201,XGBoost
FOODS_3_252,TX_1,Estacional,2016-05-04,24.530289,XGBoost
FOODS_3_252,TX_1,Estacional,2016-05-05,27.79439,XGBoost
FOODS_3_252,TX_1,Estacional,2016-05-06,30.359583,XGBoost
FOODS_3_252,TX_1,Estacional,2016-05-07,42.687992,XGBoost
FOODS_3_252,TX_1,Estacional,2016-05-08,37.485664,XGBoost
FOODS_3_252,TX_1,Estacional,2016-05-09,26.182592,XGBoost
FOODS_3_252,TX_1,Estacional,2016-05-10,26.295296,XGBoost
FOODS_3_252,TX_1,Estacional,2016-05-11,26.29016,XGBoost
FOODS_3_252,TX_1,Estacional,2016-05-12,28.51787,XGBoost
FOODS_3_252,TX_1,Estacional,2016-05-13,30.277283,XGBoost
FOODS_3_252,TX_1,Estacional,2016-05-14,41.494152,XGBoost
FOODS_3_252,TX_1,Estacional,2016-05-15,38.549843,XGBoost
FOODS_3_252,TX_1,Estacional,2016-05-16,27.140345,XGBoost
FOODS_3_252,TX_1,Estacional,2016-05-17,25.690353,XGBoost
FOODS_3_252,TX_1,Estacional,2016-05-18,27.138597,XGBoost
FOODS_3_252,TX_1,Estacional,2016-05-19,27.583366,XGBoost
FOODS_3_252,TX_1,Estacional,2016-05-20,31.660454,XGBoost
FOODS_3_252,TX_1,Estacional,2016-05-21,44.292896,XGBoost
FOODS_3_252,TX_1,Estacional,2016-05-22,40.060844,XGBoost
FOODS_3_363,TX_1,Estacional,2016-04-25,1.5699843,XGBoost
FOODS_3_363,TX_1,Estacional,2016-04-26,1.3822697,XGBoost
FOODS_3_363,TX_1,Estacional,2016-04-27,1.2955458,XGBoost
FOODS_3_363,TX_1,Estacional,2016-04-28,1.167353,XGBoost
FOODS_3_363,TX_1,Estacional,2016-04-29,1.7080504,XGBoost
FOODS_3_363,TX_1,Estacional,2016-04-30,2.4385188,XGBoost
FOODS_3_363,TX_1,Estacional,2016-05-01,1.8453641,XGBoost
FOODS_3_363,TX_1,Estacional,2016-05-02,1.2939998,XGBoost
FOODS_3_363,TX_1,Estacional,2016-05-03,1.3315887,XGBoost
FOODS_3_363,TX_1,Estacional,2016-05-04,1.1738045,XGBoost
FOODS_3_363,TX_1,Estacional,2016-05-05,1.1864917,XGBoost
FOODS_3_363,TX_1,Estacional,2016-05-06,1.5775093,XGBoost
FOODS_3_363,TX_1,Estacional,2016-05-07,2.5928185,XGBoost
FOODS_3_363,TX_1,Estacional,2016-05-08,1.8359871,XGBoost
FOODS_3_363,TX_1,Estacional,2016-05-09,1.2607888,XGBoost
FOODS_3_363,TX_1,Estacional,2016-05-10,1.1987846,XGBoost
FOODS_3_363,TX_1,Estacional,2016-05-11,1.1388725,XGBoost
FOODS_3_363,TX_1,Estacional,2016-05-12,1.2394851,XGBoost
FOODS_3_363,TX_1,Estacional,2016-05-13,1.4554832,XGBoost
FOODS_3_363,TX_1,Estacional,2016-05-14,2.1603558,XGBoost
FOODS_3_363,TX_1,Estacional,2016-05-15,1.9871951,XGBoost
FOODS_3_363,TX_1,Estacional,2016-05-16,1.3427256,XGBoost
FOODS_3_363,TX_1,Estacional,2016-05-17,1.4049226,XGBoost
FOODS_3_363,TX_1,Estacional,2016-05-18,1.3627478,XGBoost
FOODS_3_363,TX_1,Estacional,2016-05-19,1.2388071,XGBoost
FOODS_3_363,TX_1,Estacional,2016-05-20,1.6286054,XGBoost
FOODS_3_363,TX_1,Estacional,2016-05-21,2.5690684,XGBoost
FOODS_3_363,TX_1,Estacional,2016-05-22,1.9117876,XGBoost
FOODS_3_407,TX_1,Estacional,2016-04-25,2.1189163,XGBoost
FOODS_3_407,TX_1,Estacional,2016-04-26,1.5431461,XGBoost
FOODS_3_407,TX_1,Estacional,2016-04-27,1.6596887,XGBoost
FOODS_3_407,TX_1,Estacional,2016-04-28,1.483827,XGBoost
FOODS_3_407,TX_1,Estacional,2016-04-29,1.7687422,XGBoost
FOODS_3_407,TX_1,Estacional,2016-04-30,2.4621403,XGBoost
FOODS_3_407,TX_1,Estacional,2016-05-01,2.5336838,XGBoost
FOODS_3_407,TX_1,Estacional,2016-05-02,2.0063996,XGBoost
FOODS_3_407,TX_1,Estacional,2016-05-03,1.7262563,XGBoost
FOODS_3_407,TX_1,Estacional,2016-05-04,1.7905496,XGBoost
FOODS_3_407,TX_1,Estacional,2016-05-05,1.7049853,XGBoost
FOODS_3_407,TX_1,Estacional,2016-05-06,1.8140568,XGBoost
FOODS_3_407,TX_1,Estacional,2016-05-07,2.6805103,XGBoost
FOODS_3_407,TX_1,Estacional,2016-05-08,2.5309305,XGBoost
FOODS_3_407,TX_1,Estacional,2016-05-09,1.8716663,XGBoost
FOODS_3_407,TX_1,Estacional,2016-05-10,1.5603075,XGBoost
FOODS_3_407,TX_1,Estacional,2016-05-11,1.6327705,XGBoost
FOODS_3_407,TX_1,Estacional,2016-05-12,1.5948799,XGBoost
FOODS_3_407,TX_1,Estacional,2016-05-13,1.643686,XGBoost
FOODS_3_407,TX_1,Estacional,2016-05-14,2.5725477,XGBoost
FOODS_3_407,TX_1,Estacional,2016-05-15,2.5749211,XGBoost
FOODS_3_407,TX_1,Estacional,2016-05-16,1.9745592,XGBoost
FOODS_3_407,TX_1,Estacional,2016-05-17,1.3777655,XGBoost
FOODS_3_407,TX_1,Estacional,2016-05-18,1.5581931,XGBoost
FOODS_3_407,TX_1,Estacional,2016-05-19,1.4724966,XGBoost
FOODS_3_407,TX_1,Estacional,2016-05-20,1.643686,XGBoost
FOODS_3_407,TX_1,Estacional,2016-05-21,2.5183094,XGBoost
FOODS_3_407,TX_1,Estacional,2016-05-22,2.533347,XGBoost
FOODS_3_476,TX_1,Estacional,2016-04-25,4.2806516,XGBoost
FOODS_3_476,TX_1,Estacional,2016-04-26,4.7377887,XGBoost
FOODS_3_476,TX_1,Estacional,2016-04-27,3.99972,XGBoost
FOODS_3_476,TX_1,Estacional,2016-04-28,3.9959395,XGBoost
FOODS_3_476,TX_1,Estacional,2016-04-29,4.762321,XGBoost
FOODS_3_476,TX_1,Estacional,2016-04-30,6.4322157,XGBoost
FOODS_3_476,TX_1,Estacional,2016-05-01,7.174263,XGBoost
FOODS_3_476,TX_1,Estacional,2016-05-02,4.228066,XGBoost
FOODS_3_476,TX_1,Estacional,2016-05-03,4.913522,XGBoost
FOODS_3_476,TX_1,Estacional,2016-05-04,3.9825757,XGBoost
FOODS_3_476,TX_1,Estacional,2016-05-05,3.8505394,XGBoost
FOODS_3_476,TX_1,Estacional,2016-05-06,5.3094325,XGBoost
FOODS_3_476,TX_1,Estacional,2016-05-07,5.914414,XGBoost
FOODS_3_476,TX_1,Estacional,2016-05-08,6.4440627,XGBoost
FOODS_3_476,TX_1,Estacional,2016-05-09,4.0924964,XGBoost
FOODS_3_476,TX_1,Estacional,2016-05-10,4.352495,XGBoost
FOODS_3_476,TX_1,Estacional,2016-05-11,4.1501203,XGBoost
FOODS_3_476,TX_1,Estacional,2016-05-12,3.99463,XGBoost
FOODS_3_476,TX_1,Estacional,2016-05-13,4.8448243,XGBoost
FOODS_3_476,TX_1,Estacional,2016-05-14,6.028204,XGBoost
FOODS_3_476,TX_1,Estacional,2016-05-15,6.8151927,XGBoost
FOODS_3_476,TX_1,Estacional,2016-05-16,4.051849,XGBoost
FOODS_3_476,TX_1,Estacional,2016-05-17,4.2226424,XGBoost
FOODS_3_476,TX_1,Estacional,2016-05-18,3.7004223,XGBoost
FOODS_3_476,TX_1,Estacional,2016-05-19,3.562109,XGBoost
FOODS_3_476,TX_1,Estacional,2016-05-20,4.613911,XGBoost
FOODS_3_476,TX_1,Estacional,2016-05-21,6.0583215,XGBoost
FOODS_3_476,TX_1,Estacional,2016-05-22,6.4982166,XGBoost
FOODS_3_503,TX_1,Estacional,2016-04-25,2.3509104,XGBoost
FOODS_3_503,TX_1,Estacional,2016-04-26,2.255088,XGBoost
FOODS_3_503,TX_1,Estacional,2016-04-27,2.0277076,XGBoost
FOODS_3_503,TX_1,Estacional,2016-04-28,2.3670328,XGBoost
FOODS_3_503,TX_1,Estacional,2016-04-29,2.7412045,XGBoost
FOODS_3_503,TX_1,Estacional,2016-04-30,4.003503,XGBoost
FOODS_3_503,TX_1,Estacional,2016-05-01,3.3816948,XGBoost
FOODS_3_503,TX_1,Estacional,2016-05-02,2.2296202,XGBoost
FOODS_3_503,TX_1,Estacional,2016-05-03,2.1811059,XGBoost
FOODS_3_503,TX_1,Estacional,2016-05-04,2.0374959,XGBoost
FOODS_3_503,TX_1,Estacional,2016-05-05,2.303729,XGBoost
FOODS_3_503,TX_1,Estacional,2016-05-06,2.5375898,XGBoost
FOODS_3_503,TX_1,Estacional,2016-05-07,3.8134727,XGBoost
FOODS_3_503,TX_1,Estacional,2016-05-08,3.135393,XGBoost
FOODS_3_503,TX_1,Estacional,2016-05-09,2.3111806,XGBoost
FOODS_3_503,TX_1,Estacional,2016-05-10,2.2192326,XGBoost
FOODS_3_503,TX_1,Estacional,2016-05-11,1.9298507,XGBoost
FOODS_3_503,TX_1,Estacional,2016-05-12,2.6326232,XGBoost
FOODS_3_503,TX_1,Estacional,2016-05-13,2.3789299,XGBoost
FOODS_3_503,TX_1,Estacional,2016-05-14,3.7337892,XGBoost
FOODS_3_503,TX_1,Estacional,2016-05-15,3.1506164,XGBoost
FOODS_3_503,TX_1,Estacional,2016-05-16,2.0001616,XGBoost
FOODS_3_503,TX_1,Estacional,2016-05-17,1.9081689,XGBoost
FOODS_3_503,TX_1,Estacional,2016-05-18,1.9152462,XGBoost
FOODS_3_503,TX_1,Estacional,2016-05-19,2.1625316,XGBoost
FOODS_3_503,TX_1,Estacional,2016-05-20,2.4848716,XGBoost
FOODS_3_503,TX_1,Estacional,2016-05-21,3.5216565,XGBoost
FOODS_3_503,TX_1,Estacional,2016-05-22,3.2845523,XGBoost
FOODS_3_516,TX_1,Estacional,2016-04-25,6.144543,XGBoost
FOODS_3_516,TX_1,Estacional,2016-04-26,5.351124,XGBoost
FOODS_3_516,TX_1,Estacional,2016-04-27,5.7798963,XGBoost
FOODS_3_516,TX_1,Estacional,2016-04-28,5.961534,XGBoost
FOODS_3_516,TX_1,Estacional,2016-04-29,6.759399,XGBoost
FOODS_3_516,TX_1,Estacional,2016-04-30,9.985033,XGBoost
FOODS_3_516,TX_1,Estacional,2016-05-01,9.068569,XGBoost
FOODS_3_516,TX_1,Estacional,2016-05-02,6.855399,XGBoost
FOODS_3_516,TX_1,Estacional,2016-05-03,6.2303877,XGBoost
FOODS_3_516,TX_1,Estacional,2016-05-04,6.174073,XGBoost
FOODS_3_516,TX_1,Estacional,2016-05-05,5.9931374,XGBoost
FOODS_3_516,TX_1,Estacional,2016-05-06,7.4071507,XGBoost
FOODS_3_516,TX_1,Estacional,2016-05-07,10.541849,XGBoost
FOODS_3_516,TX_1,Estacional,2016-05-08,8.362443,XGBoost
FOODS_3_516,TX_1,Estacional,2016-05-09,6.5233226,XGBoost
FOODS_3_516,TX_1,Estacional,2016-05-10,6.0446787,XGBoost
FOODS_3_516,TX_1,Estacional,2016-05-11,6.2255745,XGBoost
FOODS_3_516,TX_1,Estacional,2016-05-12,6.185734,XGBoost
FOODS_3_516,TX_1,Estacional,2016-05-13,7.8352423,XGBoost
FOODS_3_516,TX_1,Estacional,2016-05-14,9.98479,XGBoost
FOODS_3_516,TX_1,Estacional,2016-05-15,9.290692,XGBoost
FOODS_3_516,TX_1,Estacional,2016-05-16,6.426558,XGBoost
FOODS_3_516,TX_1,Estacional,2016-05-17,5.8037276,XGBoost
FOODS_3_516,TX_1,Estacional,2016-05-18,6.0193324,XGBoost
FOODS_3_516,TX_1,Estacional,2016-05-19,6.0460286,XGBoost
FOODS_3_516,TX_1,Estacional,2016-05-20,6.998632,XGBoost
FOODS_3_516,TX_1,Estacional,2016-05-21,10.246983,XGBoost
FOODS_3_516,TX_1,Estacional,2016-05-22,9.820888,XGBoost
FOODS_3_534,TX_1,Estacional,2016-04-25,0.51639766,XGBoost
FOODS_3_534,TX_1,Estacional,2016-04-26,0.49730816,XGBoost
FOODS_3_534,TX_1,Estacional,2016-04-27,0.42824176,XGBoost
FOODS_3_534,TX_1,Estacional,2016-04-28,0.3675052,XGBoost
FOODS_3_534,TX_1,Estacional,2016-04-29,0.5020771,XGBoost
FOODS_3_534,TX_1,Estacional,2016-04-30,0.66765887,XGBoost
FOODS_3_534,TX_1,Estacional,2016-05-01,0.61454487,XGBoost
FOODS_3_534,TX_1,Estacional,2016-05-02,0.614536,XGBoost
FOODS_3_534,TX_1,Estacional,2016-05-03,0.5391245,XGBoost
FOODS_3_534,TX_1,Estacional,2016-05-04,0.52638006,XGBoost
FOODS_3_534,TX_1,Estacional,2016-05-05,0.5600932,XGBoost
FOODS_3_534,TX_1,Estacional,2016-05-06,0.7561768,XGBoost
FOODS_3_534,TX_1,Estacional,2016-05-07,0.94009715,XGBoost
FOODS_3_534,TX_1,Estacional,2016-05-08,0.8112624,XGBoost
FOODS_3_534,TX_1,Estacional,2016-05-09,0.6796467,XGBoost
FOODS_3_534,TX_1,Estacional,2016-05-10,0.57369816,XGBoost
FOODS_3_534,TX_1,Estacional,2016-05-11,0.57369816,XGBoost
FOODS_3_534,TX_1,Estacional,2016-05-12,0.6061612,XGBoost
FOODS_3_534,TX_1,Estacional,2016-05-13,0.82432675,XGBoost
FOODS_3_534,TX_1,Estacional,2016-05-14,1.0191479,XGBoost
FOODS_3_534,TX_1,Estacional,2016-05-15,0.9773006,XGBoost
FOODS_3_534,TX_1,Estacional,2016-05-16,0.7281843,XGBoost
FOODS_3_534,TX_1,Estacional,2016-05-17,0.6367011,XGBoost
FOODS_3_534,TX_1,Estacional,2016-05-18,0.6222358,XGBoost
FOODS_3_534,TX_1,Estacional,2016-05-19,0.6546988,XGBoost
FOODS_3_534,TX_1,Estacional,2016-05-20,0.8047143,XGBoost
FOODS_3_534,TX_1,Estacional,2016-05-21,1.0915387,XGBoost
FOODS_3_534,TX_1,Estacional,2016-05-22,1.0496914,XGBoost
FOODS_3_654,TX_1,Estacional,2016-04-25,10.615246,XGBoost
FOODS_3_654,TX_1,Estacional,2016-04-26,9.258003,XGBoost
FOODS_3_654,TX_1,Estacional,2016-04-27,10.241523,XGBoost
FOODS_3_654,TX_1,Estacional,2016-04-28,10.059954,XGBoost
FOODS_3_654,TX_1,Estacional,2016-04-29,11.557961,XGBoost
FOODS_3_654,TX_1,Estacional,2016-04-30,17.238861,XGBoost
FOODS_3_654,TX_1,Estacional,2016-05-01,16.505121,XGBoost
FOODS_3_654,TX_1,Estacional,2016-05-02,10.113069,XGBoost
FOODS_3_654,TX_1,Estacional,2016-05-03,9.545432,XGBoost
FOODS_3_654,TX_1,Estacional,2016-05-04,9.938434,XGBoost
FOODS_3_654,TX_1,Estacional,2016-05-05,10.575357,XGBoost
FOODS_3_654,TX_1,Estacional,2016-05-06,12.371242,XGBoost
FOODS_3_654,TX_1,Estacional,2016-05-07,16.411661,XGBoost
FOODS_3_654,TX_1,Estacional,2016-05-08,16.21443,XGBoost
FOODS_3_654,TX_1,Estacional,2016-05-09,11.518363,XGBoost
FOODS_3_654,TX_1,Estacional,2016-05-10,10.985242,XGBoost
FOODS_3_654,TX_1,Estacional,2016-05-11,11.397585,XGBoost
FOODS_3_654,TX_1,Estacional,2016-05-12,11.338634,XGBoost
FOODS_3_654,TX_1,Estacional,2016-05-13,13.143119,XGBoost
FOODS_3_654,TX_1,Estacional,2016-05-14,17.08822,XGBoost
FOODS_3_654,TX_1,Estacional,2016-05-15,16.696564,XGBoost
FOODS_3_654,TX_1,Estacional,2016-05-16,11.668318,XGBoost
FOODS_3_654,TX_1,Estacional,2016-05-17,11.065513,XGBoost
FOODS_3_654,TX_1,Estacional,2016-05-18,10.938602,XGBoost
FOODS_3_654,TX_1,Estacional,2016-05-19,10.966882,XGBoost
FOODS_3_654,TX_1,Estacional,2016-05-20,13.150743,XGBoost
FOODS_3_654,TX_1,Estacional,2016-05-21,17.992401,XGBoost
FOODS_3_654,TX_1,Estacional,2016-05-22,17.536888,XGBoost
FOODS_3_694,TX_1,Estacional,2016-04-25,16.312815,XGBoost
FOODS_3_694,TX_1,Estacional,2016-04-26,16.15616,XGBoost
FOODS_3_694,TX_1,Estacional,2016-04-27,15.696819,XGBoost
FOODS_3_694,TX_1,Estacional,2016-04-28,17.171568,XGBoost
FOODS_3_694,TX_1,Estacional,2016-04-29,20.877975,XGBoost
FOODS_3_694,TX_1,Estacional,2016-04-30,23.691679,XGBoost
FOODS_3_694,TX_1,Estacional,2016-05-01,24.46874,XGBoost
FOODS_3_694,TX_1,Estacional,2016-05-02,16.961771,XGBoost
FOODS_3_694,TX_1,Estacional,2016-05-03,16.892944,XGBoost
FOODS_3_694,TX_1,Estacional,2016-05-04,16.309362,XGBoost
FOODS_3_694,TX_1,Estacional,2016-05-05,18.24244,XGBoost
FOODS_3_694,TX_1,Estacional,2016-05-06,20.034916,XGBoost
FOODS_3_694,TX_1,Estacional,2016-05-07,24.901793,XGBoost
FOODS_3_694,TX_1,Estacional,2016-05-08,24.341421,XGBoost
FOODS_3_694,TX_1,Estacional,2016-05-09,17.899677,XGBoost
FOODS_3_694,TX_1,Estacional,2016-05-10,16.768066,XGBoost
FOODS_3_694,TX_1,Estacional,2016-05-11,16.433496,XGBoost
FOODS_3_694,TX_1,Estacional,2016-05-12,17.956934,XGBoost
FOODS_3_694,TX_1,Estacional,2016-05-13,20.241606,XGBoost
FOODS_3_694,TX_1,Estacional,2016-05-14,23.69982,XGBoost
FOODS_3_694,TX_1,Estacional,2016-05-15,24.547634,XGBoost
FOODS_3_694,TX_1,Estacional,2016-05-16,16.805387,XGBoost
FOODS_3_694,TX_1,Estacional,2016-05-17,16.164846,XGBoost
FOODS_3_694,TX_1,Estacional,2016-05-18,15.522485,XGBoost
FOODS_3_694,TX_1,Estacional,2016-05-19,16.74592,XGBoost
FOODS_3_694,TX_1,Estacional,2016-05-20,19.972761,XGBoost
FOODS_3_694,TX_1,Estacional,2016-05-21,23.80207,XGBoost
FOODS_3_694,TX_1,Estacional,2016-05-22,24.515621,XGBoost
FOODS_3_697,TX_1,Estacional,2016-04-25,4.0129266,XGBoost
FOODS_3_697,TX_1,Estacional,2016-04-26,4.632288,XGBoost
FOODS_3_697,TX_1,Estacional,2016-04-27,4.18748,XGBoost
FOODS_3_697,TX_1,Estacional,2016-04-28,4.2845516,XGBoost
FOODS_3_697,TX_1,Estacional,2016-04-29,5.8371835,XGBoost
FOODS_3_697,TX_1,Estacional,2016-04-30,7.447999,XGBoost
FOODS_3_697,TX_1,Estacional,2016-05-01,7.257448,XGBoost
FOODS_3_697,TX_1,Estacional,2016-05-02,4.2296767,XGBoost
FOODS_3_697,TX_1,Estacional,2016-05-03,4.4907775,XGBoost
FOODS_3_697,TX_1,Estacional,2016-05-04,3.8978293,XGBoost
FOODS_3_697,TX_1,Estacional,2016-05-05,4.127255,XGBoost
FOODS_3_697,TX_1,Estacional,2016-05-06,5.68499,XGBoost
FOODS_3_697,TX_1,Estacional,2016-05-07,7.215988,XGBoost
FOODS_3_697,TX_1,Estacional,2016-05-08,6.9816866,XGBoost
FOODS_3_697,TX_1,Estacional,2016-05-09,4.219758,XGBoost
FOODS_3_697,TX_1,Estacional,2016-05-10,4.806894,XGBoost
FOODS_3_697,TX_1,Estacional,2016-05-11,3.9810395,XGBoost
FOODS_3_697,TX_1,Estacional,2016-05-12,4.1083307,XGBoost
FOODS_3_697,TX_1,Estacional,2016-05-13,5.897546,XGBoost
FOODS_3_697,TX_1,Estacional,2016-05-14,7.032463,XGBoost
FOODS_3_697,TX_1,Estacional,2016-05-15,7.1276627,XGBoost
FOODS_3_697,TX_1,Estacional,2016-05-16,4.3381314,XGBoost
FOODS_3_697,TX_1,Estacional,2016-05-17,4.378599,XGBoost
FOODS_3_697,TX_1,Estacional,2016-05-18,4.1848507,XGBoost
FOODS_3_697,TX_1,Estacional,2016-05-19,4.155929,XGBoost
FOODS_3_697,TX_1,Estacional,2016-05-20,5.295888,XGBoost
FOODS_3_697,TX_1,Estacional,2016-05-21,7.2258396,XGBoost
FOODS_3_697,TX_1,Estacional,2016-05-22,7.210167,XGBoost
FOODS_3_714,TX_1,Estacional,2016-04-25,15.921637,XGBoost
FOODS_3_714,TX_1,Estacional,2016-04-26,16.757496,XGBoost
FOODS_3_714,TX_1,Estacional,2016-04-27,16.654596,XGBoost
FOODS_3_714,TX_1,Estacional,2016-04-28,17.339048,XGBoost
FOODS_3_714,TX_1,Estacional,2016-04-29,20.297764,XGBoost
FOODS_3_714,TX_1,Estacional,2016-04-30,25.286657,XGBoost
FOODS_3_714,TX_1,Estacional,2016-05-01,24.228456,XGBoost
FOODS_3_714,TX_1,Estacional,2016-05-02,16.783695,XGBoost
FOODS_3_714,TX_1,Estacional,2016-05-03,16.901825,XGBoost
FOODS_3_714,TX_1,Estacional,2016-05-04,16.549772,XGBoost
FOODS_3_714,TX_1,Estacional,2016-05-05,17.716452,XGBoost
FOODS_3_714,TX_1,Estacional,2016-05-06,20.876074,XGBoost
FOODS_3_714,TX_1,Estacional,2016-05-07,26.4157,XGBoost
FOODS_3_714,TX_1,Estacional,2016-05-08,25.047634,XGBoost
FOODS_3_714,TX_1,Estacional,2016-05-09,18.391336,XGBoost
FOODS_3_714,TX_1,Estacional,2016-05-10,18.112778,XGBoost
FOODS_3_714,TX_1,Estacional,2016-05-11,16.95703,XGBoost
FOODS_3_714,TX_1,Estacional,2016-05-12,18.05753,XGBoost
FOODS_3_714,TX_1,Estacional,2016-05-13,20.733797,XGBoost
FOODS_3_714,TX_1,Estacional,2016-05-14,26.98383,XGBoost
FOODS_3_714,TX_1,Estacional,2016-05-15,24.745667,XGBoost
FOODS_3_714,TX_1,Estacional,2016-05-16,17.327087,XGBoost
FOODS_3_714,TX_1,Estacional,2016-05-17,16.678923,XGBoost
FOODS_3_714,TX_1,Estacional,2016-05-18,17.041716,XGBoost
FOODS_3_714,TX_1,Estacional,2016-05-19,17.166101,XGBoost
FOODS_3_714,TX_1,Estacional,2016-05-20,20.344982,XGBoost
FOODS_3_714,TX_1,Estacional,2016-05-21,26.580257,XGBoost
FOODS_3_714,TX_1,Estacional,2016-05-22,24.056328,XGBoost
FOODS_3_727,TX_1,Estacional,2016-04-25,1.1629695,XGBoost
FOODS_3_727,TX_1,Estacional,2016-04-26,0.9770914,XGBoost
FOODS_3_727,TX_1,Estacional,2016-04-27,1.0075043,XGBoost
FOODS_3_727,TX_1,Estacional,2016-04-28,1.0272231,XGBoost
FOODS_3_727,TX_1,Estacional,2016-04-29,1.2843345,XGBoost
FOODS_3_727,TX_1,Estacional,2016-04-30,1.8483717,XGBoost
FOODS_3_727,TX_1,Estacional,2016-05-01,2.1034515,XGBoost
FOODS_3_727,TX_1,Estacional,2016-05-02,1.2705405,XGBoost
FOODS_3_727,TX_1,Estacional,2016-05-03,1.004508,XGBoost
FOODS_3_727,TX_1,Estacional,2016-05-04,0.93901473,XGBoost
FOODS_3_727,TX_1,Estacional,2016-05-05,0.98663396,XGBoost
FOODS_3_727,TX_1,Estacional,2016-05-06,1.1361183,XGBoost
FOODS_3_727,TX_1,Estacional,2016-05-07,1.7227535,XGBoost
FOODS_3_727,TX_1,Estacional,2016-05-08,1.8605242,XGBoost
FOODS_3_727,TX_1,Estacional,2016-05-09,1.1773357,XGBoost
FOODS_3_727,TX_1,Estacional,2016-05-10,0.9747077,XGBoost
FOODS_3_727,TX_1,Estacional,2016-05-11,0.9499591,XGBoost
FOODS_3_727,TX_1,Estacional,2016-05-12,0.9679569,XGBoost
FOODS_3_727,TX_1,Estacional,2016-05-13,1.1325979,XGBoost
FOODS_3_727,TX_1,Estacional,2016-05-14,1.655582,XGBoost
FOODS_3_727,TX_1,Estacional,2016-05-15,1.6912515,XGBoost
FOODS_3_727,TX_1,Estacional,2016-05-16,1.1255597,XGBoost
FOODS_3_727,TX_1,Estacional,2016-05-17,0.93549377,XGBoost
FOODS_3_727,TX_1,Estacional,2016-05-18,0.93549377,XGBoost
FOODS_3_727,TX_1,Estacional,2016-05-19,0.9679569,XGBoost
FOODS_3_727,TX_1,Estacional,2016-05-20,1.2399186,XGBoost
FOODS_3_727,TX_1,Estacional,2016-05-21,1.6795425,XGBoost
FOODS_3_727,TX_1,Estacional,2016-05-22,1.8805805,XGBoost
FOODS_3_746,TX_1,Estacional,2016-04-25,2.2048318,XGBoost
FOODS_3_746,TX_1,Estacional,2016-04-26,1.927591,XGBoost
FOODS_3_746,TX_1,Estacional,2016-04-27,1.6275451,XGBoost
FOODS_3_746,TX_1,Estacional,2016-04-28,1.8133395,XGBoost
FOODS_3_746,TX_1,Estacional,2016-04-29,2.1638725,XGBoost
FOODS_3_746,TX_1,Estacional,2016-04-30,2.543255,XGBoost
FOODS_3_746,TX_1,Estacional,2016-05-01,3.0481253,XGBoost
FOODS_3_746,TX_1,Estacional,2016-05-02,1.9449651,XGBoost
FOODS_3_746,TX_1,Estacional,2016-05-03,1.7407104,XGBoost
FOODS_3_746,TX_1,Estacional,2016-05-04,1.6172609,XGBoost
FOODS_3_746,TX_1,Estacional,2016-05-05,1.801185,XGBoost
FOODS_3_746,TX_1,Estacional,2016-05-06,2.232033,XGBoost
FOODS_3_746,TX_1,Estacional,2016-05-07,2.9982145,XGBoost
FOODS_3_746,TX_1,Estacional,2016-05-08,2.9356987,XGBoost
FOODS_3_746,TX_1,Estacional,2016-05-09,1.828738,XGBoost
FOODS_3_746,TX_1,Estacional,2016-05-10,1.6904466,XGBoost
FOODS_3_746,TX_1,Estacional,2016-05-11,1.6166077,XGBoost
FOODS_3_746,TX_1,Estacional,2016-05-12,1.6612339,XGBoost
FOODS_3_746,TX_1,Estacional,2016-05-13,2.184746,XGBoost
FOODS_3_746,TX_1,Estacional,2016-05-14,3.1714225,XGBoost
FOODS_3_746,TX_1,Estacional,2016-05-15,2.9304059,XGBoost
FOODS_3_746,TX_1,Estacional,2016-05-16,2.0258656,XGBoost
FOODS_3_746,TX_1,Estacional,2016-05-17,1.7228045,XGBoost
FOODS_3_746,TX_1,Estacional,2016-05-18,1.6166077,XGBoost
FOODS_3_746,TX_1,Estacional,2016-05-19,1.7101653,XGBoost
FOODS_3_746,TX_1,Estacional,2016-05-20,2.2070112,XGBoost
FOODS_3_746,TX_1,Estacional,2016-05-21,2.6936607,XGBoost
FOODS_3_746,TX_1,Estacional,2016-05-22,2.826522,XGBoost
HOBBIES_1_004,TX_2,Estacional,2016-04-25,1.1665208,XGBoost
HOBBIES_1_004,TX_2,Estacional,2016-04-26,0.97817475,XGBoost
HOBBIES_1_004,TX_2,Estacional,2016-04-27,1.0418552,XGBoost
HOBBIES_1_004,TX_2,Estacional,2016-04-28,1.1584194,XGBoost
HOBBIES_1_004,TX_2,Estacional,2016-04-29,1.2795794,XGBoost
HOBBIES_1_004,TX_2,Estacional,2016-04-30,1.8236665,XGBoost
HOBBIES_1_004,TX_2,Estacional,2016-05-01,1.7977673,XGBoost
HOBBIES_1_004,TX_2,Estacional,2016-05-02,1.162426,XGBoost
HOBBIES_1_004,TX_2,Estacional,2016-05-03,1.0405097,XGBoost
HOBBIES_1_004,TX_2,Estacional,2016-05-04,1.0985469,XGBoost
HOBBIES_1_004,TX_2,Estacional,2016-05-05,1.1758884,XGBoost
HOBBIES_1_004,TX_2,Estacional,2016-05-06,1.2279162,XGBoost
HOBBIES_1_004,TX_2,Estacional,2016-05-07,1.8979391,XGBoost
HOBBIES_1_004,TX_2,Estacional,2016-05-08,1.7344197,XGBoost
HOBBIES_1_004,TX_2,Estacional,2016-05-09,1.1223308,XGBoost
HOBBIES_1_004,TX_2,Estacional,2016-05-10,1.0004145,XGBoost
HOBBIES_1_004,TX_2,Estacional,2016-05-11,1.1834923,XGBoost
HOBBIES_1_004,TX_2,Estacional,2016-05-12,1.0971248,XGBoost
HOBBIES_1_004,TX_2,Estacional,2016-05-13,1.3602444,XGBoost
HOBBIES_1_004,TX_2,Estacional,2016-05-14,1.9423392,XGBoost
HOBBIES_1_004,TX_2,Estacional,2016-05-15,1.9037744,XGBoost
HOBBIES_1_004,TX_2,Estacional,2016-05-16,1.1107128,XGBoost
HOBBIES_1_004,TX_2,Estacional,2016-05-17,0.9887963,XGBoost
HOBBIES_1_004,TX_2,Estacional,2016-05-18,0.9887963,XGBoost
HOBBIES_1_004,TX_2,Estacional,2016-05-19,1.0369711,XGBoost
HOBBIES_1_004,TX_2,Estacional,2016-05-20,1.2434391,XGBoost
HOBBIES_1_004,TX_2,Estacional,2016-05-21,1.709563,XGBoost
HOBBIES_1_004,TX_2,Estacional,2016-05-22,1.6421419,XGBoost
HOBBIES_1_014,TX_2,Estacional,2016-04-25,3.7206872,XGBoost
HOBBIES_1_014,TX_2,Estacional,2016-04-26,3.5737839,XGBoost
HOBBIES_1_014,TX_2,Estacional,2016-04-27,3.8692114,XGBoost
HOBBIES_1_014,TX_2,Estacional,2016-04-28,3.7999616,XGBoost
HOBBIES_1_014,TX_2,Estacional,2016-04-29,4.7923875,XGBoost
HOBBIES_1_014,TX_2,Estacional,2016-04-30,5.492962,XGBoost
HOBBIES_1_014,TX_2,Estacional,2016-05-01,6.000892,XGBoost
HOBBIES_1_014,TX_2,Estacional,2016-05-02,3.6289725,XGBoost
HOBBIES_1_014,TX_2,Estacional,2016-05-03,3.5983245,XGBoost
HOBBIES_1_014,TX_2,Estacional,2016-05-04,3.9205103,XGBoost
HOBBIES_1_014,TX_2,Estacional,2016-05-05,3.5849473,XGBoost
HOBBIES_1_014,TX_2,Estacional,2016-05-06,4.9284067,XGBoost
HOBBIES_1_014,TX_2,Estacional,2016-05-07,5.6471252,XGBoost
HOBBIES_1_014,TX_2,Estacional,2016-05-08,5.5249867,XGBoost
HOBBIES_1_014,TX_2,Estacional,2016-05-09,3.6416256,XGBoost
HOBBIES_1_014,TX_2,Estacional,2016-05-10,3.4088078,XGBoost
HOBBIES_1_014,TX_2,Estacional,2016-05-11,3.8024004,XGBoost
HOBBIES_1_014,TX_2,Estacional,2016-05-12,3.5825295,XGBoost
HOBBIES_1_014,TX_2,Estacional,2016-05-13,5.0060363,XGBoost
HOBBIES_1_014,TX_2,Estacional,2016-05-14,5.723574,XGBoost
HOBBIES_1_014,TX_2,Estacional,2016-05-15,5.6607294,XGBoost
HOBBIES_1_014,TX_2,Estacional,2016-05-16,3.901115,XGBoost
HOBBIES_1_014,TX_2,Estacional,2016-05-17,3.5206273,XGBoost
HOBBIES_1_014,TX_2,Estacional,2016-05-18,3.682653,XGBoost
HOBBIES_1_014,TX_2,Estacional,2016-05-19,3.597377,XGBoost
HOBBIES_1_014,TX_2,Estacional,2016-05-20,4.6669574,XGBoost
HOBBIES_1_014,TX_2,Estacional,2016-05-21,5.2533584,XGBoost
HOBBIES_1_014,TX_2,Estacional,2016-05-22,5.5779834,XGBoost
HOBBIES_1_220,TX_2,Estacional,2016-04-25,0.7829312,XGBoost
HOBBIES_1_220,TX_2,Estacional,2016-04-26,0.6642385,XGBoost
HOBBIES_1_220,TX_2,Estacional,2016-04-27,0.6766117,XGBoost
HOBBIES_1_220,TX_2,Estacional,2016-04-28,0.7275726,XGBoost
HOBBIES_1_220,TX_2,Estacional,2016-04-29,0.93314475,XGBoost
HOBBIES_1_220,TX_2,Estacional,2016-04-30,1.1196558,XGBoost
HOBBIES_1_220,TX_2,Estacional,2016-05-01,1.3544209,XGBoost
HOBBIES_1_220,TX_2,Estacional,2016-05-02,0.7854329,XGBoost
HOBBIES_1_220,TX_2,Estacional,2016-05-03,0.6794845,XGBoost
HOBBIES_1_220,TX_2,Estacional,2016-05-04,0.6794845,XGBoost
HOBBIES_1_220,TX_2,Estacional,2016-05-05,0.78397036,XGBoost
HOBBIES_1_220,TX_2,Estacional,2016-05-06,0.870486,XGBoost
HOBBIES_1_220,TX_2,Estacional,2016-05-07,1.1263673,XGBoost
HOBBIES_1_220,TX_2,Estacional,2016-05-08,1.3588756,XGBoost
HOBBIES_1_220,TX_2,Estacional,2016-05-09,0.8332197,XGBoost
HOBBIES_1_220,TX_2,Estacional,2016-05-10,0.64465594,XGBoost
HOBBIES_1_220,TX_2,Estacional,2016-05-11,0.64465594,XGBoost
HOBBIES_1_220,TX_2,Estacional,2016-05-12,0.7957881,XGBoost
HOBBIES_1_220,TX_2,Estacional,2016-05-13,0.8398789,XGBoost
HOBBIES_1_220,TX_2,Estacional,2016-05-14,1.1596882,XGBoost
HOBBIES_1_220,TX_2,Estacional,2016-05-15,1.0767934,XGBoost
HOBBIES_1_220,TX_2,Estacional,2016-05-16,0.7771614,XGBoost
HOBBIES_1_220,TX_2,Estacional,2016-05-17,0.67121303,XGBoost
HOBBIES_1_220,TX_2,Estacional,2016-05-18,0.67121303,XGBoost
HOBBIES_1_220,TX_2,Estacional,2016-05-19,0.70367604,XGBoost
HOBBIES_1_220,TX_2,Estacional,2016-05-20,0.88852,XGBoost
HOBBIES_1_220,TX_2,Estacional,2016-05-21,1.1707531,XGBoost
HOBBIES_1_220,TX_2,Estacional,2016-05-22,1.2232357,XGBoost
HOBBIES_1_323,TX_2,Estacional,2016-04-25,2.195141,XGBoost
HOBBIES_1_323,TX_2,Estacional,2016-04-26,2.3697288,XGBoost
HOBBIES_1_323,TX_2,Estacional,2016-04-27,2.5430892,XGBoost
HOBBIES_1_323,TX_2,Estacional,2016-04-28,2.74961,XGBoost
HOBBIES_1_323,TX_2,Estacional,2016-04-29,2.9038677,XGBoost
HOBBIES_1_323,TX_2,Estacional,2016-04-30,3.869302,XGBoost
HOBBIES_1_323,TX_2,Estacional,2016-05-01,3.9346883,XGBoost
HOBBIES_1_323,TX_2,Estacional,2016-05-02,2.4738448,XGBoost
HOBBIES_1_323,TX_2,Estacional,2016-05-03,2.69865,XGBoost
HOBBIES_1_323,TX_2,Estacional,2016-05-04,2.4029648,XGBoost
HOBBIES_1_323,TX_2,Estacional,2016-05-05,2.625136,XGBoost
HOBBIES_1_323,TX_2,Estacional,2016-05-06,2.8969846,XGBoost
HOBBIES_1_323,TX_2,Estacional,2016-05-07,3.9023228,XGBoost
HOBBIES_1_323,TX_2,Estacional,2016-05-08,3.7335122,XGBoost
HOBBIES_1_323,TX_2,Estacional,2016-05-09,2.3736107,XGBoost
HOBBIES_1_323,TX_2,Estacional,2016-05-10,2.4230404,XGBoost
HOBBIES_1_323,TX_2,Estacional,2016-05-11,2.5996473,XGBoost
HOBBIES_1_323,TX_2,Estacional,2016-05-12,2.58141,XGBoost
HOBBIES_1_323,TX_2,Estacional,2016-05-13,2.8738904,XGBoost
HOBBIES_1_323,TX_2,Estacional,2016-05-14,4.0040274,XGBoost
HOBBIES_1_323,TX_2,Estacional,2016-05-15,3.8057969,XGBoost
HOBBIES_1_323,TX_2,Estacional,2016-05-16,2.3863552,XGBoost
HOBBIES_1_323,TX_2,Estacional,2016-05-17,2.3321548,XGBoost
HOBBIES_1_323,TX_2,Estacional,2016-05-18,2.484113,XGBoost
HOBBIES_1_323,TX_2,Estacional,2016-05-19,2.6440847,XGBoost
HOBBIES_1_323,TX_2,Estacional,2016-05-20,2.8530679,XGBoost
HOBBIES_1_323,TX_2,Estacional,2016-05-21,3.872357,XGBoost
HOBBIES_1_323,TX_2,Estacional,2016-05-22,3.9443436,XGBoost
HOBBIES_1_326,TX_2,Estacional,2016-04-25,1.2282406,XGBoost
HOBBIES_1_326,TX_2,Estacional,2016-04-26,1.0797881,XGBoost
HOBBIES_1_326,TX_2,Estacional,2016-04-27,1.1133083,XGBoost
HOBBIES_1_326,TX_2,Estacional,2016-04-28,1.1595834,XGBoost
HOBBIES_1_326,TX_2,Estacional,2016-04-29,1.8837283,XGBoost
HOBBIES_1_326,TX_2,Estacional,2016-04-30,2.3408108,XGBoost
HOBBIES_1_326,TX_2,Estacional,2016-05-01,2.5896847,XGBoost
HOBBIES_1_326,TX_2,Estacional,2016-05-02,1.241808,XGBoost
HOBBIES_1_326,TX_2,Estacional,2016-05-03,1.1071475,XGBoost
HOBBIES_1_326,TX_2,Estacional,2016-05-04,1.1071475,XGBoost
HOBBIES_1_326,TX_2,Estacional,2016-05-05,1.2846006,XGBoost
HOBBIES_1_326,TX_2,Estacional,2016-05-06,1.4955583,XGBoost
HOBBIES_1_326,TX_2,Estacional,2016-05-07,2.1889179,XGBoost
HOBBIES_1_326,TX_2,Estacional,2016-05-08,2.1396081,XGBoost
HOBBIES_1_326,TX_2,Estacional,2016-05-09,1.2859927,XGBoost
HOBBIES_1_326,TX_2,Estacional,2016-05-10,1.1483649,XGBoost
HOBBIES_1_326,TX_2,Estacional,2016-05-11,1.1970204,XGBoost
HOBBIES_1_326,TX_2,Estacional,2016-05-12,1.2294835,XGBoost
HOBBIES_1_326,TX_2,Estacional,2016-05-13,1.494584,XGBoost
HOBBIES_1_326,TX_2,Estacional,2016-05-14,2.2719655,XGBoost
HOBBIES_1_326,TX_2,Estacional,2016-05-15,2.2778604,XGBoost
HOBBIES_1_326,TX_2,Estacional,2016-05-16,1.2964667,XGBoost
HOBBIES_1_326,TX_2,Estacional,2016-05-17,1.1970204,XGBoost
HOBBIES_1_326,TX_2,Estacional,2016-05-18,1.1970204,XGBoost
HOBBIES_1_326,TX_2,Estacional,2016-05-19,1.2294835,XGBoost
HOBBIES_1_326,TX_2,Estacional,2016-05-20,1.6157153,XGBoost
HOBBIES_1_326,TX_2,Estacional,2016-05-21,2.3140166,XGBoost
HOBBIES_1_326,TX_2,Estacional,2016-05-22,2.530739,XGBoost
HOBBIES_1_329,TX_2,Estacional,2016-04-25,0.8905752,XGBoost
HOBBIES_1_329,TX_2,Estacional,2016-04-26,0.78938866,XGBoost
HOBBIES_1_329,TX_2,Estacional,2016-04-27,0.8947865,XGBoost
HOBBIES_1_329,TX_2,Estacional,2016-04-28,0.7918651,XGBoost
HOBBIES_1_329,TX_2,Estacional,2016-04-29,0.95740175,XGBoost
HOBBIES_1_329,TX_2,Estacional,2016-04-30,1.3957446,XGBoost
HOBBIES_1_329,TX_2,Estacional,2016-05-01,1.226178,XGBoost
HOBBIES_1_329,TX_2,Estacional,2016-05-02,0.8613242,XGBoost
HOBBIES_1_329,TX_2,Estacional,2016-05-03,0.7553758,XGBoost
HOBBIES_1_329,TX_2,Estacional,2016-05-04,0.7681201,XGBoost
HOBBIES_1_329,TX_2,Estacional,2016-05-05,0.8408022,XGBoost
HOBBIES_1_329,TX_2,Estacional,2016-05-06,0.93785423,XGBoost
HOBBIES_1_329,TX_2,Estacional,2016-05-07,1.3402663,XGBoost
HOBBIES_1_329,TX_2,Estacional,2016-05-08,1.2763075,XGBoost
HOBBIES_1_329,TX_2,Estacional,2016-05-09,0.89823294,XGBoost
HOBBIES_1_329,TX_2,Estacional,2016-05-10,0.79228455,XGBoost
HOBBIES_1_329,TX_2,Estacional,2016-05-11,0.86043435,XGBoost
HOBBIES_1_329,TX_2,Estacional,2016-05-12,0.8005831,XGBoost
HOBBIES_1_329,TX_2,Estacional,2016-05-13,1.0060043,XGBoost
HOBBIES_1_329,TX_2,Estacional,2016-05-14,1.2676604,XGBoost
HOBBIES_1_329,TX_2,Estacional,2016-05-15,1.4306393,XGBoost
HOBBIES_1_329,TX_2,Estacional,2016-05-16,0.88484395,XGBoost
HOBBIES_1_329,TX_2,Estacional,2016-05-17,0.77889556,XGBoost
HOBBIES_1_329,TX_2,Estacional,2016-05-18,0.7933609,XGBoost
HOBBIES_1_329,TX_2,Estacional,2016-05-19,0.8042706,XGBoost
HOBBIES_1_329,TX_2,Estacional,2016-05-20,0.91737753,XGBoost
HOBBIES_1_329,TX_2,Estacional,2016-05-21,1.2344393,XGBoost
HOBBIES_1_329,TX_2,Estacional,2016-05-22,1.2268599,XGBoost
HOBBIES_1_350,TX_2,Estacional,2016-04-25,0.8001401,XGBoost
HOBBIES_1_350,TX_2,Estacional,2016-04-26,0.81287766,XGBoost
HOBBIES_1_350,TX_2,Estacional,2016-04-27,0.73818827,XGBoost
HOBBIES_1_350,TX_2,Estacional,2016-04-28,0.9077687,XGBoost
HOBBIES_1_350,TX_2,Estacional,2016-04-29,1.1649704,XGBoost
HOBBIES_1_350,TX_2,Estacional,2016-04-30,1.1924402,XGBoost
HOBBIES_1_350,TX_2,Estacional,2016-05-01,1.2870811,XGBoost
HOBBIES_1_350,TX_2,Estacional,2016-05-02,0.82458925,XGBoost
HOBBIES_1_350,TX_2,Estacional,2016-05-03,0.71864074,XGBoost
HOBBIES_1_350,TX_2,Estacional,2016-05-04,0.71864074,XGBoost
HOBBIES_1_350,TX_2,Estacional,2016-05-05,0.88376737,XGBoost
HOBBIES_1_350,TX_2,Estacional,2016-05-06,1.0230222,XGBoost
HOBBIES_1_350,TX_2,Estacional,2016-05-07,1.2973843,XGBoost
HOBBIES_1_350,TX_2,Estacional,2016-05-08,1.0935016,XGBoost
HOBBIES_1_350,TX_2,Estacional,2016-05-09,0.8408474,XGBoost
HOBBIES_1_350,TX_2,Estacional,2016-05-10,0.7718076,XGBoost
HOBBIES_1_350,TX_2,Estacional,2016-05-11,0.7718076,XGBoost
HOBBIES_1_350,TX_2,Estacional,2016-05-12,0.8042706,XGBoost
HOBBIES_1_350,TX_2,Estacional,2016-05-13,0.98785275,XGBoost
HOBBIES_1_350,TX_2,Estacional,2016-05-14,1.2344393,XGBoost
HOBBIES_1_350,TX_2,Estacional,2016-05-15,1.5454636,XGBoost
HOBBIES_1_350,TX_2,Estacional,2016-05-16,0.8408474,XGBoost
HOBBIES_1_350,TX_2,Estacional,2016-05-17,0.734899,XGBoost
HOBBIES_1_350,TX_2,Estacional,2016-05-18,0.734899,XGBoost
HOBBIES_1_350,TX_2,Estacional,2016-05-19,0.78182733,XGBoost
HOBBIES_1_350,TX_2,Estacional,2016-05-20,0.9913441,XGBoost
HOBBIES_1_350,TX_2,Estacional,2016-05-21,1.2344393,XGBoost
HOBBIES_1_350,TX_2,Estacional,2016-05-22,1.3899312,XGBoost
HOBBIES_1_382,TX_2,Estacional,2016-04-25,1.2143332,XGBoost
HOBBIES_1_382,TX_2,Estacional,2016-04-26,0.87719965,XGBoost
HOBBIES_1_382,TX_2,Estacional,2016-04-27,0.88063604,XGBoost
HOBBIES_1_382,TX_2,Estacional,2016-04-28,0.8613857,XGBoost
HOBBIES_1_382,TX_2,Estacional,2016-04-29,1.0900805,XGBoost
HOBBIES_1_382,TX_2,Estacional,2016-04-30,1.8223593,XGBoost
HOBBIES_1_382,TX_2,Estacional,2016-05-01,1.4205499,XGBoost
HOBBIES_1_382,TX_2,Estacional,2016-05-02,1.140565,XGBoost
HOBBIES_1_382,TX_2,Estacional,2016-05-03,0.88173014,XGBoost
HOBBIES_1_382,TX_2,Estacional,2016-05-04,0.8572265,XGBoost
HOBBIES_1_382,TX_2,Estacional,2016-05-05,0.9274178,XGBoost
HOBBIES_1_382,TX_2,Estacional,2016-05-06,1.1198158,XGBoost
HOBBIES_1_382,TX_2,Estacional,2016-05-07,1.8382174,XGBoost
HOBBIES_1_382,TX_2,Estacional,2016-05-08,1.3667029,XGBoost
HOBBIES_1_382,TX_2,Estacional,2016-05-09,1.0272453,XGBoost
HOBBIES_1_382,TX_2,Estacional,2016-05-10,0.86611617,XGBoost
HOBBIES_1_382,TX_2,Estacional,2016-05-11,0.8869079,XGBoost
HOBBIES_1_382,TX_2,Estacional,2016-05-12,0.9193709,XGBoost
HOBBIES_1_382,TX_2,Estacional,2016-05-13,1.0713873,XGBoost
HOBBIES_1_382,TX_2,Estacional,2016-05-14,1.7283667,XGBoost
HOBBIES_1_382,TX_2,Estacional,2016-05-15,1.5377374,XGBoost
HOBBIES_1_382,TX_2,Estacional,2016-05-16,1.0860368,XGBoost
HOBBIES_1_382,TX_2,Estacional,2016-05-17,0.8869079,XGBoost
HOBBIES_1_382,TX_2,Estacional,2016-05-18,0.9013732,XGBoost
HOBBIES_1_382,TX_2,Estacional,2016-05-19,0.9193709,XGBoost
HOBBIES_1_382,TX_2,Estacional,2016-05-20,1.1730734,XGBoost
HOBBIES_1_382,TX_2,Estacional,2016-05-21,1.6778413,XGBoost
HOBBIES_1_382,TX_2,Estacional,2016-05-22,1.5333741,XGBoost
HOUSEHOLD_1_053,TX_2,Estacional,2016-04-25,3.2129812,XGBoost
HOUSEHOLD_1_053,TX_2,Estacional,2016-04-26,3.0055113,XGBoost
HOUSEHOLD_1_053,TX_2,Estacional,2016-04-27,2.7902832,XGBoost
HOUSEHOLD_1_053,TX_2,Estacional,2016-04-28,2.9723213,XGBoost
HOUSEHOLD_1_053,TX_2,Estacional,2016-04-29,4.009658,XGBoost
HOUSEHOLD_1_053,TX_2,Estacional,2016-04-30,4.9551754,XGBoost
HOUSEHOLD_1_053,TX_2,Estacional,2016-05-01,4.8381395,XGBoost
HOUSEHOLD_1_053,TX_2,Estacional,2016-05-02,3.1713343,XGBoost
HOUSEHOLD_1_053,TX_2,Estacional,2016-05-03,2.6528375,XGBoost
HOUSEHOLD_1_053,TX_2,Estacional,2016-05-04,2.6126552,XGBoost
HOUSEHOLD_1_053,TX_2,Estacional,2016-05-05,2.7699802,XGBoost
HOUSEHOLD_1_053,TX_2,Estacional,2016-05-06,3.8488312,XGBoost
HOUSEHOLD_1_053,TX_2,Estacional,2016-05-07,4.717186,XGBoost
HOUSEHOLD_1_053,TX_2,Estacional,2016-05-08,4.4537444,XGBoost
HOUSEHOLD_1_053,TX_2,Estacional,2016-05-09,2.9553003,XGBoost
HOUSEHOLD_1_053,TX_2,Estacional,2016-05-10,2.634653,XGBoost
HOUSEHOLD_1_053,TX_2,Estacional,2016-05-11,2.5862944,XGBoost
HOUSEHOLD_1_053,TX_2,Estacional,2016-05-12,2.9537356,XGBoost
HOUSEHOLD_1_053,TX_2,Estacional,2016-05-13,3.4854379,XGBoost
HOUSEHOLD_1_053,TX_2,Estacional,2016-05-14,4.564543,XGBoost
HOUSEHOLD_1_053,TX_2,Estacional,2016-05-15,4.69683,XGBoost
HOUSEHOLD_1_053,TX_2,Estacional,2016-05-16,2.8714561,XGBoost
HOUSEHOLD_1_053,TX_2,Estacional,2016-05-17,2.8606613,XGBoost
HOUSEHOLD_1_053,TX_2,Estacional,2016-05-18,2.6204085,XGBoost
HOUSEHOLD_1_053,TX_2,Estacional,2016-05-19,2.6074889,XGBoost
HOUSEHOLD_1_053,TX_2,Estacional,2016-05-20,3.6850579,XGBoost
HOUSEHOLD_1_053,TX_2,Estacional,2016-05-21,4.8411183,XGBoost
HOUSEHOLD_1_053,TX_2,Estacional,2016-05-22,4.659352,XGBoost
HOUSEHOLD_1_118,TX_2,Estacional,2016-04-25,3.731151,XGBoost
HOUSEHOLD_1_118,TX_2,Estacional,2016-04-26,2.6592455,XGBoost
HOUSEHOLD_1_118,TX_2,Estacional,2016-04-27,2.9579182,XGBoost
HOUSEHOLD_1_118,TX_2,Estacional,2016-04-28,3.0191522,XGBoost
HOUSEHOLD_1_118,TX_2,Estacional,2016-04-29,3.8403447,XGBoost
HOUSEHOLD_1_118,TX_2,Estacional,2016-04-30,4.675666,XGBoost
HOUSEHOLD_1_118,TX_2,Estacional,2016-05-01,4.6627507,XGBoost
HOUSEHOLD_1_118,TX_2,Estacional,2016-05-02,3.689413,XGBoost
HOUSEHOLD_1_118,TX_2,Estacional,2016-05-03,2.7051063,XGBoost
HOUSEHOLD_1_118,TX_2,Estacional,2016-05-04,2.70378,XGBoost
HOUSEHOLD_1_118,TX_2,Estacional,2016-05-05,2.8141856,XGBoost
HOUSEHOLD_1_118,TX_2,Estacional,2016-05-06,3.9517233,XGBoost
HOUSEHOLD_1_118,TX_2,Estacional,2016-05-07,5.0033035,XGBoost
HOUSEHOLD_1_118,TX_2,Estacional,2016-05-08,4.8141613,XGBoost
HOUSEHOLD_1_118,TX_2,Estacional,2016-05-09,3.3164613,XGBoost
HOUSEHOLD_1_118,TX_2,Estacional,2016-05-10,2.685887,XGBoost
HOUSEHOLD_1_118,TX_2,Estacional,2016-05-11,2.7051063,XGBoost
HOUSEHOLD_1_118,TX_2,Estacional,2016-05-12,2.72158,XGBoost
HOUSEHOLD_1_118,TX_2,Estacional,2016-05-13,3.7063732,XGBoost
HOUSEHOLD_1_118,TX_2,Estacional,2016-05-14,4.594503,XGBoost
HOUSEHOLD_1_118,TX_2,Estacional,2016-05-15,4.9436226,XGBoost
HOUSEHOLD_1_118,TX_2,Estacional,2016-05-16,3.3857288,XGBoost
HOUSEHOLD_1_118,TX_2,Estacional,2016-05-17,2.678964,XGBoost
HOUSEHOLD_1_118,TX_2,Estacional,2016-05-18,2.7621086,XGBoost
HOUSEHOLD_1_118,TX_2,Estacional,2016-05-19,2.8286905,XGBoost
HOUSEHOLD_1_118,TX_2,Estacional,2016-05-20,3.6824107,XGBoost
HOUSEHOLD_1_118,TX_2,Estacional,2016-05-21,4.60587,XGBoost
HOUSEHOLD_1_118,TX_2,Estacional,2016-05-22,4.6369357,XGBoost
HOUSEHOLD_1_251,TX_2,Estacional,2016-04-25,1.0406607,XGBoost
HOUSEHOLD_1_251,TX_2,Estacional,2016-04-26,0.9771847,XGBoost
HOUSEHOLD_1_251,TX_2,Estacional,2016-04-27,0.9219679,XGBoost
HOUSEHOLD_1_251,TX_2,Estacional,2016-04-28,1.1388865,XGBoost
HOUSEHOLD_1_251,TX_2,Estacional,2016-04-29,1.2126908,XGBoost
HOUSEHOLD_1_251,TX_2,Estacional,2016-04-30,1.6860467,XGBoost
HOUSEHOLD_1_251,TX_2,Estacional,2016-05-01,2.0505188,XGBoost
HOUSEHOLD_1_251,TX_2,Estacional,2016-05-02,1.1095865,XGBoost
HOUSEHOLD_1_251,TX_2,Estacional,2016-05-03,1.1072525,XGBoost
HOUSEHOLD_1_251,TX_2,Estacional,2016-05-04,0.98766994,XGBoost
HOUSEHOLD_1_251,TX_2,Estacional,2016-05-05,1.0952015,XGBoost
HOUSEHOLD_1_251,TX_2,Estacional,2016-05-06,1.1847738,XGBoost
HOUSEHOLD_1_251,TX_2,Estacional,2016-05-07,1.7968596,XGBoost
HOUSEHOLD_1_251,TX_2,Estacional,2016-05-08,1.9972463,XGBoost
HOUSEHOLD_1_251,TX_2,Estacional,2016-05-09,1.0753963,XGBoost
HOUSEHOLD_1_251,TX_2,Estacional,2016-05-10,0.95175904,XGBoost
HOUSEHOLD_1_251,TX_2,Estacional,2016-05-11,0.93901473,XGBoost
HOUSEHOLD_1_251,TX_2,Estacional,2016-05-12,1.2988949,XGBoost
HOUSEHOLD_1_251,TX_2,Estacional,2016-05-13,1.1505836,XGBoost
HOUSEHOLD_1_251,TX_2,Estacional,2016-05-14,1.6627374,XGBoost
HOUSEHOLD_1_251,TX_2,Estacional,2016-05-15,1.7021291,XGBoost
HOUSEHOLD_1_251,TX_2,Estacional,2016-05-16,1.05741,XGBoost
HOUSEHOLD_1_251,TX_2,Estacional,2016-05-17,0.93549377,XGBoost
HOUSEHOLD_1_251,TX_2,Estacional,2016-05-18,0.93549377,XGBoost
HOUSEHOLD_1_251,TX_2,Estacional,2016-05-19,1.1490793,XGBoost
HOUSEHOLD_1_251,TX_2,Estacional,2016-05-20,1.2007476,XGBoost
HOUSEHOLD_1_251,TX_2,Estacional,2016-05-21,1.5798925,XGBoost
HOUSEHOLD_1_251,TX_2,Estacional,2016-05-22,1.7238433,XGBoost
HOUSEHOLD_1_316,TX_2,Estacional,2016-04-25,1.0657693,XGBoost
HOUSEHOLD_1_316,TX_2,Estacional,2016-04-26,0.8624587,XGBoost
HOUSEHOLD_1_316,TX_2,Estacional,2016-04-27,0.9327649,XGBoost
HOUSEHOLD_1_316,TX_2,Estacional,2016-04-28,0.87585104,XGBoost
HOUSEHOLD_1_316,TX_2,Estacional,2016-04-29,1.1587752,XGBoost
HOUSEHOLD_1_316,TX_2,Estacional,2016-04-30,1.6424556,XGBoost
HOUSEHOLD_1_316,TX_2,Estacional,2016-05-01,1.5446776,XGBoost
HOUSEHOLD_1_316,TX_2,Estacional,2016-05-02,1.0561821,XGBoost
HOUSEHOLD_1_316,TX_2,Estacional,2016-05-03,0.83001685,XGBoost
HOUSEHOLD_1_316,TX_2,Estacional,2016-05-04,0.8572265,XGBoost
HOUSEHOLD_1_316,TX_2,Estacional,2016-05-05,0.8699944,XGBoost
HOUSEHOLD_1_316,TX_2,Estacional,2016-05-06,1.1048614,XGBoost
HOUSEHOLD_1_316,TX_2,Estacional,2016-05-07,1.7416807,XGBoost
HOUSEHOLD_1_316,TX_2,Estacional,2016-05-08,1.4482424,XGBoost
HOUSEHOLD_1_316,TX_2,Estacional,2016-05-09,0.9579412,XGBoost
HOUSEHOLD_1_316,TX_2,Estacional,2016-05-10,0.83628124,XGBoost
HOUSEHOLD_1_316,TX_2,Estacional,2016-05-11,0.8664581,XGBoost
HOUSEHOLD_1_316,TX_2,Estacional,2016-05-12,0.86874425,XGBoost
HOUSEHOLD_1_316,TX_2,Estacional,2016-05-13,1.0921171,XGBoost
HOUSEHOLD_1_316,TX_2,Estacional,2016-05-14,1.5245246,XGBoost
HOUSEHOLD_1_316,TX_2,Estacional,2016-05-15,1.5791589,XGBoost
HOUSEHOLD_1_316,TX_2,Estacional,2016-05-16,1.038335,XGBoost
HOUSEHOLD_1_316,TX_2,Estacional,2016-05-17,0.89317226,XGBoost
HOUSEHOLD_1_316,TX_2,Estacional,2016-05-18,0.9323864,XGBoost
HOUSEHOLD_1_316,TX_2,Estacional,2016-05-19,0.9256353,XGBoost
HOUSEHOLD_1_316,TX_2,Estacional,2016-05-20,1.1256535,XGBoost
HOUSEHOLD_1_316,TX_2,Estacional,2016-05-21,1.5679299,XGBoost
HOUSEHOLD_1_316,TX_2,Estacional,2016-05-22,1.5333741,XGBoost
HOUSEHOLD_1_324,TX_2,Estacional,2016-04-25,1.6255255,XGBoost
HOUSEHOLD_1_324,TX_2,Estacional,2016-04-26,1.4434984,XGBoost
HOUSEHOLD_1_324,TX_2,Estacional,2016-04-27,1.4371917,XGBoost
HOUSEHOLD_1_324,TX_2,Estacional,2016-04-28,1.5438061,XGBoost
HOUSEHOLD_1_324,TX_2,Estacional,2016-04-29,1.8401031,XGBoost
HOUSEHOLD_1_324,TX_2,Estacional,2016-04-30,2.9266858,XGBoost
HOUSEHOLD_1_324,TX_2,Estacional,2016-05-01,2.3781111,XGBoost
HOUSEHOLD_1_324,TX_2,Estacional,2016-05-02,1.7241151,XGBoost
HOUSEHOLD_1_324,TX_2,Estacional,2016-05-03,1.5530803,XGBoost
HOUSEHOLD_1_324,TX_2,Estacional,2016-05-04,1.6613978,XGBoost
HOUSEHOLD_1_324,TX_2,Estacional,2016-05-05,1.5665982,XGBoost
HOUSEHOLD_1_324,TX_2,Estacional,2016-05-06,1.6564305,XGBoost
HOUSEHOLD_1_324,TX_2,Estacional,2016-05-07,3.2108846,XGBoost
HOUSEHOLD_1_324,TX_2,Estacional,2016-05-08,2.3988423,XGBoost
HOUSEHOLD_1_324,TX_2,Estacional,2016-05-09,1.5033518,XGBoost
HOUSEHOLD_1_324,TX_2,Estacional,2016-05-10,1.4672434,XGBoost
HOUSEHOLD_1_324,TX_2,Estacional,2016-05-11,1.454499,XGBoost
HOUSEHOLD_1_324,TX_2,Estacional,2016-05-12,1.555112,XGBoost
HOUSEHOLD_1_324,TX_2,Estacional,2016-05-13,1.732461,XGBoost
HOUSEHOLD_1_324,TX_2,Estacional,2016-05-14,3.205559,XGBoost
HOUSEHOLD_1_324,TX_2,Estacional,2016-05-15,2.408878,XGBoost
HOUSEHOLD_1_324,TX_2,Estacional,2016-05-16,1.5619498,XGBoost
HOUSEHOLD_1_324,TX_2,Estacional,2016-05-17,1.4400336,XGBoost
HOUSEHOLD_1_324,TX_2,Estacional,2016-05-18,1.4400336,XGBoost
HOUSEHOLD_1_324,TX_2,Estacional,2016-05-19,1.4724966,XGBoost
HOUSEHOLD_1_324,TX_2,Estacional,2016-05-20,1.8280418,XGBoost
HOUSEHOLD_1_324,TX_2,Estacional,2016-05-21,2.7805336,XGBoost
HOUSEHOLD_1_324,TX_2,Estacional,2016-05-22,2.3503063,XGBoost
HOUSEHOLD_1_360,TX_2,Estacional,2016-04-25,0.51639766,XGBoost
HOUSEHOLD_1_360,TX_2,Estacional,2016-04-26,0.42824176,XGBoost
HOUSEHOLD_1_360,TX_2,Estacional,2016-04-27,0.42824176,XGBoost
HOUSEHOLD_1_360,TX_2,Estacional,2016-04-28,0.46070486,XGBoost
HOUSEHOLD_1_360,TX_2,Estacional,2016-04-29,0.5952767,XGBoost
HOUSEHOLD_1_360,TX_2,Estacional,2016-04-30,0.80161476,XGBoost
HOUSEHOLD_1_360,TX_2,Estacional,2016-05-01,0.84553045,XGBoost
HOUSEHOLD_1_360,TX_2,Estacional,2016-05-02,0.6796467,XGBoost
HOUSEHOLD_1_360,TX_2,Estacional,2016-05-03,0.57369816,XGBoost
HOUSEHOLD_1_360,TX_2,Estacional,2016-05-04,0.57369816,XGBoost
HOUSEHOLD_1_360,TX_2,Estacional,2016-05-05,0.6074113,XGBoost
HOUSEHOLD_1_360,TX_2,Estacional,2016-05-06,0.7561768,XGBoost
HOUSEHOLD_1_360,TX_2,Estacional,2016-05-07,0.90582913,XGBoost
HOUSEHOLD_1_360,TX_2,Estacional,2016-05-08,0.8112624,XGBoost
HOUSEHOLD_1_360,TX_2,Estacional,2016-05-09,0.6796467,XGBoost
HOUSEHOLD_1_360,TX_2,Estacional,2016-05-10,0.57369816,XGBoost
HOUSEHOLD_1_360,TX_2,Estacional,2016-05-11,0.57369816,XGBoost
HOUSEHOLD_1_360,TX_2,Estacional,2016-05-12,0.6061612,XGBoost
HOUSEHOLD_1_360,TX_2,Estacional,2016-05-13,0.7561768,XGBoost
HOUSEHOLD_1_360,TX_2,Estacional,2016-05-14,0.90582913,XGBoost
HOUSEHOLD_1_360,TX_2,Estacional,2016-05-15,0.87635475,XGBoost
HOUSEHOLD_1_360,TX_2,Estacional,2016-05-16,0.6920199,XGBoost
HOUSEHOLD_1_360,TX_2,Estacional,2016-05-17,0.5860714,XGBoost
HOUSEHOLD_1_360,TX_2,Estacional,2016-05-18,0.60849166,XGBoost
HOUSEHOLD_1_360,TX_2,Estacional,2016-05-19,0.6546988,XGBoost
HOUSEHOLD_1_360,TX_2,Estacional,2016-05-20,0.8271346,XGBoost
HOUSEHOLD_1_360,TX_2,Estacional,2016-05-21,1.0915387,XGBoost
HOUSEHOLD_1_360,TX_2,Estacional,2016-05-22,1.0496914,XGBoost
HOUSEHOLD_1_373,TX_2,Estacional,2016-04-25,3.264567,XGBoost
HOUSEHOLD_1_373,TX_2,Estacional,2016-04-26,2.3801804,XGBoost
HOUSEHOLD_1_373,TX_2,Estacional,2016-04-27,2.3248992,XGBoost
HOUSEHOLD_1_373,TX_2,Estacional,2016-04-28,2.4564688,XGBoost
HOUSEHOLD_1_373,TX_2,Estacional,2016-04-29,3.0384684,XGBoost
HOUSEHOLD_1_373,TX_2,Estacional,2016-04-30,4.0794563,XGBoost
HOUSEHOLD_1_373,TX_2,Estacional,2016-05-01,3.86496,XGBoost
HOUSEHOLD_1_373,TX_2,Estacional,2016-05-02,3.4546568,XGBoost
HOUSEHOLD_1_373,TX_2,Estacional,2016-05-03,2.6330922,XGBoost
HOUSEHOLD_1_373,TX_2,Estacional,2016-05-04,2.4112883,XGBoost
HOUSEHOLD_1_373,TX_2,Estacional,2016-05-05,2.7910583,XGBoost
HOUSEHOLD_1_373,TX_2,Estacional,2016-05-06,3.2888024,XGBoost
HOUSEHOLD_1_373,TX_2,Estacional,2016-05-07,4.10164,XGBoost
HOUSEHOLD_1_373,TX_2,Estacional,2016-05-08,3.8476846,XGBoost
HOUSEHOLD_1_373,TX_2,Estacional,2016-05-09,3.2888901,XGBoost
HOUSEHOLD_1_373,TX_2,Estacional,2016-05-10,2.5977173,XGBoost
HOUSEHOLD_1_373,TX_2,Estacional,2016-05-11,2.2973301,XGBoost
HOUSEHOLD_1_373,TX_2,Estacional,2016-05-12,2.5207386,XGBoost
HOUSEHOLD_1_373,TX_2,Estacional,2016-05-13,3.1320798,XGBoost
HOUSEHOLD_1_373,TX_2,Estacional,2016-05-14,4.169001,XGBoost
HOUSEHOLD_1_373,TX_2,Estacional,2016-05-15,3.9222062,XGBoost
HOUSEHOLD_1_373,TX_2,Estacional,2016-05-16,2.7227006,XGBoost
HOUSEHOLD_1_373,TX_2,Estacional,2016-05-17,2.4050605,XGBoost
HOUSEHOLD_1_373,TX_2,Estacional,2016-05-18,2.2509618,XGBoost
HOUSEHOLD_1_373,TX_2,Estacional,2016-05-19,2.4292586,XGBoost
HOUSEHOLD_1_373,TX_2,Estacional,2016-05-20,2.9341893,XGBoost
HOUSEHOLD_1_373,TX_2,Estacional,2016-05-21,4.3270717,XGBoost
HOUSEHOLD_1_373,TX_2,Estacional,2016-05-22,3.7537956,XGBoost
HOUSEHOLD_1_469,TX_2,Estacional,2016-04-25,1.0387752,XGBoost
HOUSEHOLD_1_469,TX_2,Estacional,2016-04-26,0.98799074,XGBoost
HOUSEHOLD_1_469,TX_2,Estacional,2016-04-27,0.98110586,XGBoost
HOUSEHOLD_1_469,TX_2,Estacional,2016-04-28,1.0752853,XGBoost
HOUSEHOLD_1_469,TX_2,Estacional,2016-04-29,1.2954489,XGBoost
HOUSEHOLD_1_469,TX_2,Estacional,2016-04-30,1.8760928,XGBoost
HOUSEHOLD_1_469,TX_2,Estacional,2016-05-01,1.6920304,XGBoost
HOUSEHOLD_1_469,TX_2,Estacional,2016-05-02,1.1071918,XGBoost
HOUSEHOLD_1_469,TX_2,Estacional,2016-05-03,1.1748185,XGBoost
HOUSEHOLD_1_469,TX_2,Estacional,2016-05-04,0.93901473,XGBoost
HOUSEHOLD_1_469,TX_2,Estacional,2016-05-05,1.04916,XGBoost
HOUSEHOLD_1_469,TX_2,Estacional,2016-05-06,1.2743824,XGBoost
HOUSEHOLD_1_469,TX_2,Estacional,2016-05-07,1.8657469,XGBoost
HOUSEHOLD_1_469,TX_2,Estacional,2016-05-08,1.6007648,XGBoost
HOUSEHOLD_1_469,TX_2,Estacional,2016-05-09,1.1107128,XGBoost
HOUSEHOLD_1_469,TX_2,Estacional,2016-05-10,1.1826633,XGBoost
HOUSEHOLD_1_469,TX_2,Estacional,2016-05-11,0.9887963,XGBoost
HOUSEHOLD_1_469,TX_2,Estacional,2016-05-12,1.1399455,XGBoost
HOUSEHOLD_1_469,TX_2,Estacional,2016-05-13,1.2561834,XGBoost
HOUSEHOLD_1_469,TX_2,Estacional,2016-05-14,1.7616861,XGBoost
HOUSEHOLD_1_469,TX_2,Estacional,2016-05-15,1.6564509,XGBoost
HOUSEHOLD_1_469,TX_2,Estacional,2016-05-16,1.1107128,XGBoost
HOUSEHOLD_1_469,TX_2,Estacional,2016-05-17,0.9887963,XGBoost
HOUSEHOLD_1_469,TX_2,Estacional,2016-05-18,0.98527527,XGBoost
HOUSEHOLD_1_469,TX_2,Estacional,2016-05-19,1.1003536,XGBoost
HOUSEHOLD_1_469,TX_2,Estacional,2016-05-20,1.2399186,XGBoost
HOUSEHOLD_1_469,TX_2,Estacional,2016-05-21,1.6950978,XGBoost
HOUSEHOLD_1_469,TX_2,Estacional,2016-05-22,1.5897254,XGBoost
HOUSEHOLD_1_494,TX_2,Estacional,2016-04-25,2.7520273,XGBoost
HOUSEHOLD_1_494,TX_2,Estacional,2016-04-26,2.833288,XGBoost
HOUSEHOLD_1_494,TX_2,Estacional,2016-04-27,2.3799267,XGBoost
HOUSEHOLD_1_494,TX_2,Estacional,2016-04-28,2.4484906,XGBoost
HOUSEHOLD_1_494,TX_2,Estacional,2016-04-29,2.9550047,XGBoost
HOUSEHOLD_1_494,TX_2,Estacional,2016-04-30,4.0371356,XGBoost
HOUSEHOLD_1_494,TX_2,Estacional,2016-05-01,4.273648,XGBoost
HOUSEHOLD_1_494,TX_2,Estacional,2016-05-02,2.5225105,XGBoost
HOUSEHOLD_1_494,TX_2,Estacional,2016-05-03,2.830725,XGBoost
HOUSEHOLD_1_494,TX_2,Estacional,2016-05-04,2.3770359,XGBoost
HOUSEHOLD_1_494,TX_2,Estacional,2016-05-05,2.5235832,XGBoost
HOUSEHOLD_1_494,TX_2,Estacional,2016-05-06,3.042111,XGBoost
HOUSEHOLD_1_494,TX_2,Estacional,2016-05-07,4.171907,XGBoost
HOUSEHOLD_1_494,TX_2,Estacional,2016-05-08,4.061789,XGBoost
HOUSEHOLD_1_494,TX_2,Estacional,2016-05-09,2.5472593,XGBoost
HOUSEHOLD_1_494,TX_2,Estacional,2016-05-10,2.560359,XGBoost
HOUSEHOLD_1_494,TX_2,Estacional,2016-05-11,2.3191118,XGBoost
HOUSEHOLD_1_494,TX_2,Estacional,2016-05-12,2.5214033,XGBoost
HOUSEHOLD_1_494,TX_2,Estacional,2016-05-13,3.0763988,XGBoost
HOUSEHOLD_1_494,TX_2,Estacional,2016-05-14,4.143277,XGBoost
HOUSEHOLD_1_494,TX_2,Estacional,2016-05-15,3.992362,XGBoost
HOUSEHOLD_1_494,TX_2,Estacional,2016-05-16,2.5797865,XGBoost
HOUSEHOLD_1_494,TX_2,Estacional,2016-05-17,2.540108,XGBoost
HOUSEHOLD_1_494,TX_2,Estacional,2016-05-18,2.3728151,XGBoost
HOUSEHOLD_1_494,TX_2,Estacional,2016-05-19,2.382511,XGBoost
HOUSEHOLD_1_494,TX_2,Estacional,2016-05-20,2.7773175,XGBoost
HOUSEHOLD_1_494,TX_2,Estacional,2016-05-21,3.9872494,XGBoost
HOUSEHOLD_1_494,TX_2,Estacional,2016-05-22,4.016508,XGBoost
FOODS_2_199,TX_2,Estacional,2016-04-25,1.5104153,XGBoost
FOODS_2_199,TX_2,Estacional,2016-04-26,1.0937551,XGBoost
FOODS_2_199,TX_2,Estacional,2016-04-27,1.0253569,XGBoost
FOODS_2_199,TX_2,Estacional,2016-04-28,1.131524,XGBoost
FOODS_2_199,TX_2,Estacional,2016-04-29,1.3008468,XGBoost
FOODS_2_199,TX_2,Estacional,2016-04-30,1.7002779,XGBoost
FOODS_2_199,TX_2,Estacional,2016-05-01,2.0002792,XGBoost
FOODS_2_199,TX_2,Estacional,2016-05-02,1.3334662,XGBoost
FOODS_2_199,TX_2,Estacional,2016-05-03,1.0015408,XGBoost
FOODS_2_199,TX_2,Estacional,2016-05-04,1.137851,XGBoost
FOODS_2_199,TX_2,Estacional,2016-05-05,1.0777316,XGBoost
FOODS_2_199,TX_2,Estacional,2016-05-06,1.206446,XGBoost
FOODS_2_199,TX_2,Estacional,2016-05-07,1.6782926,XGBoost
FOODS_2_199,TX_2,Estacional,2016-05-08,1.8189628,XGBoost
FOODS_2_199,TX_2,Estacional,2016-05-09,1.1290807,XGBoost
FOODS_2_199,TX_2,Estacional,2016-05-10,0.9691915,XGBoost
FOODS_2_199,TX_2,Estacional,2016-05-11,1.1310468,XGBoost
FOODS_2_199,TX_2,Estacional,2016-05-12,0.98422205,XGBoost
FOODS_2_199,TX_2,Estacional,2016-05-13,1.1598076,XGBoost
FOODS_2_199,TX_2,Estacional,2016-05-14,1.7060343,XGBoost
FOODS_2_199,TX_2,Estacional,2016-05-15,1.6197107,XGBoost
FOODS_2_199,TX_2,Estacional,2016-05-16,1.3185607,XGBoost
FOODS_2_199,TX_2,Estacional,2016-05-17,1.0926393,XGBoost
FOODS_2_199,TX_2,Estacional,2016-05-18,0.9887963,XGBoost
FOODS_2_199,TX_2,Estacional,2016-05-19,1.0334501,XGBoost
FOODS_2_199,TX_2,Estacional,2016-05-20,1.2556301,XGBoost
FOODS_2_199,TX_2,Estacional,2016-05-21,1.6938515,XGBoost
FOODS_2_199,TX_2,Estacional,2016-05-22,1.7033069,XGBoost
FOODS_3_080,TX_2,Estacional,2016-04-25,13.668824,XGBoost
FOODS_3_080,TX_2,Estacional,2016-04-26,13.828926,XGBoost
FOODS_3_080,TX_2,Estacional,2016-04-27,13.895901,XGBoost
FOODS_3_080,TX_2,Estacional,2016-04-28,14.932025,XGBoost
FOODS_3_080,TX_2,Estacional,2016-04-29,17.595383,XGBoost
FOODS_3_080,TX_2,Estacional,2016-04-30,18.289263,XGBoost
FOODS_3_080,TX_2,Estacional,2016-05-01,19.485851,XGBoost
FOODS_3_080,TX_2,Estacional,2016-05-02,14.528919,XGBoost
FOODS_3_080,TX_2,Estacional,2016-05-03,14.293891,XGBoost
FOODS_3_080,TX_2,Estacional,2016-05-04,13.847506,XGBoost
FOODS_3_080,TX_2,Estacional,2016-05-05,15.441343,XGBoost
FOODS_3_080,TX_2,Estacional,2016-05-06,17.559258,XGBoost
FOODS_3_080,TX_2,Estacional,2016-05-07,19.3365,XGBoost
FOODS_3_080,TX_2,Estacional,2016-05-08,20.283298,XGBoost
FOODS_3_080,TX_2,Estacional,2016-05-09,14.577749,XGBoost
FOODS_3_080,TX_2,Estacional,2016-05-10,13.6757965,XGBoost
FOODS_3_080,TX_2,Estacional,2016-05-11,14.233915,XGBoost
FOODS_3_080,TX_2,Estacional,2016-05-12,15.135603,XGBoost
FOODS_3_080,TX_2,Estacional,2016-05-13,17.294865,XGBoost
FOODS_3_080,TX_2,Estacional,2016-05-14,19.761045,XGBoost
FOODS_3_080,TX_2,Estacional,2016-05-15,20.41716,XGBoost
FOODS_3_080,TX_2,Estacional,2016-05-16,14.526121,XGBoost
FOODS_3_080,TX_2,Estacional,2016-05-17,14.182482,XGBoost
FOODS_3_080,TX_2,Estacional,2016-05-18,13.944247,XGBoost
FOODS_3_080,TX_2,Estacional,2016-05-19,15.150981,XGBoost
FOODS_3_080,TX_2,Estacional,2016-05-20,17.36888,XGBoost
FOODS_3_080,TX_2,Estacional,2016-05-21,19.999828,XGBoost
FOODS_3_080,TX_2,Estacional,2016-05-22,20.013914,XGBoost
FOODS_3_132,TX_2,Estacional,2016-04-25,0.8172531,XGBoost
FOODS_3_132,TX_2,Estacional,2016-04-26,0.6329512,XGBoost
FOODS_3_132,TX_2,Estacional,2016-04-27,0.6202068,XGBoost
FOODS_3_132,TX_2,Estacional,2016-04-28,0.6526698,XGBoost
FOODS_3_132,TX_2,Estacional,2016-04-29,0.88611656,XGBoost
FOODS_3_132,TX_2,Estacional,2016-04-30,1.23135,XGBoost
FOODS_3_132,TX_2,Estacional,2016-05-01,1.0502268,XGBoost
FOODS_3_132,TX_2,Estacional,2016-05-02,0.76334876,XGBoost
FOODS_3_132,TX_2,Estacional,2016-05-03,0.6794845,XGBoost
FOODS_3_132,TX_2,Estacional,2016-05-04,0.6794845,XGBoost
FOODS_3_132,TX_2,Estacional,2016-05-05,0.71319765,XGBoost
FOODS_3_132,TX_2,Estacional,2016-05-06,0.9213029,XGBoost
FOODS_3_132,TX_2,Estacional,2016-05-07,1.1391116,XGBoost
FOODS_3_132,TX_2,Estacional,2016-05-08,1.0976292,XGBoost
FOODS_3_132,TX_2,Estacional,2016-05-09,0.80114454,XGBoost
FOODS_3_132,TX_2,Estacional,2016-05-10,0.6939498,XGBoost
FOODS_3_132,TX_2,Estacional,2016-05-11,0.6794845,XGBoost
FOODS_3_132,TX_2,Estacional,2016-05-12,0.7119475,XGBoost
FOODS_3_132,TX_2,Estacional,2016-05-13,0.87470734,XGBoost
FOODS_3_132,TX_2,Estacional,2016-05-14,1.1420789,XGBoost
FOODS_3_132,TX_2,Estacional,2016-05-15,1.0972644,XGBoost
FOODS_3_132,TX_2,Estacional,2016-05-16,0.8372464,XGBoost
FOODS_3_132,TX_2,Estacional,2016-05-17,0.6920838,XGBoost
FOODS_3_132,TX_2,Estacional,2016-05-18,0.6920838,XGBoost
FOODS_3_132,TX_2,Estacional,2016-05-19,0.7245468,XGBoost
FOODS_3_132,TX_2,Estacional,2016-05-20,0.8745623,XGBoost
FOODS_3_132,TX_2,Estacional,2016-05-21,1.2700613,XGBoost
FOODS_3_132,TX_2,Estacional,2016-05-22,1.0971195,XGBoost
FOODS_3_195,TX_2,Estacional,2016-04-25,1.6852564,XGBoost
FOODS_3_195,TX_2,Estacional,2016-04-26,1.6020327,XGBoost
FOODS_3_195,TX_2,Estacional,2016-04-27,1.6011748,XGBoost
FOODS_3_195,TX_2,Estacional,2016-04-28,1.6283284,XGBoost
FOODS_3_195,TX_2,Estacional,2016-04-29,2.4206295,XGBoost
FOODS_3_195,TX_2,Estacional,2016-04-30,3.097881,XGBoost
FOODS_3_195,TX_2,Estacional,2016-05-01,2.900746,XGBoost
FOODS_3_195,TX_2,Estacional,2016-05-02,1.8317242,XGBoost
FOODS_3_195,TX_2,Estacional,2016-05-03,1.740992,XGBoost
FOODS_3_195,TX_2,Estacional,2016-05-04,1.653521,XGBoost
FOODS_3_195,TX_2,Estacional,2016-05-05,1.7156055,XGBoost
FOODS_3_195,TX_2,Estacional,2016-05-06,2.547604,XGBoost
FOODS_3_195,TX_2,Estacional,2016-05-07,3.0307188,XGBoost
FOODS_3_195,TX_2,Estacional,2016-05-08,2.9245267,XGBoost
FOODS_3_195,TX_2,Estacional,2016-05-09,1.9881946,XGBoost
FOODS_3_195,TX_2,Estacional,2016-05-10,1.7283721,XGBoost
FOODS_3_195,TX_2,Estacional,2016-05-11,1.5575027,XGBoost
FOODS_3_195,TX_2,Estacional,2016-05-12,1.663536,XGBoost
FOODS_3_195,TX_2,Estacional,2016-05-13,2.3158484,XGBoost
FOODS_3_195,TX_2,Estacional,2016-05-14,3.0527394,XGBoost
FOODS_3_195,TX_2,Estacional,2016-05-15,2.67248,XGBoost
FOODS_3_195,TX_2,Estacional,2016-05-16,1.6940258,XGBoost
FOODS_3_195,TX_2,Estacional,2016-05-17,1.6185071,XGBoost
FOODS_3_195,TX_2,Estacional,2016-05-18,1.5436907,XGBoost
FOODS_3_195,TX_2,Estacional,2016-05-19,1.6352587,XGBoost
FOODS_3_195,TX_2,Estacional,2016-05-20,2.1398818,XGBoost
FOODS_3_195,TX_2,Estacional,2016-05-21,3.6434574,XGBoost
FOODS_3_195,TX_2,Estacional,2016-05-22,2.8345542,XGBoost
FOODS_3_226,TX_2,Estacional,2016-04-25,9.4441185,XGBoost
FOODS_3_226,TX_2,Estacional,2016-04-26,8.205817,XGBoost
FOODS_3_226,TX_2,Estacional,2016-04-27,8.940602,XGBoost
FOODS_3_226,TX_2,Estacional,2016-04-28,9.969881,XGBoost
FOODS_3_226,TX_2,Estacional,2016-04-29,11.625109,XGBoost
FOODS_3_226,TX_2,Estacional,2016-04-30,14.03604,XGBoost
FOODS_3_226,TX_2,Estacional,2016-05-01,13.973191,XGBoost
FOODS_3_226,TX_2,Estacional,2016-05-02,10.245487,XGBoost
FOODS_3_226,TX_2,Estacional,2016-05-03,9.05784,XGBoost
FOODS_3_226,TX_2,Estacional,2016-05-04,9.449022,XGBoost
FOODS_3_226,TX_2,Estacional,2016-05-05,11.077344,XGBoost
FOODS_3_226,TX_2,Estacional,2016-05-06,12.217523,XGBoost
FOODS_3_226,TX_2,Estacional,2016-05-07,14.3127365,XGBoost
FOODS_3_226,TX_2,Estacional,2016-05-08,14.22574,XGBoost
FOODS_3_226,TX_2,Estacional,2016-05-09,9.948277,XGBoost
FOODS_3_226,TX_2,Estacional,2016-05-10,9.071525,XGBoost
FOODS_3_226,TX_2,Estacional,2016-05-11,9.255088,XGBoost
FOODS_3_226,TX_2,Estacional,2016-05-12,11.139737,XGBoost
FOODS_3_226,TX_2,Estacional,2016-05-13,12.50677,XGBoost
FOODS_3_226,TX_2,Estacional,2016-05-14,13.88976,XGBoost
FOODS_3_226,TX_2,Estacional,2016-05-15,14.156557,XGBoost
FOODS_3_226,TX_2,Estacional,2016-05-16,9.829407,XGBoost
FOODS_3_226,TX_2,Estacional,2016-05-17,9.127898,XGBoost
FOODS_3_226,TX_2,Estacional,2016-05-18,9.825969,XGBoost
FOODS_3_226,TX_2,Estacional,2016-05-19,10.093112,XGBoost
FOODS_3_226,TX_2,Estacional,2016-05-20,11.862937,XGBoost
FOODS_3_226,TX_2,Estacional,2016-05-21,13.82873,XGBoost
FOODS_3_226,TX_2,Estacional,2016-05-22,14.045229,XGBoost
FOODS_3_227,TX_2,Estacional,2016-04-25,8.034988,XGBoost
FOODS_3_227,TX_2,Estacional,2016-04-26,7.061201,XGBoost
FOODS_3_227,TX_2,Estacional,2016-04-27,6.8614078,XGBoost
FOODS_3_227,TX_2,Estacional,2016-04-28,6.8910494,XGBoost
FOODS_3_227,TX_2,Estacional,2016-04-29,8.367477,XGBoost
FOODS_3_227,TX_2,Estacional,2016-04-30,11.768829,XGBoost
FOODS_3_227,TX_2,Estacional,2016-05-01,12.180841,XGBoost
FOODS_3_227,TX_2,Estacional,2016-05-02,7.457348,XGBoost
FOODS_3_227,TX_2,Estacional,2016-05-03,6.652017,XGBoost
FOODS_3_227,TX_2,Estacional,2016-05-04,6.6078324,XGBoost
FOODS_3_227,TX_2,Estacional,2016-05-05,7.1285467,XGBoost
FOODS_3_227,TX_2,Estacional,2016-05-06,8.526652,XGBoost
FOODS_3_227,TX_2,Estacional,2016-05-07,11.421484,XGBoost
FOODS_3_227,TX_2,Estacional,2016-05-08,12.604989,XGBoost
FOODS_3_227,TX_2,Estacional,2016-05-09,8.127016,XGBoost
FOODS_3_227,TX_2,Estacional,2016-05-10,6.9022007,XGBoost
FOODS_3_227,TX_2,Estacional,2016-05-11,7.222708,XGBoost
FOODS_3_227,TX_2,Estacional,2016-05-12,7.23017,XGBoost
FOODS_3_227,TX_2,Estacional,2016-05-13,9.030797,XGBoost
FOODS_3_227,TX_2,Estacional,2016-05-14,10.9427595,XGBoost
FOODS_3_227,TX_2,Estacional,2016-05-15,11.108548,XGBoost
FOODS_3_227,TX_2,Estacional,2016-05-16,8.02418,XGBoost
FOODS_3_227,TX_2,Estacional,2016-05-17,7.135025,XGBoost
FOODS_3_227,TX_2,Estacional,2016-05-18,7.1448665,XGBoost
FOODS_3_227,TX_2,Estacional,2016-05-19,7.315354,XGBoost
FOODS_3_227,TX_2,Estacional,2016-05-20,8.863359,XGBoost
FOODS_3_227,TX_2,Estacional,2016-05-21,11.148108,XGBoost
FOODS_3_227,TX_2,Estacional,2016-05-22,12.326668,XGBoost
FOODS_3_230,TX_2,Estacional,2016-04-25,2.955652,XGBoost
FOODS_3_230,TX_2,Estacional,2016-04-26,2.6018395,XGBoost
FOODS_3_230,TX_2,Estacional,2016-04-27,2.6072836,XGBoost
FOODS_3_230,TX_2,Estacional,2016-04-28,2.9594202,XGBoost
FOODS_3_230,TX_2,Estacional,2016-04-29,3.8317122,XGBoost
FOODS_3_230,TX_2,Estacional,2016-04-30,4.8741403,XGBoost
FOODS_3_230,TX_2,Estacional,2016-05-01,4.8124437,XGBoost
FOODS_3_230,TX_2,Estacional,2016-05-02,2.9212317,XGBoost
FOODS_3_230,TX_2,Estacional,2016-05-03,2.7089126,XGBoost
FOODS_3_230,TX_2,Estacional,2016-05-04,2.7234461,XGBoost
FOODS_3_230,TX_2,Estacional,2016-05-05,2.8916588,XGBoost
FOODS_3_230,TX_2,Estacional,2016-05-06,3.6715796,XGBoost
FOODS_3_230,TX_2,Estacional,2016-05-07,4.8711767,XGBoost
FOODS_3_230,TX_2,Estacional,2016-05-08,4.570273,XGBoost
FOODS_3_230,TX_2,Estacional,2016-05-09,2.8969102,XGBoost
FOODS_3_230,TX_2,Estacional,2016-05-10,2.665256,XGBoost
FOODS_3_230,TX_2,Estacional,2016-05-11,2.7004333,XGBoost
FOODS_3_230,TX_2,Estacional,2016-05-12,2.7853353,XGBoost
FOODS_3_230,TX_2,Estacional,2016-05-13,3.8647778,XGBoost
FOODS_3_230,TX_2,Estacional,2016-05-14,4.7616816,XGBoost
FOODS_3_230,TX_2,Estacional,2016-05-15,4.6598516,XGBoost
FOODS_3_230,TX_2,Estacional,2016-05-16,2.8524702,XGBoost
FOODS_3_230,TX_2,Estacional,2016-05-17,2.5750258,XGBoost
FOODS_3_230,TX_2,Estacional,2016-05-18,2.6204085,XGBoost
FOODS_3_230,TX_2,Estacional,2016-05-19,2.8598015,XGBoost
FOODS_3_230,TX_2,Estacional,2016-05-20,3.5744967,XGBoost
FOODS_3_230,TX_2,Estacional,2016-05-21,5.283873,XGBoost
FOODS_3_230,TX_2,Estacional,2016-05-22,5.023534,XGBoost
FOODS_3_252,TX_2,Estacional,2016-04-25,43.353767,XGBoost
FOODS_3_252,TX_2,Estacional,2016-04-26,42.471436,XGBoost
FOODS_3_252,TX_2,Estacional,2016-04-27,40.201168,XGBoost
FOODS_3_252,TX_2,Estacional,2016-04-28,45.785427,XGBoost
FOODS_3_252,TX_2,Estacional,2016-04-29,56.38087,XGBoost
FOODS_3_252,TX_2,Estacional,2016-04-30,64.31551,XGBoost
FOODS_3_252,TX_2,Estacional,2016-05-01,64.9932,XGBoost
FOODS_3_252,TX_2,Estacional,2016-05-02,43.22004,XGBoost
FOODS_3_252,TX_2,Estacional,2016-05-03,42.58025,XGBoost
FOODS_3_252,TX_2,Estacional,2016-05-04,40.968155,XGBoost
FOODS_3_252,TX_2,Estacional,2016-05-05,46.903557,XGBoost
FOODS_3_252,TX_2,Estacional,2016-05-06,59.394276,XGBoost
FOODS_3_252,TX_2,Estacional,2016-05-07,65.41808,XGBoost
FOODS_3_252,TX_2,Estacional,2016-05-08,64.991585,XGBoost
FOODS_3_252,TX_2,Estacional,2016-05-09,44.956802,XGBoost
FOODS_3_252,TX_2,Estacional,2016-05-10,42.679604,XGBoost
FOODS_3_252,TX_2,Estacional,2016-05-11,42.269188,XGBoost
FOODS_3_252,TX_2,Estacional,2016-05-12,44.958813,XGBoost
FOODS_3_252,TX_2,Estacional,2016-05-13,59.58222,XGBoost
FOODS_3_252,TX_2,Estacional,2016-05-14,63.551487,XGBoost
FOODS_3_252,TX_2,Estacional,2016-05-15,65.13227,XGBoost
FOODS_3_252,TX_2,Estacional,2016-05-16,41.823242,XGBoost
FOODS_3_252,TX_2,Estacional,2016-05-17,40.87687,XGBoost
FOODS_3_252,TX_2,Estacional,2016-05-18,40.323494,XGBoost
FOODS_3_252,TX_2,Estacional,2016-05-19,44.56374,XGBoost
FOODS_3_252,TX_2,Estacional,2016-05-20,58.705006,XGBoost
FOODS_3_252,TX_2,Estacional,2016-05-21,70.22405,XGBoost
FOODS_3_252,TX_2,Estacional,2016-05-22,62.767418,XGBoost
FOODS_3_304,TX_2,Estacional,2016-04-25,1.4060055,XGBoost
FOODS_3_304,TX_2,Estacional,2016-04-26,1.5059849,XGBoost
FOODS_3_304,TX_2,Estacional,2016-04-27,1.2776235,XGBoost
FOODS_3_304,TX_2,Estacional,2016-04-28,1.315718,XGBoost
FOODS_3_304,TX_2,Estacional,2016-04-29,1.5345368,XGBoost
FOODS_3_304,TX_2,Estacional,2016-04-30,2.101741,XGBoost
FOODS_3_304,TX_2,Estacional,2016-05-01,2.0504503,XGBoost
FOODS_3_304,TX_2,Estacional,2016-05-02,1.438867,XGBoost
FOODS_3_304,TX_2,Estacional,2016-05-03,1.3972098,XGBoost
FOODS_3_304,TX_2,Estacional,2016-05-04,1.2697319,XGBoost
FOODS_3_304,TX_2,Estacional,2016-05-05,1.3506113,XGBoost
FOODS_3_304,TX_2,Estacional,2016-05-06,1.4505203,XGBoost
FOODS_3_304,TX_2,Estacional,2016-05-07,2.1210423,XGBoost
FOODS_3_304,TX_2,Estacional,2016-05-08,2.0581791,XGBoost
FOODS_3_304,TX_2,Estacional,2016-05-09,1.3879411,XGBoost
FOODS_3_304,TX_2,Estacional,2016-05-10,1.2704102,XGBoost
FOODS_3_304,TX_2,Estacional,2016-05-11,1.159839,XGBoost
FOODS_3_304,TX_2,Estacional,2016-05-12,1.1985452,XGBoost
FOODS_3_304,TX_2,Estacional,2016-05-13,1.5342743,XGBoost
FOODS_3_304,TX_2,Estacional,2016-05-14,2.0945432,XGBoost
FOODS_3_304,TX_2,Estacional,2016-05-15,1.9427791,XGBoost
FOODS_3_304,TX_2,Estacional,2016-05-16,1.2570065,XGBoost
FOODS_3_304,TX_2,Estacional,2016-05-17,1.3837143,XGBoost
FOODS_3_304,TX_2,Estacional,2016-05-18,1.1350902,XGBoost
FOODS_3_304,TX_2,Estacional,2016-05-19,1.153088,XGBoost
FOODS_3_304,TX_2,Estacional,2016-05-20,1.4939535,XGBoost
FOODS_3_304,TX_2,Estacional,2016-05-21,2.0154135,XGBoost
FOODS_3_304,TX_2,Estacional,2016-05-22,2.0136685,XGBoost
FOODS_3_363,TX_2,Estacional,2016-04-25,3.9434645,XGBoost
FOODS_3_363,TX_2,Estacional,2016-04-26,3.4281769,XGBoost
FOODS_3_363,TX_2,Estacional,2016-04-27,3.5507843,XGBoost
FOODS_3_363,TX_2,Estacional,2016-04-28,3.8682275,XGBoost
FOODS_3_363,TX_2,Estacional,2016-04-29,5.6946173,XGBoost
FOODS_3_363,TX_2,Estacional,2016-04-30,6.3219457,XGBoost
FOODS_3_363,TX_2,Estacional,2016-05-01,4.9419537,XGBoost
FOODS_3_363,TX_2,Estacional,2016-05-02,3.4876509,XGBoost
FOODS_3_363,TX_2,Estacional,2016-05-03,3.315317,XGBoost
FOODS_3_363,TX_2,Estacional,2016-05-04,3.3033676,XGBoost
FOODS_3_363,TX_2,Estacional,2016-05-05,3.3670614,XGBoost
FOODS_3_363,TX_2,Estacional,2016-05-06,5.068198,XGBoost
FOODS_3_363,TX_2,Estacional,2016-05-07,6.085884,XGBoost
FOODS_3_363,TX_2,Estacional,2016-05-08,5.096141,XGBoost
FOODS_3_363,TX_2,Estacional,2016-05-09,3.6599443,XGBoost
FOODS_3_363,TX_2,Estacional,2016-05-10,3.086257,XGBoost
FOODS_3_363,TX_2,Estacional,2016-05-11,3.2242239,XGBoost
FOODS_3_363,TX_2,Estacional,2016-05-12,3.435217,XGBoost
FOODS_3_363,TX_2,Estacional,2016-05-13,4.8567986,XGBoost
FOODS_3_363,TX_2,Estacional,2016-05-14,5.656345,XGBoost
FOODS_3_363,TX_2,Estacional,2016-05-15,5.179362,XGBoost
FOODS_3_363,TX_2,Estacional,2016-05-16,3.6840396,XGBoost
FOODS_3_363,TX_2,Estacional,2016-05-17,3.1110058,XGBoost
FOODS_3_363,TX_2,Estacional,2016-05-18,3.1191819,XGBoost
FOODS_3_363,TX_2,Estacional,2016-05-19,3.1673565,XGBoost
FOODS_3_363,TX_2,Estacional,2016-05-20,4.6371894,XGBoost
FOODS_3_363,TX_2,Estacional,2016-05-21,5.6171737,XGBoost
FOODS_3_363,TX_2,Estacional,2016-05-22,5.0259085,XGBoost
FOODS_3_367,TX_2,Estacional,2016-04-25,1.0217729,XGBoost
FOODS_3_367,TX_2,Estacional,2016-04-26,0.9398816,XGBoost
FOODS_3_367,TX_2,Estacional,2016-04-27,0.89585906,XGBoost
FOODS_3_367,TX_2,Estacional,2016-04-28,0.88115424,XGBoost
FOODS_3_367,TX_2,Estacional,2016-04-29,1.0065782,XGBoost
FOODS_3_367,TX_2,Estacional,2016-04-30,1.4248166,XGBoost
FOODS_3_367,TX_2,Estacional,2016-05-01,1.4897295,XGBoost
FOODS_3_367,TX_2,Estacional,2016-05-02,1.0118651,XGBoost
FOODS_3_367,TX_2,Estacional,2016-05-03,0.89317226,XGBoost
FOODS_3_367,TX_2,Estacional,2016-05-04,1.1156203,XGBoost
FOODS_3_367,TX_2,Estacional,2016-05-05,0.9785988,XGBoost
FOODS_3_367,TX_2,Estacional,2016-05-06,1.0742795,XGBoost
FOODS_3_367,TX_2,Estacional,2016-05-07,1.6082617,XGBoost
FOODS_3_367,TX_2,Estacional,2016-05-08,1.5847546,XGBoost
FOODS_3_367,TX_2,Estacional,2016-05-09,1.0362129,XGBoost
FOODS_3_367,TX_2,Estacional,2016-05-10,0.91305053,XGBoost
FOODS_3_367,TX_2,Estacional,2016-05-11,1.1165679,XGBoost
FOODS_3_367,TX_2,Estacional,2016-05-12,0.9096719,XGBoost
FOODS_3_367,TX_2,Estacional,2016-05-13,1.0680151,XGBoost
FOODS_3_367,TX_2,Estacional,2016-05-14,1.6016886,XGBoost
FOODS_3_367,TX_2,Estacional,2016-05-15,1.6964453,XGBoost
FOODS_3_367,TX_2,Estacional,2016-05-16,1.0480382,XGBoost
FOODS_3_367,TX_2,Estacional,2016-05-17,1.0055938,XGBoost
FOODS_3_367,TX_2,Estacional,2016-05-18,0.8869079,XGBoost
FOODS_3_367,TX_2,Estacional,2016-05-19,0.9193709,XGBoost
FOODS_3_367,TX_2,Estacional,2016-05-20,1.1049237,XGBoost
FOODS_3_367,TX_2,Estacional,2016-05-21,1.5522183,XGBoost
FOODS_3_367,TX_2,Estacional,2016-05-22,1.5333741,XGBoost
FOODS_3_377,TX_2,Estacional,2016-04-25,24.892294,XGBoost
FOODS_3_377,TX_2,Estacional,2016-04-26,24.576326,XGBoost
FOODS_3_377,TX_2,Estacional,2016-04-27,23.161703,XGBoost
FOODS_3_377,TX_2,Estacional,2016-04-28,24.119997,XGBoost
FOODS_3_377,TX_2,Estacional,2016-04-29,29.11216,XGBoost
FOODS_3_377,TX_2,Estacional,2016-04-30,33.887108,XGBoost
FOODS_3_377,TX_2,Estacional,2016-05-01,32.77878,XGBoost
FOODS_3_377,TX_2,Estacional,2016-05-02,25.428352,XGBoost
FOODS_3_377,TX_2,Estacional,2016-05-03,24.677238,XGBoost
FOODS_3_377,TX_2,Estacional,2016-05-04,23.53043,XGBoost
FOODS_3_377,TX_2,Estacional,2016-05-05,24.435442,XGBoost
FOODS_3_377,TX_2,Estacional,2016-05-06,29.037252,XGBoost
FOODS_3_377,TX_2,Estacional,2016-05-07,34.38453,XGBoost
FOODS_3_377,TX_2,Estacional,2016-05-08,32.93806,XGBoost
FOODS_3_377,TX_2,Estacional,2016-05-09,25.102533,XGBoost
FOODS_3_377,TX_2,Estacional,2016-05-10,24.282005,XGBoost
FOODS_3_377,TX_2,Estacional,2016-05-11,23.45361,XGBoost
FOODS_3_377,TX_2,Estacional,2016-05-12,24.13324,XGBoost
FOODS_3_377,TX_2,Estacional,2016-05-13,30.32241,XGBoost
FOODS_3_377,TX_2,Estacional,2016-05-14,35.78653,XGBoost
FOODS_3_377,TX_2,Estacional,2016-05-15,34.268208,XGBoost
FOODS_3_377,TX_2,Estacional,2016-05-16,25.15162,XGBoost
FOODS_3_377,TX_2,Estacional,2016-05-17,24.124557,XGBoost
FOODS_3_377,TX_2,Estacional,2016-05-18,24.433937,XGBoost
FOODS_3_377,TX_2,Estacional,2016-05-19,24.1045,XGBoost
FOODS_3_377,TX_2,Estacional,2016-05-20,30.061586,XGBoost
FOODS_3_377,TX_2,Estacional,2016-05-21,36.248116,XGBoost
FOODS_3_377,TX_2,Estacional,2016-05-22,33.077847,XGBoost
FOODS_3_473,TX_2,Estacional,2016-04-25,4.4011693,XGBoost
FOODS_3_473,TX_2,Estacional,2016-04-26,3.8352516,XGBoost
FOODS_3_473,TX_2,Estacional,2016-04-27,4.250298,XGBoost
FOODS_3_473,TX_2,Estacional,2016-04-28,4.5445094,XGBoost
FOODS_3_473,TX_2,Estacional,2016-04-29,5.21543,XGBoost
FOODS_3_473,TX_2,Estacional,2016-04-30,6.8349223,XGBoost
FOODS_3_473,TX_2,Estacional,2016-05-01,6.565329,XGBoost
FOODS_3_473,TX_2,Estacional,2016-05-02,4.34253,XGBoost
FOODS_3_473,TX_2,Estacional,2016-05-03,3.9751017,XGBoost
FOODS_3_473,TX_2,Estacional,2016-05-04,4.23143,XGBoost
FOODS_3_473,TX_2,Estacional,2016-05-05,4.110732,XGBoost
FOODS_3_473,TX_2,Estacional,2016-05-06,5.2690206,XGBoost
FOODS_3_473,TX_2,Estacional,2016-05-07,6.9522886,XGBoost
FOODS_3_473,TX_2,Estacional,2016-05-08,6.174158,XGBoost
FOODS_3_473,TX_2,Estacional,2016-05-09,4.821388,XGBoost
FOODS_3_473,TX_2,Estacional,2016-05-10,3.8236644,XGBoost
FOODS_3_473,TX_2,Estacional,2016-05-11,4.138655,XGBoost
FOODS_3_473,TX_2,Estacional,2016-05-12,4.103997,XGBoost
FOODS_3_473,TX_2,Estacional,2016-05-13,5.05926,XGBoost
FOODS_3_473,TX_2,Estacional,2016-05-14,6.7005935,XGBoost
FOODS_3_473,TX_2,Estacional,2016-05-15,6.505279,XGBoost
FOODS_3_473,TX_2,Estacional,2016-05-16,4.157433,XGBoost
FOODS_3_473,TX_2,Estacional,2016-05-17,3.7615833,XGBoost
FOODS_3_473,TX_2,Estacional,2016-05-18,3.9936748,XGBoost
FOODS_3_473,TX_2,Estacional,2016-05-19,4.50855,XGBoost
FOODS_3_473,TX_2,Estacional,2016-05-20,5.1768575,XGBoost
FOODS_3_473,TX_2,Estacional,2016-05-21,6.7814164,XGBoost
FOODS_3_473,TX_2,Estacional,2016-05-22,6.0999126,XGBoost
FOODS_3_516,TX_2,Estacional,2016-04-25,8.394761,XGBoost
FOODS_3_516,TX_2,Estacional,2016-04-26,8.355833,XGBoost
FOODS_3_516,TX_2,Estacional,2016-04-27,8.134593,XGBoost
FOODS_3_516,TX_2,Estacional,2016-04-28,8.618307,XGBoost
FOODS_3_516,TX_2,Estacional,2016-04-29,11.022049,XGBoost
FOODS_3_516,TX_2,Estacional,2016-04-30,14.800306,XGBoost
FOODS_3_516,TX_2,Estacional,2016-05-01,13.80383,XGBoost
FOODS_3_516,TX_2,Estacional,2016-05-02,8.57328,XGBoost
FOODS_3_516,TX_2,Estacional,2016-05-03,8.175558,XGBoost
FOODS_3_516,TX_2,Estacional,2016-05-04,7.8560886,XGBoost
FOODS_3_516,TX_2,Estacional,2016-05-05,8.580275,XGBoost
FOODS_3_516,TX_2,Estacional,2016-05-06,10.267034,XGBoost
FOODS_3_516,TX_2,Estacional,2016-05-07,14.10438,XGBoost
FOODS_3_516,TX_2,Estacional,2016-05-08,12.955815,XGBoost
FOODS_3_516,TX_2,Estacional,2016-05-09,8.5765,XGBoost
FOODS_3_516,TX_2,Estacional,2016-05-10,8.008144,XGBoost
FOODS_3_516,TX_2,Estacional,2016-05-11,7.896059,XGBoost
FOODS_3_516,TX_2,Estacional,2016-05-12,8.57311,XGBoost
FOODS_3_516,TX_2,Estacional,2016-05-13,10.21573,XGBoost
FOODS_3_516,TX_2,Estacional,2016-05-14,14.344328,XGBoost
FOODS_3_516,TX_2,Estacional,2016-05-15,12.221077,XGBoost
FOODS_3_516,TX_2,Estacional,2016-05-16,8.251562,XGBoost
FOODS_3_516,TX_2,Estacional,2016-05-17,8.172326,XGBoost
FOODS_3_516,TX_2,Estacional,2016-05-18,7.9640684,XGBoost
FOODS_3_516,TX_2,Estacional,2016-05-19,8.407702,XGBoost
FOODS_3_516,TX_2,Estacional,2016-05-20,10.519979,XGBoost
FOODS_3_516,TX_2,Estacional,2016-05-21,13.962808,XGBoost
FOODS_3_516,TX_2,Estacional,2016-05-22,12.827905,XGBoost
FOODS_3_555,TX_2,Estacional,2016-04-25,34.57587,XGBoost
FOODS_3_555,TX_2,Estacional,2016-04-26,32.47282,XGBoost
FOODS_3_555,TX_2,Estacional,2016-04-27,31.620718,XGBoost
FOODS_3_555,TX_2,Estacional,2016-04-28,36.698887,XGBoost
FOODS_3_555,TX_2,Estacional,2016-04-29,41.995766,XGBoost
FOODS_3_555,TX_2,Estacional,2016-04-30,53.31647,XGBoost
FOODS_3_555,TX_2,Estacional,2016-05-01,52.14127,XGBoost
FOODS_3_555,TX_2,Estacional,2016-05-02,37.356464,XGBoost
FOODS_3_555,TX_2,Estacional,2016-05-03,34.468994,XGBoost
FOODS_3_555,TX_2,Estacional,2016-05-04,35.864464,XGBoost
FOODS_3_555,TX_2,Estacional,2016-05-05,40.57479,XGBoost
FOODS_3_555,TX_2,Estacional,2016-05-06,45.762917,XGBoost
FOODS_3_555,TX_2,Estacional,2016-05-07,55.344414,XGBoost
FOODS_3_555,TX_2,Estacional,2016-05-08,53.28137,XGBoost
FOODS_3_555,TX_2,Estacional,2016-05-09,40.0895,XGBoost
FOODS_3_555,TX_2,Estacional,2016-05-10,37.366863,XGBoost
FOODS_3_555,TX_2,Estacional,2016-05-11,36.695396,XGBoost
FOODS_3_555,TX_2,Estacional,2016-05-12,39.328182,XGBoost
FOODS_3_555,TX_2,Estacional,2016-05-13,47.54322,XGBoost
FOODS_3_555,TX_2,Estacional,2016-05-14,57.261757,XGBoost
FOODS_3_555,TX_2,Estacional,2016-05-15,53.600613,XGBoost
FOODS_3_555,TX_2,Estacional,2016-05-16,39.521942,XGBoost
FOODS_3_555,TX_2,Estacional,2016-05-17,36.07902,XGBoost
FOODS_3_555,TX_2,Estacional,2016-05-18,37.27313,XGBoost
FOODS_3_555,TX_2,Estacional,2016-05-19,40.060417,XGBoost
FOODS_3_555,TX_2,Estacional,2016-05-20,48.262295,XGBoost
FOODS_3_555,TX_2,Estacional,2016-05-21,56.850502,XGBoost
FOODS_3_555,TX_2,Estacional,2016-05-22,53.345654,XGBoost
FOODS_3_562,TX_2,Estacional,2016-04-25,2.0937555,XGBoost
FOODS_3_562,TX_2,Estacional,2016-04-26,2.117426,XGBoost
FOODS_3_562,TX_2,Estacional,2016-04-27,1.9672561,XGBoost
FOODS_3_562,TX_2,Estacional,2016-04-28,2.2174902,XGBoost
FOODS_3_562,TX_2,Estacional,2016-04-29,2.3826997,XGBoost
FOODS_3_562,TX_2,Estacional,2016-04-30,3.3193824,XGBoost
FOODS_3_562,TX_2,Estacional,2016-05-01,2.9398673,XGBoost
FOODS_3_562,TX_2,Estacional,2016-05-02,2.0743644,XGBoost
FOODS_3_562,TX_2,Estacional,2016-05-03,1.8960047,XGBoost
FOODS_3_562,TX_2,Estacional,2016-05-04,1.7016522,XGBoost
FOODS_3_562,TX_2,Estacional,2016-05-05,2.057969,XGBoost
FOODS_3_562,TX_2,Estacional,2016-05-06,2.3309004,XGBoost
FOODS_3_562,TX_2,Estacional,2016-05-07,3.262705,XGBoost
FOODS_3_562,TX_2,Estacional,2016-05-08,3.0812404,XGBoost
FOODS_3_562,TX_2,Estacional,2016-05-09,2.0429769,XGBoost
FOODS_3_562,TX_2,Estacional,2016-05-10,1.9265921,XGBoost
FOODS_3_562,TX_2,Estacional,2016-05-11,1.8075937,XGBoost
FOODS_3_562,TX_2,Estacional,2016-05-12,1.9792649,XGBoost
FOODS_3_562,TX_2,Estacional,2016-05-13,2.3214104,XGBoost
FOODS_3_562,TX_2,Estacional,2016-05-14,3.2304978,XGBoost
FOODS_3_562,TX_2,Estacional,2016-05-15,3.1121416,XGBoost
FOODS_3_562,TX_2,Estacional,2016-05-16,1.9290364,XGBoost
FOODS_3_562,TX_2,Estacional,2016-05-17,1.931059,XGBoost
FOODS_3_562,TX_2,Estacional,2016-05-18,1.859777,XGBoost
FOODS_3_562,TX_2,Estacional,2016-05-19,2.0974154,XGBoost
FOODS_3_562,TX_2,Estacional,2016-05-20,2.2740958,XGBoost
FOODS_3_562,TX_2,Estacional,2016-05-21,3.2349973,XGBoost
FOODS_3_562,TX_2,Estacional,2016-05-22,2.87897,XGBoost
FOODS_3_586,TX_2,Estacional,2016-04-25,65.93221,XGBoost
FOODS_3_586,TX_2,Estacional,2016-04-26,65.2333,XGBoost
FOODS_3_586,TX_2,Estacional,2016-04-27,63.974274,XGBoost
FOODS_3_586,TX_2,Estacional,2016-04-28,70.99212,XGBoost
FOODS_3_586,TX_2,Estacional,2016-04-29,79.19896,XGBoost
FOODS_3_586,TX_2,Estacional,2016-04-30,98.844894,XGBoost
FOODS_3_586,TX_2,Estacional,2016-05-01,102.090355,XGBoost
FOODS_3_586,TX_2,Estacional,2016-05-02,66.36326,XGBoost
FOODS_3_586,TX_2,Estacional,2016-05-03,65.241295,XGBoost
FOODS_3_586,TX_2,Estacional,2016-05-04,64.92478,XGBoost
FOODS_3_586,TX_2,Estacional,2016-05-05,74.114746,XGBoost
FOODS_3_586,TX_2,Estacional,2016-05-06,81.96868,XGBoost
FOODS_3_586,TX_2,Estacional,2016-05-07,93.20797,XGBoost
FOODS_3_586,TX_2,Estacional,2016-05-08,96.04649,XGBoost
FOODS_3_586,TX_2,Estacional,2016-05-09,66.55421,XGBoost
FOODS_3_586,TX_2,Estacional,2016-05-10,68.87683,XGBoost
FOODS_3_586,TX_2,Estacional,2016-05-11,66.126564,XGBoost
FOODS_3_586,TX_2,Estacional,2016-05-12,72.78841,XGBoost
FOODS_3_586,TX_2,Estacional,2016-05-13,81.04303,XGBoost
FOODS_3_586,TX_2,Estacional,2016-05-14,92.79809,XGBoost
FOODS_3_586,TX_2,Estacional,2016-05-15,95.60108,XGBoost
FOODS_3_586,TX_2,Estacional,2016-05-16,66.02366,XGBoost
FOODS_3_586,TX_2,Estacional,2016-05-17,66.10136,XGBoost
FOODS_3_586,TX_2,Estacional,2016-05-18,66.40109,XGBoost
FOODS_3_586,TX_2,Estacional,2016-05-19,68.866936,XGBoost
FOODS_3_586,TX_2,Estacional,2016-05-20,82.20812,XGBoost
FOODS_3_586,TX_2,Estacional,2016-05-21,89.18118,XGBoost
FOODS_3_586,TX_2,Estacional,2016-05-22,95.52414,XGBoost
FOODS_3_587,TX_2,Estacional,2016-04-25,26.646902,XGBoost
FOODS_3_587,TX_2,Estacional,2016-04-26,24.802824,XGBoost
FOODS_3_587,TX_2,Estacional,2016-04-27,25.532223,XGBoost
FOODS_3_587,TX_2,Estacional,2016-04-28,25.663876,XGBoost
FOODS_3_587,TX_2,Estacional,2016-04-29,31.267035,XGBoost
FOODS_3_587,TX_2,Estacional,2016-04-30,37.966682,XGBoost
FOODS_3_587,TX_2,Estacional,2016-05-01,38.034172,XGBoost
FOODS_3_587,TX_2,Estacional,2016-05-02,26.792107,XGBoost
FOODS_3_587,TX_2,Estacional,2016-05-03,24.606447,XGBoost
FOODS_3_587,TX_2,Estacional,2016-05-04,24.468008,XGBoost
FOODS_3_587,TX_2,Estacional,2016-05-05,27.066708,XGBoost
FOODS_3_587,TX_2,Estacional,2016-05-06,29.652822,XGBoost
FOODS_3_587,TX_2,Estacional,2016-05-07,35.706818,XGBoost
FOODS_3_587,TX_2,Estacional,2016-05-08,38.719585,XGBoost
FOODS_3_587,TX_2,Estacional,2016-05-09,27.341183,XGBoost
FOODS_3_587,TX_2,Estacional,2016-05-10,25.220907,XGBoost
FOODS_3_587,TX_2,Estacional,2016-05-11,24.976973,XGBoost
FOODS_3_587,TX_2,Estacional,2016-05-12,25.500092,XGBoost
FOODS_3_587,TX_2,Estacional,2016-05-13,29.080515,XGBoost
FOODS_3_587,TX_2,Estacional,2016-05-14,37.251316,XGBoost
FOODS_3_587,TX_2,Estacional,2016-05-15,40.954918,XGBoost
FOODS_3_587,TX_2,Estacional,2016-05-16,26.218227,XGBoost
FOODS_3_587,TX_2,Estacional,2016-05-17,26.290783,XGBoost
FOODS_3_587,TX_2,Estacional,2016-05-18,24.923872,XGBoost
FOODS_3_587,TX_2,Estacional,2016-05-19,24.56961,XGBoost
FOODS_3_587,TX_2,Estacional,2016-05-20,31.172325,XGBoost
FOODS_3_587,TX_2,Estacional,2016-05-21,39.037052,XGBoost
FOODS_3_587,TX_2,Estacional,2016-05-22,40.26524,XGBoost
FOODS_3_628,TX_2,Estacional,2016-04-25,2.5947278,XGBoost
FOODS_3_628,TX_2,Estacional,2016-04-26,2.486052,XGBoost
FOODS_3_628,TX_2,Estacional,2016-04-27,2.3878465,XGBoost
FOODS_3_628,TX_2,Estacional,2016-04-28,2.6364374,XGBoost
FOODS_3_628,TX_2,Estacional,2016-04-29,3.9057298,XGBoost
FOODS_3_628,TX_2,Estacional,2016-04-30,4.7744145,XGBoost
FOODS_3_628,TX_2,Estacional,2016-05-01,4.4513354,XGBoost
FOODS_3_628,TX_2,Estacional,2016-05-02,2.68784,XGBoost
FOODS_3_628,TX_2,Estacional,2016-05-03,2.5077646,XGBoost
FOODS_3_628,TX_2,Estacional,2016-05-04,2.492938,XGBoost
FOODS_3_628,TX_2,Estacional,2016-05-05,2.6581044,XGBoost
FOODS_3_628,TX_2,Estacional,2016-05-06,4.1375704,XGBoost
FOODS_3_628,TX_2,Estacional,2016-05-07,4.464658,XGBoost
FOODS_3_628,TX_2,Estacional,2016-05-08,4.2539797,XGBoost
FOODS_3_628,TX_2,Estacional,2016-05-09,2.6841328,XGBoost
FOODS_3_628,TX_2,Estacional,2016-05-10,2.542028,XGBoost
FOODS_3_628,TX_2,Estacional,2016-05-11,2.5363393,XGBoost
FOODS_3_628,TX_2,Estacional,2016-05-12,2.8246138,XGBoost
FOODS_3_628,TX_2,Estacional,2016-05-13,3.6980474,XGBoost
FOODS_3_628,TX_2,Estacional,2016-05-14,4.4469385,XGBoost
FOODS_3_628,TX_2,Estacional,2016-05-15,4.407709,XGBoost
FOODS_3_628,TX_2,Estacional,2016-05-16,2.6721284,XGBoost
FOODS_3_628,TX_2,Estacional,2016-05-17,2.5726652,XGBoost
FOODS_3_628,TX_2,Estacional,2016-05-18,2.4809337,XGBoost
FOODS_3_628,TX_2,Estacional,2016-05-19,2.5291083,XGBoost
FOODS_3_628,TX_2,Estacional,2016-05-20,3.6150465,XGBoost
FOODS_3_628,TX_2,Estacional,2016-05-21,4.800671,XGBoost
FOODS_3_628,TX_2,Estacional,2016-05-22,4.877399,XGBoost
FOODS_3_634,TX_2,Estacional,2016-04-25,2.625369,XGBoost
FOODS_3_634,TX_2,Estacional,2016-04-26,2.3407674,XGBoost
FOODS_3_634,TX_2,Estacional,2016-04-27,2.686174,XGBoost
FOODS_3_634,TX_2,Estacional,2016-04-28,2.2575145,XGBoost
FOODS_3_634,TX_2,Estacional,2016-04-29,3.5815396,XGBoost
FOODS_3_634,TX_2,Estacional,2016-04-30,4.481378,XGBoost
FOODS_3_634,TX_2,Estacional,2016-05-01,4.031293,XGBoost
FOODS_3_634,TX_2,Estacional,2016-05-02,2.6495137,XGBoost
FOODS_3_634,TX_2,Estacional,2016-05-03,2.3623683,XGBoost
FOODS_3_634,TX_2,Estacional,2016-05-04,2.5545619,XGBoost
FOODS_3_634,TX_2,Estacional,2016-05-05,2.394276,XGBoost
FOODS_3_634,TX_2,Estacional,2016-05-06,3.3735018,XGBoost
FOODS_3_634,TX_2,Estacional,2016-05-07,4.448504,XGBoost
FOODS_3_634,TX_2,Estacional,2016-05-08,3.898969,XGBoost
FOODS_3_634,TX_2,Estacional,2016-05-09,2.6970255,XGBoost
FOODS_3_634,TX_2,Estacional,2016-05-10,2.5698233,XGBoost
FOODS_3_634,TX_2,Estacional,2016-05-11,2.5629504,XGBoost
FOODS_3_634,TX_2,Estacional,2016-05-12,2.5093875,XGBoost
FOODS_3_634,TX_2,Estacional,2016-05-13,3.4677608,XGBoost
FOODS_3_634,TX_2,Estacional,2016-05-14,4.5615463,XGBoost
FOODS_3_634,TX_2,Estacional,2016-05-15,4.3120008,XGBoost
FOODS_3_634,TX_2,Estacional,2016-05-16,2.5714304,XGBoost
FOODS_3_634,TX_2,Estacional,2016-05-17,2.4794383,XGBoost
FOODS_3_634,TX_2,Estacional,2016-05-18,2.5506294,XGBoost
FOODS_3_634,TX_2,Estacional,2016-05-19,2.4437513,XGBoost
FOODS_3_634,TX_2,Estacional,2016-05-20,3.387153,XGBoost
FOODS_3_634,TX_2,Estacional,2016-05-21,4.88583,XGBoost
FOODS_3_634,TX_2,Estacional,2016-05-22,4.527484,XGBoost
FOODS_3_674,TX_2,Estacional,2016-04-25,1.9050027,XGBoost
FOODS_3_674,TX_2,Estacional,2016-04-26,1.6046824,XGBoost
FOODS_3_674,TX_2,Estacional,2016-04-27,1.7257137,XGBoost
FOODS_3_674,TX_2,Estacional,2016-04-28,1.6018082,XGBoost
FOODS_3_674,TX_2,Estacional,2016-04-29,1.8926636,XGBoost
FOODS_3_674,TX_2,Estacional,2016-04-30,2.7378554,XGBoost
FOODS_3_674,TX_2,Estacional,2016-05-01,2.6306512,XGBoost
FOODS_3_674,TX_2,Estacional,2016-05-02,1.8440863,XGBoost
FOODS_3_674,TX_2,Estacional,2016-05-03,1.7729923,XGBoost
FOODS_3_674,TX_2,Estacional,2016-05-04,1.6140972,XGBoost
FOODS_3_674,TX_2,Estacional,2016-05-05,1.7421331,XGBoost
FOODS_3_674,TX_2,Estacional,2016-05-06,2.0633507,XGBoost
FOODS_3_674,TX_2,Estacional,2016-05-07,2.7199142,XGBoost
FOODS_3_674,TX_2,Estacional,2016-05-08,2.8070004,XGBoost
FOODS_3_674,TX_2,Estacional,2016-05-09,1.7295116,XGBoost
FOODS_3_674,TX_2,Estacional,2016-05-10,1.5650451,XGBoost
FOODS_3_674,TX_2,Estacional,2016-05-11,1.6055056,XGBoost
FOODS_3_674,TX_2,Estacional,2016-05-12,1.5219889,XGBoost
FOODS_3_674,TX_2,Estacional,2016-05-13,2.014292,XGBoost
FOODS_3_674,TX_2,Estacional,2016-05-14,2.6539187,XGBoost
FOODS_3_674,TX_2,Estacional,2016-05-15,2.6384788,XGBoost
FOODS_3_674,TX_2,Estacional,2016-05-16,1.8717036,XGBoost
FOODS_3_674,TX_2,Estacional,2016-05-17,1.5786421,XGBoost
FOODS_3_674,TX_2,Estacional,2016-05-18,1.7006122,XGBoost
FOODS_3_674,TX_2,Estacional,2016-05-19,1.6019783,XGBoost
FOODS_3_674,TX_2,Estacional,2016-05-20,1.9429071,XGBoost
FOODS_3_674,TX_2,Estacional,2016-05-21,2.5695806,XGBoost
FOODS_3_674,TX_2,Estacional,2016-05-22,2.4365196,XGBoost
FOODS_3_694,TX_2,Estacional,2016-04-25,16.368944,XGBoost
FOODS_3_694,TX_2,Estacional,2016-04-26,15.590631,XGBoost
FOODS_3_694,TX_2,Estacional,2016-04-27,14.345343,XGBoost
FOODS_3_694,TX_2,Estacional,2016-04-28,16.266872,XGBoost
FOODS_3_694,TX_2,Estacional,2016-04-29,18.676937,XGBoost
FOODS_3_694,TX_2,Estacional,2016-04-30,22.696724,XGBoost
FOODS_3_694,TX_2,Estacional,2016-05-01,23.181566,XGBoost
FOODS_3_694,TX_2,Estacional,2016-05-02,17.200441,XGBoost
FOODS_3_694,TX_2,Estacional,2016-05-03,15.2861,XGBoost
FOODS_3_694,TX_2,Estacional,2016-05-04,14.642314,XGBoost
FOODS_3_694,TX_2,Estacional,2016-05-05,16.382929,XGBoost
FOODS_3_694,TX_2,Estacional,2016-05-06,19.646812,XGBoost
FOODS_3_694,TX_2,Estacional,2016-05-07,22.252026,XGBoost
FOODS_3_694,TX_2,Estacional,2016-05-08,23.280739,XGBoost
FOODS_3_694,TX_2,Estacional,2016-05-09,16.664743,XGBoost
FOODS_3_694,TX_2,Estacional,2016-05-10,15.583055,XGBoost
FOODS_3_694,TX_2,Estacional,2016-05-11,15.005223,XGBoost
FOODS_3_694,TX_2,Estacional,2016-05-12,16.18653,XGBoost
FOODS_3_694,TX_2,Estacional,2016-05-13,19.835646,XGBoost
FOODS_3_694,TX_2,Estacional,2016-05-14,21.846546,XGBoost
FOODS_3_694,TX_2,Estacional,2016-05-15,22.58154,XGBoost
FOODS_3_694,TX_2,Estacional,2016-05-16,16.183958,XGBoost
FOODS_3_694,TX_2,Estacional,2016-05-17,16.072495,XGBoost
FOODS_3_694,TX_2,Estacional,2016-05-18,14.716497,XGBoost
FOODS_3_694,TX_2,Estacional,2016-05-19,15.996557,XGBoost
FOODS_3_694,TX_2,Estacional,2016-05-20,19.33863,XGBoost
FOODS_3_694,TX_2,Estacional,2016-05-21,22.660564,XGBoost
FOODS_3_694,TX_2,Estacional,2016-05-22,23.309326,XGBoost
FOODS_3_714,TX_2,Estacional,2016-04-25,21.177954,XGBoost
FOODS_3_714,TX_2,Estacional,2016-04-26,20.070633,XGBoost
FOODS_3_714,TX_2,Estacional,2016-04-27,18.856049,XGBoost
FOODS_3_714,TX_2,Estacional,2016-04-28,21.601131,XGBoost
FOODS_3_714,TX_2,Estacional,2016-04-29,25.13678,XGBoost
FOODS_3_714,TX_2,Estacional,2016-04-30,28.233036,XGBoost
FOODS_3_714,TX_2,Estacional,2016-05-01,27.690254,XGBoost
FOODS_3_714,TX_2,Estacional,2016-05-02,20.931128,XGBoost
FOODS_3_714,TX_2,Estacional,2016-05-03,18.81942,XGBoost
FOODS_3_714,TX_2,Estacional,2016-05-04,17.928143,XGBoost
FOODS_3_714,TX_2,Estacional,2016-05-05,20.735245,XGBoost
FOODS_3_714,TX_2,Estacional,2016-05-06,23.852598,XGBoost
FOODS_3_714,TX_2,Estacional,2016-05-07,28.927937,XGBoost
FOODS_3_714,TX_2,Estacional,2016-05-08,29.10339,XGBoost
FOODS_3_714,TX_2,Estacional,2016-05-09,20.992851,XGBoost
FOODS_3_714,TX_2,Estacional,2016-05-10,18.65506,XGBoost
FOODS_3_714,TX_2,Estacional,2016-05-11,18.394373,XGBoost
FOODS_3_714,TX_2,Estacional,2016-05-12,20.833054,XGBoost
FOODS_3_714,TX_2,Estacional,2016-05-13,25.100878,XGBoost
FOODS_3_714,TX_2,Estacional,2016-05-14,28.850515,XGBoost
FOODS_3_714,TX_2,Estacional,2016-05-15,29.200556,XGBoost
FOODS_3_714,TX_2,Estacional,2016-05-16,20.48746,XGBoost
FOODS_3_714,TX_2,Estacional,2016-05-17,20.103529,XGBoost
FOODS_3_714,TX_2,Estacional,2016-05-18,18.495296,XGBoost
FOODS_3_714,TX_2,Estacional,2016-05-19,21.201641,XGBoost
FOODS_3_714,TX_2,Estacional,2016-05-20,25.484882,XGBoost
FOODS_3_714,TX_2,Estacional,2016-05-21,29.563206,XGBoost
FOODS_3_714,TX_2,Estacional,2016-05-22,28.703705,XGBoost
FOODS_3_817,TX_2,Estacional,2016-04-25,0.8163982,XGBoost
FOODS_3_817,TX_2,Estacional,2016-04-26,0.708657,XGBoost
FOODS_3_817,TX_2,Estacional,2016-04-27,0.72491515,XGBoost
FOODS_3_817,TX_2,Estacional,2016-04-28,0.75565714,XGBoost
FOODS_3_817,TX_2,Estacional,2016-04-29,1.0495782,XGBoost
FOODS_3_817,TX_2,Estacional,2016-04-30,1.1480402,XGBoost
FOODS_3_817,TX_2,Estacional,2016-05-01,1.139873,XGBoost
FOODS_3_817,TX_2,Estacional,2016-05-02,0.8142904,XGBoost
FOODS_3_817,TX_2,Estacional,2016-05-03,0.7493643,XGBoost
FOODS_3_817,TX_2,Estacional,2016-05-04,0.734899,XGBoost
FOODS_3_817,TX_2,Estacional,2016-05-05,0.76861215,XGBoost
FOODS_3_817,TX_2,Estacional,2016-05-06,1.0310544,XGBoost
FOODS_3_817,TX_2,Estacional,2016-05-07,1.1552248,XGBoost
FOODS_3_817,TX_2,Estacional,2016-05-08,1.0949265,XGBoost
FOODS_3_817,TX_2,Estacional,2016-05-09,0.8142904,XGBoost
FOODS_3_817,TX_2,Estacional,2016-05-10,0.7083419,XGBoost
FOODS_3_817,TX_2,Estacional,2016-05-11,0.7083419,XGBoost
FOODS_3_817,TX_2,Estacional,2016-05-12,0.75527036,XGBoost
FOODS_3_817,TX_2,Estacional,2016-05-13,0.9180302,XGBoost
FOODS_3_817,TX_2,Estacional,2016-05-14,1.1757016,XGBoost
FOODS_3_817,TX_2,Estacional,2016-05-15,1.1338544,XGBoost
FOODS_3_817,TX_2,Estacional,2016-05-16,0.8142904,XGBoost
FOODS_3_817,TX_2,Estacional,2016-05-17,0.7083419,XGBoost
FOODS_3_817,TX_2,Estacional,2016-05-18,0.7083419,XGBoost
FOODS_3_817,TX_2,Estacional,2016-05-19,0.767362,XGBoost
FOODS_3_817,TX_2,Estacional,2016-05-20,0.93184286,XGBoost
FOODS_3_817,TX_2,Estacional,2016-05-21,1.1552248,XGBoost
FOODS_3_817,TX_2,Estacional,2016-05-22,1.1133776,XGBoost
FOODS_3_822,TX_2,Estacional,2016-04-25,1.6747211,XGBoost
FOODS_3_822,TX_2,Estacional,2016-04-26,1.6163821,XGBoost
FOODS_3_822,TX_2,Estacional,2016-04-27,1.5350767,XGBoost
FOODS_3_822,TX_2,Estacional,2016-04-28,1.665751,XGBoost
FOODS_3_822,TX_2,Estacional,2016-04-29,1.8628291,XGBoost
FOODS_3_822,TX_2,Estacional,2016-04-30,2.4961145,XGBoost
FOODS_3_822,TX_2,Estacional,2016-05-01,2.5731895,XGBoost
FOODS_3_822,TX_2,Estacional,2016-05-02,1.6617377,XGBoost
FOODS_3_822,TX_2,Estacional,2016-05-03,1.7599934,XGBoost
FOODS_3_822,TX_2,Estacional,2016-05-04,1.4385964,XGBoost
FOODS_3_822,TX_2,Estacional,2016-05-05,1.5256003,XGBoost
FOODS_3_822,TX_2,Estacional,2016-05-06,2.1347291,XGBoost
FOODS_3_822,TX_2,Estacional,2016-05-07,2.5071883,XGBoost
FOODS_3_822,TX_2,Estacional,2016-05-08,2.5580685,XGBoost
FOODS_3_822,TX_2,Estacional,2016-05-09,1.6300999,XGBoost
FOODS_3_822,TX_2,Estacional,2016-05-10,1.6725613,XGBoost
FOODS_3_822,TX_2,Estacional,2016-05-11,1.4635735,XGBoost
FOODS_3_822,TX_2,Estacional,2016-05-12,1.5338311,XGBoost
FOODS_3_822,TX_2,Estacional,2016-05-13,1.8156263,XGBoost
FOODS_3_822,TX_2,Estacional,2016-05-14,2.5174186,XGBoost
FOODS_3_822,TX_2,Estacional,2016-05-15,2.6032774,XGBoost
FOODS_3_822,TX_2,Estacional,2016-05-16,1.5619498,XGBoost
FOODS_3_822,TX_2,Estacional,2016-05-17,1.530519,XGBoost
FOODS_3_822,TX_2,Estacional,2016-05-18,1.454499,XGBoost
FOODS_3_822,TX_2,Estacional,2016-05-19,1.5274224,XGBoost
FOODS_3_822,TX_2,Estacional,2016-05-20,1.8122158,XGBoost
FOODS_3_822,TX_2,Estacional,2016-05-21,2.6722367,XGBoost
FOODS_3_822,TX_2,Estacional,2016-05-22,2.500859,XGBoost
HOBBIES_1_323,TX_3,Estacional,2016-04-25,2.714538,XGBoost
HOBBIES_1_323,TX_3,Estacional,2016-04-26,2.5964136,XGBoost
HOBBIES_1_323,TX_3,Estacional,2016-04-27,2.6503403,XGBoost
HOBBIES_1_323,TX_3,Estacional,2016-04-28,3.0858262,XGBoost
HOBBIES_1_323,TX_3,Estacional,2016-04-29,3.45475,XGBoost
HOBBIES_1_323,TX_3,Estacional,2016-04-30,4.140677,XGBoost
HOBBIES_1_323,TX_3,Estacional,2016-05-01,3.9870558,XGBoost
HOBBIES_1_323,TX_3,Estacional,2016-05-02,2.9151065,XGBoost
HOBBIES_1_323,TX_3,Estacional,2016-05-03,2.6444004,XGBoost
HOBBIES_1_323,TX_3,Estacional,2016-05-04,2.824106,XGBoost
HOBBIES_1_323,TX_3,Estacional,2016-05-05,3.0747492,XGBoost
HOBBIES_1_323,TX_3,Estacional,2016-05-06,3.4509325,XGBoost
HOBBIES_1_323,TX_3,Estacional,2016-05-07,4.069066,XGBoost
HOBBIES_1_323,TX_3,Estacional,2016-05-08,3.8516276,XGBoost
HOBBIES_1_323,TX_3,Estacional,2016-05-09,2.8231254,XGBoost
HOBBIES_1_323,TX_3,Estacional,2016-05-10,2.4824054,XGBoost
HOBBIES_1_323,TX_3,Estacional,2016-05-11,2.7076695,XGBoost
HOBBIES_1_323,TX_3,Estacional,2016-05-12,2.932914,XGBoost
HOBBIES_1_323,TX_3,Estacional,2016-05-13,3.2911727,XGBoost
HOBBIES_1_323,TX_3,Estacional,2016-05-14,4.0461874,XGBoost
HOBBIES_1_323,TX_3,Estacional,2016-05-15,3.7360775,XGBoost
HOBBIES_1_323,TX_3,Estacional,2016-05-16,2.5602334,XGBoost
HOBBIES_1_323,TX_3,Estacional,2016-05-17,2.3837433,XGBoost
HOBBIES_1_323,TX_3,Estacional,2016-05-18,2.4786687,XGBoost
HOBBIES_1_323,TX_3,Estacional,2016-05-19,2.7636464,XGBoost
HOBBIES_1_323,TX_3,Estacional,2016-05-20,3.097855,XGBoost
HOBBIES_1_323,TX_3,Estacional,2016-05-21,4.0397367,XGBoost
HOBBIES_1_323,TX_3,Estacional,2016-05-22,3.7537615,XGBoost
HOBBIES_1_350,TX_3,Estacional,2016-04-25,0.6675707,XGBoost
HOBBIES_1_350,TX_3,Estacional,2016-04-26,0.65272015,XGBoost
HOBBIES_1_350,TX_3,Estacional,2016-04-27,0.6391838,XGBoost
HOBBIES_1_350,TX_3,Estacional,2016-04-28,0.5465199,XGBoost
HOBBIES_1_350,TX_3,Estacional,2016-04-29,0.73172766,XGBoost
HOBBIES_1_350,TX_3,Estacional,2016-04-30,0.87674963,XGBoost
HOBBIES_1_350,TX_3,Estacional,2016-05-01,0.82363564,XGBoost
HOBBIES_1_350,TX_3,Estacional,2016-05-02,0.7601698,XGBoost
HOBBIES_1_350,TX_3,Estacional,2016-05-03,0.65740037,XGBoost
HOBBIES_1_350,TX_3,Estacional,2016-05-04,0.7208377,XGBoost
HOBBIES_1_350,TX_3,Estacional,2016-05-05,0.6783691,XGBoost
HOBBIES_1_350,TX_3,Estacional,2016-05-06,0.8271346,XGBoost
HOBBIES_1_350,TX_3,Estacional,2016-05-07,1.0915387,XGBoost
HOBBIES_1_350,TX_3,Estacional,2016-05-08,0.99697226,XGBoost
HOBBIES_1_350,TX_3,Estacional,2016-05-09,0.75060445,XGBoost
HOBBIES_1_350,TX_3,Estacional,2016-05-10,0.6603676,XGBoost
HOBBIES_1_350,TX_3,Estacional,2016-05-11,0.65740037,XGBoost
HOBBIES_1_350,TX_3,Estacional,2016-05-12,0.67711896,XGBoost
HOBBIES_1_350,TX_3,Estacional,2016-05-13,0.8271346,XGBoost
HOBBIES_1_350,TX_3,Estacional,2016-05-14,1.0915387,XGBoost
HOBBIES_1_350,TX_3,Estacional,2016-05-15,1.0496914,XGBoost
HOBBIES_1_350,TX_3,Estacional,2016-05-16,0.75060445,XGBoost
HOBBIES_1_350,TX_3,Estacional,2016-05-17,0.6838702,XGBoost
HOBBIES_1_350,TX_3,Estacional,2016-05-18,0.64465594,XGBoost
HOBBIES_1_350,TX_3,Estacional,2016-05-19,0.67711896,XGBoost
HOBBIES_1_350,TX_3,Estacional,2016-05-20,0.8271346,XGBoost
HOBBIES_1_350,TX_3,Estacional,2016-05-21,1.0915387,XGBoost
HOBBIES_1_350,TX_3,Estacional,2016-05-22,1.0496914,XGBoost
HOUSEHOLD_1_075,TX_3,Estacional,2016-04-25,1.8057039,XGBoost
HOUSEHOLD_1_075,TX_3,Estacional,2016-04-26,1.6852177,XGBoost
HOUSEHOLD_1_075,TX_3,Estacional,2016-04-27,1.5008236,XGBoost
HOUSEHOLD_1_075,TX_3,Estacional,2016-04-28,1.5341173,XGBoost
HOUSEHOLD_1_075,TX_3,Estacional,2016-04-29,1.9533789,XGBoost
HOUSEHOLD_1_075,TX_3,Estacional,2016-04-30,2.3919883,XGBoost
HOUSEHOLD_1_075,TX_3,Estacional,2016-05-01,2.0991669,XGBoost
HOUSEHOLD_1_075,TX_3,Estacional,2016-05-02,1.7224724,XGBoost
HOUSEHOLD_1_075,TX_3,Estacional,2016-05-03,1.4974811,XGBoost
HOUSEHOLD_1_075,TX_3,Estacional,2016-05-04,1.433793,XGBoost
HOUSEHOLD_1_075,TX_3,Estacional,2016-05-05,1.519939,XGBoost
HOUSEHOLD_1_075,TX_3,Estacional,2016-05-06,1.8111134,XGBoost
HOUSEHOLD_1_075,TX_3,Estacional,2016-05-07,2.4269435,XGBoost
HOUSEHOLD_1_075,TX_3,Estacional,2016-05-08,2.25402,XGBoost
HOUSEHOLD_1_075,TX_3,Estacional,2016-05-09,1.626107,XGBoost
HOUSEHOLD_1_075,TX_3,Estacional,2016-05-10,1.379628,XGBoost
HOUSEHOLD_1_075,TX_3,Estacional,2016-05-11,1.3276696,XGBoost
HOUSEHOLD_1_075,TX_3,Estacional,2016-05-12,1.3810637,XGBoost
HOUSEHOLD_1_075,TX_3,Estacional,2016-05-13,1.6889497,XGBoost
HOUSEHOLD_1_075,TX_3,Estacional,2016-05-14,2.504559,XGBoost
HOUSEHOLD_1_075,TX_3,Estacional,2016-05-15,2.2612922,XGBoost
HOUSEHOLD_1_075,TX_3,Estacional,2016-05-16,1.571942,XGBoost
HOUSEHOLD_1_075,TX_3,Estacional,2016-05-17,1.347051,XGBoost
HOUSEHOLD_1_075,TX_3,Estacional,2016-05-18,1.3313395,XGBoost
HOUSEHOLD_1_075,TX_3,Estacional,2016-05-19,1.4680234,XGBoost
HOUSEHOLD_1_075,TX_3,Estacional,2016-05-20,1.6762053,XGBoost
HOUSEHOLD_1_075,TX_3,Estacional,2016-05-21,2.375777,XGBoost
HOUSEHOLD_1_075,TX_3,Estacional,2016-05-22,2.2545145,XGBoost
HOUSEHOLD_1_272,TX_3,Estacional,2016-04-25,3.6737123,XGBoost
HOUSEHOLD_1_272,TX_3,Estacional,2016-04-26,3.482215,XGBoost
HOUSEHOLD_1_272,TX_3,Estacional,2016-04-27,3.6792133,XGBoost
HOUSEHOLD_1_272,TX_3,Estacional,2016-04-28,3.1802607,XGBoost
HOUSEHOLD_1_272,TX_3,Estacional,2016-04-29,3.428604,XGBoost
HOUSEHOLD_1_272,TX_3,Estacional,2016-04-30,5.345567,XGBoost
HOUSEHOLD_1_272,TX_3,Estacional,2016-05-01,5.1511188,XGBoost
HOUSEHOLD_1_272,TX_3,Estacional,2016-05-02,3.3034415,XGBoost
HOUSEHOLD_1_272,TX_3,Estacional,2016-05-03,2.9778194,XGBoost
HOUSEHOLD_1_272,TX_3,Estacional,2016-05-04,3.3281143,XGBoost
HOUSEHOLD_1_272,TX_3,Estacional,2016-05-05,2.829749,XGBoost
HOUSEHOLD_1_272,TX_3,Estacional,2016-05-06,3.3803172,XGBoost
HOUSEHOLD_1_272,TX_3,Estacional,2016-05-07,4.843307,XGBoost
HOUSEHOLD_1_272,TX_3,Estacional,2016-05-08,4.6738753,XGBoost
HOUSEHOLD_1_272,TX_3,Estacional,2016-05-09,3.2912087,XGBoost
HOUSEHOLD_1_272,TX_3,Estacional,2016-05-10,2.8826523,XGBoost
HOUSEHOLD_1_272,TX_3,Estacional,2016-05-11,3.1939623,XGBoost
HOUSEHOLD_1_272,TX_3,Estacional,2016-05-12,2.8938582,XGBoost
HOUSEHOLD_1_272,TX_3,Estacional,2016-05-13,3.4884796,XGBoost
HOUSEHOLD_1_272,TX_3,Estacional,2016-05-14,4.917851,XGBoost
HOUSEHOLD_1_272,TX_3,Estacional,2016-05-15,4.8656955,XGBoost
HOUSEHOLD_1_272,TX_3,Estacional,2016-05-16,3.168704,XGBoost
HOUSEHOLD_1_272,TX_3,Estacional,2016-05-17,2.942277,XGBoost
HOUSEHOLD_1_272,TX_3,Estacional,2016-05-18,3.1725593,XGBoost
HOUSEHOLD_1_272,TX_3,Estacional,2016-05-19,2.89872,XGBoost
HOUSEHOLD_1_272,TX_3,Estacional,2016-05-20,3.5985498,XGBoost
HOUSEHOLD_1_272,TX_3,Estacional,2016-05-21,5.051743,XGBoost
HOUSEHOLD_1_272,TX_3,Estacional,2016-05-22,4.773409,XGBoost
HOUSEHOLD_1_373,TX_3,Estacional,2016-04-25,2.108851,XGBoost
HOUSEHOLD_1_373,TX_3,Estacional,2016-04-26,1.7930254,XGBoost
HOUSEHOLD_1_373,TX_3,Estacional,2016-04-27,1.8444161,XGBoost
HOUSEHOLD_1_373,TX_3,Estacional,2016-04-28,1.7863308,XGBoost
HOUSEHOLD_1_373,TX_3,Estacional,2016-04-29,2.8825045,XGBoost
HOUSEHOLD_1_373,TX_3,Estacional,2016-04-30,3.2022052,XGBoost
HOUSEHOLD_1_373,TX_3,Estacional,2016-05-01,2.9851596,XGBoost
HOUSEHOLD_1_373,TX_3,Estacional,2016-05-02,2.313025,XGBoost
HOUSEHOLD_1_373,TX_3,Estacional,2016-05-03,1.8075571,XGBoost
HOUSEHOLD_1_373,TX_3,Estacional,2016-05-04,1.8125439,XGBoost
HOUSEHOLD_1_373,TX_3,Estacional,2016-05-05,2.0333157,XGBoost
HOUSEHOLD_1_373,TX_3,Estacional,2016-05-06,2.7027588,XGBoost
HOUSEHOLD_1_373,TX_3,Estacional,2016-05-07,3.1662097,XGBoost
HOUSEHOLD_1_373,TX_3,Estacional,2016-05-08,2.7569528,XGBoost
HOUSEHOLD_1_373,TX_3,Estacional,2016-05-09,2.4315321,XGBoost
HOUSEHOLD_1_373,TX_3,Estacional,2016-05-10,1.8468078,XGBoost
HOUSEHOLD_1_373,TX_3,Estacional,2016-05-11,1.8258021,XGBoost
HOUSEHOLD_1_373,TX_3,Estacional,2016-05-12,1.7453355,XGBoost
HOUSEHOLD_1_373,TX_3,Estacional,2016-05-13,2.6931753,XGBoost
HOUSEHOLD_1_373,TX_3,Estacional,2016-05-14,3.1639745,XGBoost
HOUSEHOLD_1_373,TX_3,Estacional,2016-05-15,3.1914604,XGBoost
HOUSEHOLD_1_373,TX_3,Estacional,2016-05-16,1.9011859,XGBoost
HOUSEHOLD_1_373,TX_3,Estacional,2016-05-17,1.6519943,XGBoost
HOUSEHOLD_1_373,TX_3,Estacional,2016-05-18,1.8581042,XGBoost
HOUSEHOLD_1_373,TX_3,Estacional,2016-05-19,1.7398204,XGBoost
HOUSEHOLD_1_373,TX_3,Estacional,2016-05-20,2.3501823,XGBoost
HOUSEHOLD_1_373,TX_3,Estacional,2016-05-21,3.154414,XGBoost
HOUSEHOLD_1_373,TX_3,Estacional,2016-05-22,2.9414177,XGBoost
HOUSEHOLD_1_498,TX_3,Estacional,2016-04-25,1.9233361,XGBoost
HOUSEHOLD_1_498,TX_3,Estacional,2016-04-26,1.6053493,XGBoost
HOUSEHOLD_1_498,TX_3,Estacional,2016-04-27,1.5041424,XGBoost
HOUSEHOLD_1_498,TX_3,Estacional,2016-04-28,1.6197876,XGBoost
HOUSEHOLD_1_498,TX_3,Estacional,2016-04-29,1.9811254,XGBoost
HOUSEHOLD_1_498,TX_3,Estacional,2016-04-30,2.7884388,XGBoost
HOUSEHOLD_1_498,TX_3,Estacional,2016-05-01,2.5794833,XGBoost
HOUSEHOLD_1_498,TX_3,Estacional,2016-05-02,1.9323593,XGBoost
HOUSEHOLD_1_498,TX_3,Estacional,2016-05-03,1.4585927,XGBoost
HOUSEHOLD_1_498,TX_3,Estacional,2016-05-04,1.4545755,XGBoost
HOUSEHOLD_1_498,TX_3,Estacional,2016-05-05,1.5234505,XGBoost
HOUSEHOLD_1_498,TX_3,Estacional,2016-05-06,1.799927,XGBoost
HOUSEHOLD_1_498,TX_3,Estacional,2016-05-07,2.6240728,XGBoost
HOUSEHOLD_1_498,TX_3,Estacional,2016-05-08,2.3649006,XGBoost
HOUSEHOLD_1_498,TX_3,Estacional,2016-05-09,1.9577377,XGBoost
HOUSEHOLD_1_498,TX_3,Estacional,2016-05-10,1.4527781,XGBoost
HOUSEHOLD_1_498,TX_3,Estacional,2016-05-11,1.5227191,XGBoost
HOUSEHOLD_1_498,TX_3,Estacional,2016-05-12,1.544424,XGBoost
HOUSEHOLD_1_498,TX_3,Estacional,2016-05-13,1.7452054,XGBoost
HOUSEHOLD_1_498,TX_3,Estacional,2016-05-14,2.47011,XGBoost
HOUSEHOLD_1_498,TX_3,Estacional,2016-05-15,2.4668202,XGBoost
HOUSEHOLD_1_498,TX_3,Estacional,2016-05-16,1.748662,XGBoost
HOUSEHOLD_1_498,TX_3,Estacional,2016-05-17,1.3899375,XGBoost
HOUSEHOLD_1_498,TX_3,Estacional,2016-05-18,1.4044029,XGBoost
HOUSEHOLD_1_498,TX_3,Estacional,2016-05-19,1.4616147,XGBoost
HOUSEHOLD_1_498,TX_3,Estacional,2016-05-20,1.7779459,XGBoost
HOUSEHOLD_1_498,TX_3,Estacional,2016-05-21,2.4872804,XGBoost
HOUSEHOLD_1_498,TX_3,Estacional,2016-05-22,2.449777,XGBoost
HOUSEHOLD_1_528,TX_3,Estacional,2016-04-25,0.6497506,XGBoost
HOUSEHOLD_1_528,TX_3,Estacional,2016-04-26,0.47728845,XGBoost
HOUSEHOLD_1_528,TX_3,Estacional,2016-04-27,0.54885036,XGBoost
HOUSEHOLD_1_528,TX_3,Estacional,2016-04-28,0.5097514,XGBoost
HOUSEHOLD_1_528,TX_3,Estacional,2016-04-29,0.67568547,XGBoost
HOUSEHOLD_1_528,TX_3,Estacional,2016-04-30,0.8886392,XGBoost
HOUSEHOLD_1_528,TX_3,Estacional,2016-05-01,1.0039781,XGBoost
HOUSEHOLD_1_528,TX_3,Estacional,2016-05-02,0.71444005,XGBoost
HOUSEHOLD_1_528,TX_3,Estacional,2016-05-03,0.60849166,XGBoost
HOUSEHOLD_1_528,TX_3,Estacional,2016-05-04,0.60849166,XGBoost
HOUSEHOLD_1_528,TX_3,Estacional,2016-05-05,0.6783691,XGBoost
HOUSEHOLD_1_528,TX_3,Estacional,2016-05-06,0.84159994,XGBoost
HOUSEHOLD_1_528,TX_3,Estacional,2016-05-07,1.275415,XGBoost
HOUSEHOLD_1_528,TX_3,Estacional,2016-05-08,1.0097167,XGBoost
HOUSEHOLD_1_528,TX_3,Estacional,2016-05-09,0.7998983,XGBoost
HOUSEHOLD_1_528,TX_3,Estacional,2016-05-10,0.6794845,XGBoost
HOUSEHOLD_1_528,TX_3,Estacional,2016-05-11,0.6794845,XGBoost
HOUSEHOLD_1_528,TX_3,Estacional,2016-05-12,0.7119475,XGBoost
HOUSEHOLD_1_528,TX_3,Estacional,2016-05-13,0.86196303,XGBoost
HOUSEHOLD_1_528,TX_3,Estacional,2016-05-14,1.403257,XGBoost
HOUSEHOLD_1_528,TX_3,Estacional,2016-05-15,1.1002316,XGBoost
HOUSEHOLD_1_528,TX_3,Estacional,2016-05-16,0.7854329,XGBoost
HOUSEHOLD_1_528,TX_3,Estacional,2016-05-17,0.6920838,XGBoost
HOUSEHOLD_1_528,TX_3,Estacional,2016-05-18,0.6920838,XGBoost
HOUSEHOLD_1_528,TX_3,Estacional,2016-05-19,0.7245468,XGBoost
HOUSEHOLD_1_528,TX_3,Estacional,2016-05-20,0.8745623,XGBoost
HOUSEHOLD_1_528,TX_3,Estacional,2016-05-21,1.1732346,XGBoost
HOUSEHOLD_1_528,TX_3,Estacional,2016-05-22,1.1600645,XGBoost
FOODS_1_152,TX_3,Estacional,2016-04-25,0.42602205,XGBoost
FOODS_1_152,TX_3,Estacional,2016-04-26,0.4358653,XGBoost
FOODS_1_152,TX_3,Estacional,2016-04-27,0.36319387,XGBoost
FOODS_1_152,TX_3,Estacional,2016-04-28,0.69807345,XGBoost
FOODS_1_152,TX_3,Estacional,2016-04-29,0.83466804,XGBoost
FOODS_1_152,TX_3,Estacional,2016-04-30,1.453689,XGBoost
FOODS_1_152,TX_3,Estacional,2016-05-01,1.465865,XGBoost
FOODS_1_152,TX_3,Estacional,2016-05-02,0.98512375,XGBoost
FOODS_1_152,TX_3,Estacional,2016-05-03,0.80502886,XGBoost
FOODS_1_152,TX_3,Estacional,2016-05-04,0.828384,XGBoost
FOODS_1_152,TX_3,Estacional,2016-05-05,0.9060937,XGBoost
FOODS_1_152,TX_3,Estacional,2016-05-06,1.1239325,XGBoost
FOODS_1_152,TX_3,Estacional,2016-05-07,1.6287065,XGBoost
FOODS_1_152,TX_3,Estacional,2016-05-08,1.4634948,XGBoost
FOODS_1_152,TX_3,Estacional,2016-05-09,1.1190466,XGBoost
FOODS_1_152,TX_3,Estacional,2016-05-10,0.9233492,XGBoost
FOODS_1_152,TX_3,Estacional,2016-05-11,0.8562636,XGBoost
FOODS_1_152,TX_3,Estacional,2016-05-12,0.89692754,XGBoost
FOODS_1_152,TX_3,Estacional,2016-05-13,1.163839,XGBoost
FOODS_1_152,TX_3,Estacional,2016-05-14,1.5457553,XGBoost
FOODS_1_152,TX_3,Estacional,2016-05-15,1.3553096,XGBoost
FOODS_1_152,TX_3,Estacional,2016-05-16,0.98424095,XGBoost
FOODS_1_152,TX_3,Estacional,2016-05-17,0.91750675,XGBoost
FOODS_1_152,TX_3,Estacional,2016-05-18,0.8927579,XGBoost
FOODS_1_152,TX_3,Estacional,2016-05-19,0.9252209,XGBoost
FOODS_1_152,TX_3,Estacional,2016-05-20,1.0898621,XGBoost
FOODS_1_152,TX_3,Estacional,2016-05-21,1.8124461,XGBoost
FOODS_1_152,TX_3,Estacional,2016-05-22,1.597319,XGBoost
FOODS_3_163,TX_3,Estacional,2016-04-25,1.5189413,XGBoost
FOODS_3_163,TX_3,Estacional,2016-04-26,1.4144851,XGBoost
FOODS_3_163,TX_3,Estacional,2016-04-27,1.56258,XGBoost
FOODS_3_163,TX_3,Estacional,2016-04-28,1.2117795,XGBoost
FOODS_3_163,TX_3,Estacional,2016-04-29,1.4587194,XGBoost
FOODS_3_163,TX_3,Estacional,2016-04-30,1.9896879,XGBoost
FOODS_3_163,TX_3,Estacional,2016-05-01,2.0043795,XGBoost
FOODS_3_163,TX_3,Estacional,2016-05-02,1.5366592,XGBoost
FOODS_3_163,TX_3,Estacional,2016-05-03,1.1224378,XGBoost
FOODS_3_163,TX_3,Estacional,2016-05-04,1.2915597,XGBoost
FOODS_3_163,TX_3,Estacional,2016-05-05,1.2870817,XGBoost
FOODS_3_163,TX_3,Estacional,2016-05-06,1.4588941,XGBoost
FOODS_3_163,TX_3,Estacional,2016-05-07,2.0706494,XGBoost
FOODS_3_163,TX_3,Estacional,2016-05-08,1.9992559,XGBoost
FOODS_3_163,TX_3,Estacional,2016-05-09,1.5419819,XGBoost
FOODS_3_163,TX_3,Estacional,2016-05-10,1.3439227,XGBoost
FOODS_3_163,TX_3,Estacional,2016-05-11,1.272644,XGBoost
FOODS_3_163,TX_3,Estacional,2016-05-12,1.2422278,XGBoost
FOODS_3_163,TX_3,Estacional,2016-05-13,1.4516629,XGBoost
FOODS_3_163,TX_3,Estacional,2016-05-14,2.1367924,XGBoost
FOODS_3_163,TX_3,Estacional,2016-05-15,2.1519814,XGBoost
FOODS_3_163,TX_3,Estacional,2016-05-16,1.3921635,XGBoost
FOODS_3_163,TX_3,Estacional,2016-05-17,1.3958207,XGBoost
FOODS_3_163,TX_3,Estacional,2016-05-18,1.4440506,XGBoost
FOODS_3_163,TX_3,Estacional,2016-05-19,1.2567377,XGBoost
FOODS_3_163,TX_3,Estacional,2016-05-20,1.5288855,XGBoost
FOODS_3_163,TX_3,Estacional,2016-05-21,2.0839822,XGBoost
FOODS_3_163,TX_3,Estacional,2016-05-22,2.0407312,XGBoost
FOODS_3_228,TX_3,Estacional,2016-04-25,4.518827,XGBoost
FOODS_3_228,TX_3,Estacional,2016-04-26,4.537086,XGBoost
FOODS_3_228,TX_3,Estacional,2016-04-27,4.1485176,XGBoost
FOODS_3_228,TX_3,Estacional,2016-04-28,4.721843,XGBoost
FOODS_3_228,TX_3,Estacional,2016-04-29,6.3002152,XGBoost
FOODS_3_228,TX_3,Estacional,2016-04-30,6.596214,XGBoost
FOODS_3_228,TX_3,Estacional,2016-05-01,6.69872,XGBoost
FOODS_3_228,TX_3,Estacional,2016-05-02,4.3608427,XGBoost
FOODS_3_228,TX_3,Estacional,2016-05-03,4.4945507,XGBoost
FOODS_3_228,TX_3,Estacional,2016-05-04,4.2933135,XGBoost
FOODS_3_228,TX_3,Estacional,2016-05-05,4.4296565,XGBoost
FOODS_3_228,TX_3,Estacional,2016-05-06,5.508666,XGBoost
FOODS_3_228,TX_3,Estacional,2016-05-07,6.579586,XGBoost
FOODS_3_228,TX_3,Estacional,2016-05-08,6.433347,XGBoost
FOODS_3_228,TX_3,Estacional,2016-05-09,4.1131945,XGBoost
FOODS_3_228,TX_3,Estacional,2016-05-10,4.028711,XGBoost
FOODS_3_228,TX_3,Estacional,2016-05-11,3.793972,XGBoost
FOODS_3_228,TX_3,Estacional,2016-05-12,3.9165068,XGBoost
FOODS_3_228,TX_3,Estacional,2016-05-13,5.142489,XGBoost
FOODS_3_228,TX_3,Estacional,2016-05-14,6.1437244,XGBoost
FOODS_3_228,TX_3,Estacional,2016-05-15,6.1627254,XGBoost
FOODS_3_228,TX_3,Estacional,2016-05-16,4.154966,XGBoost
FOODS_3_228,TX_3,Estacional,2016-05-17,4.323256,XGBoost
FOODS_3_228,TX_3,Estacional,2016-05-18,3.9132802,XGBoost
FOODS_3_228,TX_3,Estacional,2016-05-19,4.019398,XGBoost
FOODS_3_228,TX_3,Estacional,2016-05-20,5.7116933,XGBoost
FOODS_3_228,TX_3,Estacional,2016-05-21,6.313124,XGBoost
FOODS_3_228,TX_3,Estacional,2016-05-22,6.4360685,XGBoost
FOODS_3_230,TX_3,Estacional,2016-04-25,2.4981773,XGBoost
FOODS_3_230,TX_3,Estacional,2016-04-26,2.5031753,XGBoost
FOODS_3_230,TX_3,Estacional,2016-04-27,2.7375908,XGBoost
FOODS_3_230,TX_3,Estacional,2016-04-28,2.4864006,XGBoost
FOODS_3_230,TX_3,Estacional,2016-04-29,3.6660223,XGBoost
FOODS_3_230,TX_3,Estacional,2016-04-30,4.0622325,XGBoost
FOODS_3_230,TX_3,Estacional,2016-05-01,3.8151338,XGBoost
FOODS_3_230,TX_3,Estacional,2016-05-02,2.595498,XGBoost
FOODS_3_230,TX_3,Estacional,2016-05-03,2.3581634,XGBoost
FOODS_3_230,TX_3,Estacional,2016-05-04,2.595205,XGBoost
FOODS_3_230,TX_3,Estacional,2016-05-05,2.4326727,XGBoost
FOODS_3_230,TX_3,Estacional,2016-05-06,3.642593,XGBoost
FOODS_3_230,TX_3,Estacional,2016-05-07,4.061001,XGBoost
FOODS_3_230,TX_3,Estacional,2016-05-08,3.6535273,XGBoost
FOODS_3_230,TX_3,Estacional,2016-05-09,2.6374896,XGBoost
FOODS_3_230,TX_3,Estacional,2016-05-10,2.3708246,XGBoost
FOODS_3_230,TX_3,Estacional,2016-05-11,2.6718209,XGBoost
FOODS_3_230,TX_3,Estacional,2016-05-12,2.4046316,XGBoost
FOODS_3_230,TX_3,Estacional,2016-05-13,3.337589,XGBoost
FOODS_3_230,TX_3,Estacional,2016-05-14,3.9640026,XGBoost
FOODS_3_230,TX_3,Estacional,2016-05-15,3.7474344,XGBoost
FOODS_3_230,TX_3,Estacional,2016-05-16,2.506799,XGBoost
FOODS_3_230,TX_3,Estacional,2016-05-17,2.4759011,XGBoost
FOODS_3_230,TX_3,Estacional,2016-05-18,2.7030358,XGBoost
FOODS_3_230,TX_3,Estacional,2016-05-19,2.423849,XGBoost
FOODS_3_230,TX_3,Estacional,2016-05-20,3.1640182,XGBoost
FOODS_3_230,TX_3,Estacional,2016-05-21,4.0604043,XGBoost
FOODS_3_230,TX_3,Estacional,2016-05-22,3.8328485,XGBoost
FOODS_3_252,TX_3,Estacional,2016-04-25,29.701056,XGBoost
FOODS_3_252,TX_3,Estacional,2016-04-26,28.195698,XGBoost
FOODS_3_252,TX_3,Estacional,2016-04-27,27.004711,XGBoost
FOODS_3_252,TX_3,Estacional,2016-04-28,31.026133,XGBoost
FOODS_3_252,TX_3,Estacional,2016-04-29,38.73443,XGBoost
FOODS_3_252,TX_3,Estacional,2016-04-30,45.97755,XGBoost
FOODS_3_252,TX_3,Estacional,2016-05-01,39.145847,XGBoost
FOODS_3_252,TX_3,Estacional,2016-05-02,30.076286,XGBoost
FOODS_3_252,TX_3,Estacional,2016-05-03,29.451693,XGBoost
FOODS_3_252,TX_3,Estacional,2016-05-04,28.934685,XGBoost
FOODS_3_252,TX_3,Estacional,2016-05-05,32.53167,XGBoost
FOODS_3_252,TX_3,Estacional,2016-05-06,36.99186,XGBoost
FOODS_3_252,TX_3,Estacional,2016-05-07,48.40341,XGBoost
FOODS_3_252,TX_3,Estacional,2016-05-08,40.063076,XGBoost
FOODS_3_252,TX_3,Estacional,2016-05-09,32.534187,XGBoost
FOODS_3_252,TX_3,Estacional,2016-05-10,31.599508,XGBoost
FOODS_3_252,TX_3,Estacional,2016-05-11,32.681194,XGBoost
FOODS_3_252,TX_3,Estacional,2016-05-12,32.74109,XGBoost
FOODS_3_252,TX_3,Estacional,2016-05-13,38.93717,XGBoost
FOODS_3_252,TX_3,Estacional,2016-05-14,46.652615,XGBoost
FOODS_3_252,TX_3,Estacional,2016-05-15,41.294743,XGBoost
FOODS_3_252,TX_3,Estacional,2016-05-16,31.926506,XGBoost
FOODS_3_252,TX_3,Estacional,2016-05-17,33.284695,XGBoost
FOODS_3_252,TX_3,Estacional,2016-05-18,29.561789,XGBoost
FOODS_3_252,TX_3,Estacional,2016-05-19,30.692068,XGBoost
FOODS_3_252,TX_3,Estacional,2016-05-20,38.75341,XGBoost
FOODS_3_252,TX_3,Estacional,2016-05-21,47.265175,XGBoost
FOODS_3_252,TX_3,Estacional,2016-05-22,41.81606,XGBoost
FOODS_3_276,TX_3,Estacional,2016-04-25,0.16073582,XGBoost
FOODS_3_276,TX_3,Estacional,2016-04-26,0.035254173,XGBoost
FOODS_3_276,TX_3,Estacional,2016-04-27,0.07002874,XGBoost
FOODS_3_276,TX_3,Estacional,2016-04-28,0.102491744,XGBoost
FOODS_3_276,TX_3,Estacional,2016-04-29,0.15480083,XGBoost
FOODS_3_276,TX_3,Estacional,2016-04-30,0.17536183,XGBoost
FOODS_3_276,TX_3,Estacional,2016-05-01,0.087473325,XGBoost
FOODS_3_276,TX_3,Estacional,2016-05-02,0.15504894,XGBoost
FOODS_3_276,TX_3,Estacional,2016-05-03,0.076467775,XGBoost
FOODS_3_276,TX_3,Estacional,2016-05-04,0.076467775,XGBoost
FOODS_3_276,TX_3,Estacional,2016-05-05,0.10637989,XGBoost
FOODS_3_276,TX_3,Estacional,2016-05-06,0.16123988,XGBoost
FOODS_3_276,TX_3,Estacional,2016-05-07,0.19174369,XGBoost
FOODS_3_276,TX_3,Estacional,2016-05-08,0.07252763,XGBoost
FOODS_3_276,TX_3,Estacional,2016-05-09,0.1489805,XGBoost
FOODS_3_276,TX_3,Estacional,2016-05-10,0.07039933,XGBoost
FOODS_3_276,TX_3,Estacional,2016-05-11,0.07039933,XGBoost
FOODS_3_276,TX_3,Estacional,2016-05-12,0.10286235,XGBoost
FOODS_3_276,TX_3,Estacional,2016-05-13,0.15517144,XGBoost
FOODS_3_276,TX_3,Estacional,2016-05-14,0.18567525,XGBoost
FOODS_3_276,TX_3,Estacional,2016-05-15,0.14382768,XGBoost
FOODS_3_276,TX_3,Estacional,2016-05-16,0.1489805,XGBoost
FOODS_3_276,TX_3,Estacional,2016-05-17,0.07039933,XGBoost
FOODS_3_276,TX_3,Estacional,2016-05-18,0.07039933,XGBoost
FOODS_3_276,TX_3,Estacional,2016-05-19,0.10286235,XGBoost
FOODS_3_276,TX_3,Estacional,2016-05-20,0.15517144,XGBoost
FOODS_3_276,TX_3,Estacional,2016-05-21,0.18567525,XGBoost
FOODS_3_276,TX_3,Estacional,2016-05-22,0.14382768,XGBoost
FOODS_3_295,TX_3,Estacional,2016-04-25,6.065227,XGBoost
FOODS_3_295,TX_3,Estacional,2016-04-26,5.7388153,XGBoost
FOODS_3_295,TX_3,Estacional,2016-04-27,5.176011,XGBoost
FOODS_3_295,TX_3,Estacional,2016-04-28,6.2951508,XGBoost
FOODS_3_295,TX_3,Estacional,2016-04-29,5.909266,XGBoost
FOODS_3_295,TX_3,Estacional,2016-04-30,6.8473353,XGBoost
FOODS_3_295,TX_3,Estacional,2016-05-01,8.150593,XGBoost
FOODS_3_295,TX_3,Estacional,2016-05-02,5.7928367,XGBoost
FOODS_3_295,TX_3,Estacional,2016-05-03,5.7864647,XGBoost
FOODS_3_295,TX_3,Estacional,2016-05-04,5.2546005,XGBoost
FOODS_3_295,TX_3,Estacional,2016-05-05,6.03252,XGBoost
FOODS_3_295,TX_3,Estacional,2016-05-06,6.1734967,XGBoost
FOODS_3_295,TX_3,Estacional,2016-05-07,7.88487,XGBoost
FOODS_3_295,TX_3,Estacional,2016-05-08,8.017041,XGBoost
FOODS_3_295,TX_3,Estacional,2016-05-09,6.0838795,XGBoost
FOODS_3_295,TX_3,Estacional,2016-05-10,6.007607,XGBoost
FOODS_3_295,TX_3,Estacional,2016-05-11,5.255769,XGBoost
FOODS_3_295,TX_3,Estacional,2016-05-12,5.8511615,XGBoost
FOODS_3_295,TX_3,Estacional,2016-05-13,6.2492166,XGBoost
FOODS_3_295,TX_3,Estacional,2016-05-14,7.9127483,XGBoost
FOODS_3_295,TX_3,Estacional,2016-05-15,7.934361,XGBoost
FOODS_3_295,TX_3,Estacional,2016-05-16,5.9680085,XGBoost
FOODS_3_295,TX_3,Estacional,2016-05-17,5.5353346,XGBoost
FOODS_3_295,TX_3,Estacional,2016-05-18,5.336016,XGBoost
FOODS_3_295,TX_3,Estacional,2016-05-19,5.6409583,XGBoost
FOODS_3_295,TX_3,Estacional,2016-05-20,6.2368493,XGBoost
FOODS_3_295,TX_3,Estacional,2016-05-21,7.329473,XGBoost
FOODS_3_295,TX_3,Estacional,2016-05-22,8.17657,XGBoost
FOODS_3_304,TX_3,Estacional,2016-04-25,1.1738069,XGBoost
FOODS_3_304,TX_3,Estacional,2016-04-26,1.2054218,XGBoost
FOODS_3_304,TX_3,Estacional,2016-04-27,1.0909344,XGBoost
FOODS_3_304,TX_3,Estacional,2016-04-28,1.123795,XGBoost
FOODS_3_304,TX_3,Estacional,2016-04-29,1.3929572,XGBoost
FOODS_3_304,TX_3,Estacional,2016-04-30,1.8147479,XGBoost
FOODS_3_304,TX_3,Estacional,2016-05-01,2.0058994,XGBoost
FOODS_3_304,TX_3,Estacional,2016-05-02,1.278553,XGBoost
FOODS_3_304,TX_3,Estacional,2016-05-03,1.1687999,XGBoost
FOODS_3_304,TX_3,Estacional,2016-05-04,1.2380748,XGBoost
FOODS_3_304,TX_3,Estacional,2016-05-05,1.1956998,XGBoost
FOODS_3_304,TX_3,Estacional,2016-05-06,1.4027231,XGBoost
FOODS_3_304,TX_3,Estacional,2016-05-07,2.070794,XGBoost
FOODS_3_304,TX_3,Estacional,2016-05-08,2.1781597,XGBoost
FOODS_3_304,TX_3,Estacional,2016-05-09,1.3904037,XGBoost
FOODS_3_304,TX_3,Estacional,2016-05-10,1.2091752,XGBoost
FOODS_3_304,TX_3,Estacional,2016-05-11,1.0192093,XGBoost
FOODS_3_304,TX_3,Estacional,2016-05-12,1.1003278,XGBoost
FOODS_3_304,TX_3,Estacional,2016-05-13,1.3225073,XGBoost
FOODS_3_304,TX_3,Estacional,2016-05-14,1.8645588,XGBoost
FOODS_3_304,TX_3,Estacional,2016-05-15,2.1119268,XGBoost
FOODS_3_304,TX_3,Estacional,2016-05-16,1.1897811,XGBoost
FOODS_3_304,TX_3,Estacional,2016-05-17,1.1398629,XGBoost
FOODS_3_304,TX_3,Estacional,2016-05-18,1.0021355,XGBoost
FOODS_3_304,TX_3,Estacional,2016-05-19,1.0345986,XGBoost
FOODS_3_304,TX_3,Estacional,2016-05-20,1.1992391,XGBoost
FOODS_3_304,TX_3,Estacional,2016-05-21,1.8938016,XGBoost
FOODS_3_304,TX_3,Estacional,2016-05-22,1.9499342,XGBoost
FOODS_3_363,TX_3,Estacional,2016-04-25,0.23288253,XGBoost
FOODS_3_363,TX_3,Estacional,2016-04-26,0.1274835,XGBoost
FOODS_3_363,TX_3,Estacional,2016-04-27,0.15430139,XGBoost
FOODS_3_363,TX_3,Estacional,2016-04-28,0.18676439,XGBoost
FOODS_3_363,TX_3,Estacional,2016-04-29,0.30977243,XGBoost
FOODS_3_363,TX_3,Estacional,2016-04-30,0.7788139,XGBoost
FOODS_3_363,TX_3,Estacional,2016-05-01,0.6199573,XGBoost
FOODS_3_363,TX_3,Estacional,2016-05-02,0.7495475,XGBoost
FOODS_3_363,TX_3,Estacional,2016-05-03,0.49964535,XGBoost
FOODS_3_363,TX_3,Estacional,2016-05-04,0.5733346,XGBoost
FOODS_3_363,TX_3,Estacional,2016-05-05,0.60704774,XGBoost
FOODS_3_363,TX_3,Estacional,2016-05-06,0.8591552,XGBoost
FOODS_3_363,TX_3,Estacional,2016-05-07,0.9406577,XGBoost
FOODS_3_363,TX_3,Estacional,2016-05-08,0.846091,XGBoost
FOODS_3_363,TX_3,Estacional,2016-05-09,0.7506395,XGBoost
FOODS_3_363,TX_3,Estacional,2016-05-10,0.71284103,XGBoost
FOODS_3_363,TX_3,Estacional,2016-05-11,0.60986257,XGBoost
FOODS_3_363,TX_3,Estacional,2016-05-12,0.8328484,XGBoost
FOODS_3_363,TX_3,Estacional,2016-05-13,1.0069569,XGBoost
FOODS_3_363,TX_3,Estacional,2016-05-14,1.0191479,XGBoost
FOODS_3_363,TX_3,Estacional,2016-05-15,0.9773006,XGBoost
FOODS_3_363,TX_3,Estacional,2016-05-16,0.7158111,XGBoost
FOODS_3_363,TX_3,Estacional,2016-05-17,0.6780125,XGBoost
FOODS_3_363,TX_3,Estacional,2016-05-18,0.60986257,XGBoost
FOODS_3_363,TX_3,Estacional,2016-05-19,0.6546988,XGBoost
FOODS_3_363,TX_3,Estacional,2016-05-20,0.9952373,XGBoost
FOODS_3_363,TX_3,Estacional,2016-05-21,1.2165477,XGBoost
FOODS_3_363,TX_3,Estacional,2016-05-22,1.0496914,XGBoost
FOODS_3_406,TX_3,Estacional,2016-04-25,2.7186751,XGBoost
FOODS_3_406,TX_3,Estacional,2016-04-26,2.4624987,XGBoost
FOODS_3_406,TX_3,Estacional,2016-04-27,2.0428023,XGBoost
FOODS_3_406,TX_3,Estacional,2016-04-28,2.178823,XGBoost
FOODS_3_406,TX_3,Estacional,2016-04-29,2.754794,XGBoost
FOODS_3_406,TX_3,Estacional,2016-04-30,4.2313094,XGBoost
FOODS_3_406,TX_3,Estacional,2016-05-01,4.0297604,XGBoost
FOODS_3_406,TX_3,Estacional,2016-05-02,2.7974412,XGBoost
FOODS_3_406,TX_3,Estacional,2016-05-03,2.4655166,XGBoost
FOODS_3_406,TX_3,Estacional,2016-05-04,2.4422095,XGBoost
FOODS_3_406,TX_3,Estacional,2016-05-05,2.3378825,XGBoost
FOODS_3_406,TX_3,Estacional,2016-05-06,2.7519739,XGBoost
FOODS_3_406,TX_3,Estacional,2016-05-07,4.1057076,XGBoost
FOODS_3_406,TX_3,Estacional,2016-05-08,4.121774,XGBoost
FOODS_3_406,TX_3,Estacional,2016-05-09,2.7661176,XGBoost
FOODS_3_406,TX_3,Estacional,2016-05-10,2.5443413,XGBoost
FOODS_3_406,TX_3,Estacional,2016-05-11,2.315901,XGBoost
FOODS_3_406,TX_3,Estacional,2016-05-12,2.2323864,XGBoost
FOODS_3_406,TX_3,Estacional,2016-05-13,2.6643684,XGBoost
FOODS_3_406,TX_3,Estacional,2016-05-14,3.9904814,XGBoost
FOODS_3_406,TX_3,Estacional,2016-05-15,4.014839,XGBoost
FOODS_3_406,TX_3,Estacional,2016-05-16,2.5458703,XGBoost
FOODS_3_406,TX_3,Estacional,2016-05-17,2.395706,XGBoost
FOODS_3_406,TX_3,Estacional,2016-05-18,2.1479607,XGBoost
FOODS_3_406,TX_3,Estacional,2016-05-19,2.2209969,XGBoost
FOODS_3_406,TX_3,Estacional,2016-05-20,2.6382744,XGBoost
FOODS_3_406,TX_3,Estacional,2016-05-21,3.8758147,XGBoost
FOODS_3_406,TX_3,Estacional,2016-05-22,4.097141,XGBoost
FOODS_3_407,TX_3,Estacional,2016-04-25,1.3546734,XGBoost
FOODS_3_407,TX_3,Estacional,2016-04-26,0.9176645,XGBoost
FOODS_3_407,TX_3,Estacional,2016-04-27,0.75428176,XGBoost
FOODS_3_407,TX_3,Estacional,2016-04-28,0.83870333,XGBoost
FOODS_3_407,TX_3,Estacional,2016-04-29,0.981555,XGBoost
FOODS_3_407,TX_3,Estacional,2016-04-30,1.3580455,XGBoost
FOODS_3_407,TX_3,Estacional,2016-05-01,1.458412,XGBoost
FOODS_3_407,TX_3,Estacional,2016-05-02,1.1414264,XGBoost
FOODS_3_407,TX_3,Estacional,2016-05-03,0.8409651,XGBoost
FOODS_3_407,TX_3,Estacional,2016-05-04,0.7728154,XGBoost
FOODS_3_407,TX_3,Estacional,2016-05-05,0.80652857,XGBoost
FOODS_3_407,TX_3,Estacional,2016-05-06,0.95529383,XGBoost
FOODS_3_407,TX_3,Estacional,2016-05-07,1.3966019,XGBoost
FOODS_3_407,TX_3,Estacional,2016-05-08,1.3089588,XGBoost
FOODS_3_407,TX_3,Estacional,2016-05-09,1.0254292,XGBoost
FOODS_3_407,TX_3,Estacional,2016-05-10,0.7993725,XGBoost
FOODS_3_407,TX_3,Estacional,2016-05-11,0.7993725,XGBoost
FOODS_3_407,TX_3,Estacional,2016-05-12,0.84630084,XGBoost
FOODS_3_407,TX_3,Estacional,2016-05-13,0.9818509,XGBoost
FOODS_3_407,TX_3,Estacional,2016-05-14,1.3496748,XGBoost
FOODS_3_407,TX_3,Estacional,2016-05-15,1.3205719,XGBoost
FOODS_3_407,TX_3,Estacional,2016-05-16,1.1396521,XGBoost
FOODS_3_407,TX_3,Estacional,2016-05-17,0.7993725,XGBoost
FOODS_3_407,TX_3,Estacional,2016-05-18,0.7993725,XGBoost
FOODS_3_407,TX_3,Estacional,2016-05-19,0.8999853,XGBoost
FOODS_3_407,TX_3,Estacional,2016-05-20,0.9818509,XGBoost
FOODS_3_407,TX_3,Estacional,2016-05-21,1.4528881,XGBoost
FOODS_3_407,TX_3,Estacional,2016-05-22,1.4267524,XGBoost
FOODS_3_534,TX_3,Estacional,2016-04-25,0.8177247,XGBoost
FOODS_3_534,TX_3,Estacional,2016-04-26,0.6550353,XGBoost
FOODS_3_534,TX_3,Estacional,2016-04-27,0.6550353,XGBoost
FOODS_3_534,TX_3,Estacional,2016-04-28,0.9090862,XGBoost
FOODS_3_534,TX_3,Estacional,2016-04-29,0.8013496,XGBoost
FOODS_3_534,TX_3,Estacional,2016-04-30,1.000052,XGBoost
FOODS_3_534,TX_3,Estacional,2016-05-01,0.9653494,XGBoost
FOODS_3_534,TX_3,Estacional,2016-05-02,0.79803216,XGBoost
FOODS_3_534,TX_3,Estacional,2016-05-03,0.6920838,XGBoost
FOODS_3_534,TX_3,Estacional,2016-05-04,0.6920838,XGBoost
FOODS_3_534,TX_3,Estacional,2016-05-05,0.891074,XGBoost
FOODS_3_534,TX_3,Estacional,2016-05-06,0.86196303,XGBoost
FOODS_3_534,TX_3,Estacional,2016-05-07,1.2050239,XGBoost
FOODS_3_534,TX_3,Estacional,2016-05-08,1.0444005,XGBoost
FOODS_3_534,TX_3,Estacional,2016-05-09,0.8124976,XGBoost
FOODS_3_534,TX_3,Estacional,2016-05-10,0.6920838,XGBoost
FOODS_3_534,TX_3,Estacional,2016-05-11,0.6920838,XGBoost
FOODS_3_534,TX_3,Estacional,2016-05-12,0.7241106,XGBoost
FOODS_3_534,TX_3,Estacional,2016-05-13,0.86196303,XGBoost
FOODS_3_534,TX_3,Estacional,2016-05-14,1.1893123,XGBoost
FOODS_3_534,TX_3,Estacional,2016-05-15,1.0845201,XGBoost
FOODS_3_534,TX_3,Estacional,2016-05-16,0.82458925,XGBoost
FOODS_3_534,TX_3,Estacional,2016-05-17,0.6920838,XGBoost
FOODS_3_534,TX_3,Estacional,2016-05-18,0.6920838,XGBoost
FOODS_3_534,TX_3,Estacional,2016-05-19,0.82187647,XGBoost
FOODS_3_534,TX_3,Estacional,2016-05-20,0.8745623,XGBoost
FOODS_3_534,TX_3,Estacional,2016-05-21,1.1389667,XGBoost
FOODS_3_534,TX_3,Estacional,2016-05-22,1.0971195,XGBoost
FOODS_3_555,TX_3,Estacional,2016-04-25,23.761147,XGBoost
FOODS_3_555,TX_3,Estacional,2016-04-26,24.007998,XGBoost
FOODS_3_555,TX_3,Estacional,2016-04-27,24.347574,XGBoost
FOODS_3_555,TX_3,Estacional,2016-04-28,25.239687,XGBoost
FOODS_3_555,TX_3,Estacional,2016-04-29,30.88967,XGBoost
FOODS_3_555,TX_3,Estacional,2016-04-30,35.971436,XGBoost
FOODS_3_555,TX_3,Estacional,2016-05-01,33.601677,XGBoost
FOODS_3_555,TX_3,Estacional,2016-05-02,24.293375,XGBoost
FOODS_3_555,TX_3,Estacional,2016-05-03,23.590143,XGBoost
FOODS_3_555,TX_3,Estacional,2016-05-04,22.908262,XGBoost
FOODS_3_555,TX_3,Estacional,2016-05-05,26.266172,XGBoost
FOODS_3_555,TX_3,Estacional,2016-05-06,29.28607,XGBoost
FOODS_3_555,TX_3,Estacional,2016-05-07,36.144135,XGBoost
FOODS_3_555,TX_3,Estacional,2016-05-08,34.81746,XGBoost
FOODS_3_555,TX_3,Estacional,2016-05-09,25.013578,XGBoost
FOODS_3_555,TX_3,Estacional,2016-05-10,24.688133,XGBoost
FOODS_3_555,TX_3,Estacional,2016-05-11,25.607904,XGBoost
FOODS_3_555,TX_3,Estacional,2016-05-12,24.218899,XGBoost
FOODS_3_555,TX_3,Estacional,2016-05-13,29.632975,XGBoost
FOODS_3_555,TX_3,Estacional,2016-05-14,35.695244,XGBoost
FOODS_3_555,TX_3,Estacional,2016-05-15,32.860245,XGBoost
FOODS_3_555,TX_3,Estacional,2016-05-16,24.166885,XGBoost
FOODS_3_555,TX_3,Estacional,2016-05-17,24.03424,XGBoost
FOODS_3_555,TX_3,Estacional,2016-05-18,23.600756,XGBoost
FOODS_3_555,TX_3,Estacional,2016-05-19,24.673391,XGBoost
FOODS_3_555,TX_3,Estacional,2016-05-20,31.41789,XGBoost
FOODS_3_555,TX_3,Estacional,2016-05-21,36.703564,XGBoost
FOODS_3_555,TX_3,Estacional,2016-05-22,34.384106,XGBoost
FOODS_3_586,TX_3,Estacional,2016-04-25,51.198086,XGBoost
FOODS_3_586,TX_3,Estacional,2016-04-26,51.87714,XGBoost
FOODS_3_586,TX_3,Estacional,2016-04-27,48.870914,XGBoost
FOODS_3_586,TX_3,Estacional,2016-04-28,54.613243,XGBoost
FOODS_3_586,TX_3,Estacional,2016-04-29,62.285873,XGBoost
FOODS_3_586,TX_3,Estacional,2016-04-30,71.03128,XGBoost
FOODS_3_586,TX_3,Estacional,2016-05-01,68.37686,XGBoost
FOODS_3_586,TX_3,Estacional,2016-05-02,53.58922,XGBoost
FOODS_3_586,TX_3,Estacional,2016-05-03,51.411022,XGBoost
FOODS_3_586,TX_3,Estacional,2016-05-04,50.412308,XGBoost
FOODS_3_586,TX_3,Estacional,2016-05-05,55.57842,XGBoost
FOODS_3_586,TX_3,Estacional,2016-05-06,62.14537,XGBoost
FOODS_3_586,TX_3,Estacional,2016-05-07,73.57493,XGBoost
FOODS_3_586,TX_3,Estacional,2016-05-08,71.84314,XGBoost
FOODS_3_586,TX_3,Estacional,2016-05-09,56.298435,XGBoost
FOODS_3_586,TX_3,Estacional,2016-05-10,53.950623,XGBoost
FOODS_3_586,TX_3,Estacional,2016-05-11,57.11336,XGBoost
FOODS_3_586,TX_3,Estacional,2016-05-12,54.763184,XGBoost
FOODS_3_586,TX_3,Estacional,2016-05-13,63.355404,XGBoost
FOODS_3_586,TX_3,Estacional,2016-05-14,74.728355,XGBoost
FOODS_3_586,TX_3,Estacional,2016-05-15,73.83357,XGBoost
FOODS_3_586,TX_3,Estacional,2016-05-16,54.017643,XGBoost
FOODS_3_586,TX_3,Estacional,2016-05-17,52.556263,XGBoost
FOODS_3_586,TX_3,Estacional,2016-05-18,54.617516,XGBoost
FOODS_3_586,TX_3,Estacional,2016-05-19,56.382133,XGBoost
FOODS_3_586,TX_3,Estacional,2016-05-20,66.51551,XGBoost
FOODS_3_586,TX_3,Estacional,2016-05-21,75.7274,XGBoost
FOODS_3_586,TX_3,Estacional,2016-05-22,71.89051,XGBoost
FOODS_3_614,TX_3,Estacional,2016-04-25,0.3107311,XGBoost
FOODS_3_614,TX_3,Estacional,2016-04-26,0.1639664,XGBoost
FOODS_3_614,TX_3,Estacional,2016-04-27,0.123558514,XGBoost
FOODS_3_614,TX_3,Estacional,2016-04-28,0.18981045,XGBoost
FOODS_3_614,TX_3,Estacional,2016-04-29,0.23907344,XGBoost
FOODS_3_614,TX_3,Estacional,2016-04-30,0.74407417,XGBoost
FOODS_3_614,TX_3,Estacional,2016-05-01,0.65669227,XGBoost
FOODS_3_614,TX_3,Estacional,2016-05-02,0.9390579,XGBoost
FOODS_3_614,TX_3,Estacional,2016-05-03,0.8586393,XGBoost
FOODS_3_614,TX_3,Estacional,2016-05-04,0.8381625,XGBoost
FOODS_3_614,TX_3,Estacional,2016-05-05,0.74715817,XGBoost
FOODS_3_614,TX_3,Estacional,2016-05-06,0.82716966,XGBoost
FOODS_3_614,TX_3,Estacional,2016-05-07,1.1588948,XGBoost
FOODS_3_614,TX_3,Estacional,2016-05-08,1.1324781,XGBoost
FOODS_3_614,TX_3,Estacional,2016-05-09,0.7506395,XGBoost
FOODS_3_614,TX_3,Estacional,2016-05-10,0.71284103,XGBoost
FOODS_3_614,TX_3,Estacional,2016-05-11,0.6446911,XGBoost
FOODS_3_614,TX_3,Estacional,2016-05-12,0.6771541,XGBoost
FOODS_3_614,TX_3,Estacional,2016-05-13,1.0176923,XGBoost
FOODS_3_614,TX_3,Estacional,2016-05-14,1.0872974,XGBoost
FOODS_3_614,TX_3,Estacional,2016-05-15,1.0454502,XGBoost
FOODS_3_614,TX_3,Estacional,2016-05-16,0.897522,XGBoost
FOODS_3_614,TX_3,Estacional,2016-05-17,0.6222358,XGBoost
FOODS_3_614,TX_3,Estacional,2016-05-18,0.6903857,XGBoost
FOODS_3_614,TX_3,Estacional,2016-05-19,0.67711896,XGBoost
FOODS_3_614,TX_3,Estacional,2016-05-20,0.8271346,XGBoost
FOODS_3_614,TX_3,Estacional,2016-05-21,1.0915387,XGBoost
FOODS_3_614,TX_3,Estacional,2016-05-22,1.0496914,XGBoost
FOODS_3_628,TX_3,Estacional,2016-04-25,3.1050909,XGBoost
FOODS_3_628,TX_3,Estacional,2016-04-26,2.626439,XGBoost
FOODS_3_628,TX_3,Estacional,2016-04-27,2.6185908,XGBoost
FOODS_3_628,TX_3,Estacional,2016-04-28,2.8994405,XGBoost
FOODS_3_628,TX_3,Estacional,2016-04-29,3.9239066,XGBoost
FOODS_3_628,TX_3,Estacional,2016-04-30,5.00985,XGBoost
FOODS_3_628,TX_3,Estacional,2016-05-01,4.0750265,XGBoost
FOODS_3_628,TX_3,Estacional,2016-05-02,2.8651178,XGBoost
FOODS_3_628,TX_3,Estacional,2016-05-03,2.589544,XGBoost
FOODS_3_628,TX_3,Estacional,2016-05-04,2.5599208,XGBoost
FOODS_3_628,TX_3,Estacional,2016-05-05,2.7970893,XGBoost
FOODS_3_628,TX_3,Estacional,2016-05-06,3.5771852,XGBoost
FOODS_3_628,TX_3,Estacional,2016-05-07,4.597851,XGBoost
FOODS_3_628,TX_3,Estacional,2016-05-08,4.1487074,XGBoost
FOODS_3_628,TX_3,Estacional,2016-05-09,2.8124938,XGBoost
FOODS_3_628,TX_3,Estacional,2016-05-10,2.7622979,XGBoost
FOODS_3_628,TX_3,Estacional,2016-05-11,2.561088,XGBoost
FOODS_3_628,TX_3,Estacional,2016-05-12,2.5894167,XGBoost
FOODS_3_628,TX_3,Estacional,2016-05-13,3.7952993,XGBoost
FOODS_3_628,TX_3,Estacional,2016-05-14,4.854457,XGBoost
FOODS_3_628,TX_3,Estacional,2016-05-15,4.1519237,XGBoost
FOODS_3_628,TX_3,Estacional,2016-05-16,3.017623,XGBoost
FOODS_3_628,TX_3,Estacional,2016-05-17,2.5868754,XGBoost
FOODS_3_628,TX_3,Estacional,2016-05-18,2.5490837,XGBoost
FOODS_3_628,TX_3,Estacional,2016-05-19,2.7833078,XGBoost
FOODS_3_628,TX_3,Estacional,2016-05-20,3.8042243,XGBoost
FOODS_3_628,TX_3,Estacional,2016-05-21,4.90118,XGBoost
FOODS_3_628,TX_3,Estacional,2016-05-22,4.064643,XGBoost
FOODS_3_714,TX_3,Estacional,2016-04-25,16.558619,XGBoost
FOODS_3_714,TX_3,Estacional,2016-04-26,18.037996,XGBoost
FOODS_3_714,TX_3,Estacional,2016-04-27,17.809637,XGBoost
FOODS_3_714,TX_3,Estacional,2016-04-28,19.001501,XGBoost
FOODS_3_714,TX_3,Estacional,2016-04-29,21.493763,XGBoost
FOODS_3_714,TX_3,Estacional,2016-04-30,28.211021,XGBoost
FOODS_3_714,TX_3,Estacional,2016-05-01,25.870747,XGBoost
FOODS_3_714,TX_3,Estacional,2016-05-02,19.465761,XGBoost
FOODS_3_714,TX_3,Estacional,2016-05-03,18.273838,XGBoost
FOODS_3_714,TX_3,Estacional,2016-05-04,18.586252,XGBoost
FOODS_3_714,TX_3,Estacional,2016-05-05,19.74629,XGBoost
FOODS_3_714,TX_3,Estacional,2016-05-06,21.973585,XGBoost
FOODS_3_714,TX_3,Estacional,2016-05-07,28.687832,XGBoost
FOODS_3_714,TX_3,Estacional,2016-05-08,25.77151,XGBoost
FOODS_3_714,TX_3,Estacional,2016-05-09,19.172167,XGBoost
FOODS_3_714,TX_3,Estacional,2016-05-10,19.208303,XGBoost
FOODS_3_714,TX_3,Estacional,2016-05-11,19.652868,XGBoost
FOODS_3_714,TX_3,Estacional,2016-05-12,18.808441,XGBoost
FOODS_3_714,TX_3,Estacional,2016-05-13,22.957644,XGBoost
FOODS_3_714,TX_3,Estacional,2016-05-14,27.135649,XGBoost
FOODS_3_714,TX_3,Estacional,2016-05-15,27.044567,XGBoost
FOODS_3_714,TX_3,Estacional,2016-05-16,18.221361,XGBoost
FOODS_3_714,TX_3,Estacional,2016-05-17,18.179474,XGBoost
FOODS_3_714,TX_3,Estacional,2016-05-18,18.15678,XGBoost
FOODS_3_714,TX_3,Estacional,2016-05-19,17.66704,XGBoost
FOODS_3_714,TX_3,Estacional,2016-05-20,22.588436,XGBoost
FOODS_3_714,TX_3,Estacional,2016-05-21,28.755312,XGBoost
FOODS_3_714,TX_3,Estacional,2016-05-22,25.03688,XGBoost
HOBBIES_1_024,WI_1,Estacional,2016-04-25,0.7609837,XGBoost
HOBBIES_1_024,WI_1,Estacional,2016-04-26,0.6202068,XGBoost
HOBBIES_1_024,WI_1,Estacional,2016-04-27,0.71349734,XGBoost
HOBBIES_1_024,WI_1,Estacional,2016-04-28,0.7314949,XGBoost
HOBBIES_1_024,WI_1,Estacional,2016-04-29,0.88151056,XGBoost
HOBBIES_1_024,WI_1,Estacional,2016-04-30,1.496355,XGBoost
HOBBIES_1_024,WI_1,Estacional,2016-05-01,0.9717833,XGBoost
HOBBIES_1_024,WI_1,Estacional,2016-05-02,0.7630127,XGBoost
HOBBIES_1_024,WI_1,Estacional,2016-05-03,0.6222358,XGBoost
HOBBIES_1_024,WI_1,Estacional,2016-05-04,0.6794845,XGBoost
HOBBIES_1_024,WI_1,Estacional,2016-05-05,0.71319765,XGBoost
HOBBIES_1_024,WI_1,Estacional,2016-05-06,0.86196303,XGBoost
HOBBIES_1_024,WI_1,Estacional,2016-05-07,1.5300717,XGBoost
HOBBIES_1_024,WI_1,Estacional,2016-05-08,0.99697226,XGBoost
HOBBIES_1_024,WI_1,Estacional,2016-05-09,0.75060445,XGBoost
HOBBIES_1_024,WI_1,Estacional,2016-05-10,0.64465594,XGBoost
HOBBIES_1_024,WI_1,Estacional,2016-05-11,0.64465594,XGBoost
HOBBIES_1_024,WI_1,Estacional,2016-05-12,0.7119475,XGBoost
HOBBIES_1_024,WI_1,Estacional,2016-05-13,0.86196303,XGBoost
HOBBIES_1_024,WI_1,Estacional,2016-05-14,1.1599339,XGBoost
HOBBIES_1_024,WI_1,Estacional,2016-05-15,1.0845201,XGBoost
HOBBIES_1_024,WI_1,Estacional,2016-05-16,0.7854329,XGBoost
HOBBIES_1_024,WI_1,Estacional,2016-05-17,0.6794845,XGBoost
HOBBIES_1_024,WI_1,Estacional,2016-05-18,0.70604146,XGBoost
HOBBIES_1_024,WI_1,Estacional,2016-05-19,0.73850447,XGBoost
HOBBIES_1_024,WI_1,Estacional,2016-05-20,0.88852,XGBoost
HOBBIES_1_024,WI_1,Estacional,2016-05-21,1.3332326,XGBoost
HOBBIES_1_024,WI_1,Estacional,2016-05-22,1.0845201,XGBoost
HOBBIES_1_047,WI_1,Estacional,2016-04-25,0.14860988,XGBoost
HOBBIES_1_047,WI_1,Estacional,2016-04-26,0.05201859,XGBoost
HOBBIES_1_047,WI_1,Estacional,2016-04-27,0.05201859,XGBoost
HOBBIES_1_047,WI_1,Estacional,2016-04-28,0.08448161,XGBoost
HOBBIES_1_047,WI_1,Estacional,2016-04-29,0.1525023,XGBoost
HOBBIES_1_047,WI_1,Estacional,2016-04-30,0.17536183,XGBoost
HOBBIES_1_047,WI_1,Estacional,2016-05-01,0.08920832,XGBoost
HOBBIES_1_047,WI_1,Estacional,2016-05-02,0.15504894,XGBoost
HOBBIES_1_047,WI_1,Estacional,2016-05-03,0.076467775,XGBoost
HOBBIES_1_047,WI_1,Estacional,2016-05-04,0.076467775,XGBoost
HOBBIES_1_047,WI_1,Estacional,2016-05-05,0.10637989,XGBoost
HOBBIES_1_047,WI_1,Estacional,2016-05-06,0.16096915,XGBoost
HOBBIES_1_047,WI_1,Estacional,2016-05-07,0.19174369,XGBoost
HOBBIES_1_047,WI_1,Estacional,2016-05-08,0.18457724,XGBoost
HOBBIES_1_047,WI_1,Estacional,2016-05-09,0.15504894,XGBoost
HOBBIES_1_047,WI_1,Estacional,2016-05-10,0.076467775,XGBoost
HOBBIES_1_047,WI_1,Estacional,2016-05-11,0.076467775,XGBoost
HOBBIES_1_047,WI_1,Estacional,2016-05-12,0.1089308,XGBoost
HOBBIES_1_047,WI_1,Estacional,2016-05-13,0.16123988,XGBoost
HOBBIES_1_047,WI_1,Estacional,2016-05-14,0.19174369,XGBoost
HOBBIES_1_047,WI_1,Estacional,2016-05-15,0.14989612,XGBoost
HOBBIES_1_047,WI_1,Estacional,2016-05-16,0.15504894,XGBoost
HOBBIES_1_047,WI_1,Estacional,2016-05-17,0.076467775,XGBoost
HOBBIES_1_047,WI_1,Estacional,2016-05-18,0.076467775,XGBoost
HOBBIES_1_047,WI_1,Estacional,2016-05-19,0.1089308,XGBoost
HOBBIES_1_047,WI_1,Estacional,2016-05-20,0.16123988,XGBoost
HOBBIES_1_047,WI_1,Estacional,2016-05-21,0.19174369,XGBoost
HOBBIES_1_047,WI_1,Estacional,2016-05-22,0.14989612,XGBoost
HOBBIES_1_089,WI_1,Estacional,2016-04-25,1.080756,XGBoost
HOBBIES_1_089,WI_1,Estacional,2016-04-26,1.0057092,XGBoost
HOBBIES_1_089,WI_1,Estacional,2016-04-27,0.9230942,XGBoost
HOBBIES_1_089,WI_1,Estacional,2016-04-28,1.1840093,XGBoost
HOBBIES_1_089,WI_1,Estacional,2016-04-29,1.2217338,XGBoost
HOBBIES_1_089,WI_1,Estacional,2016-04-30,1.68939,XGBoost
HOBBIES_1_089,WI_1,Estacional,2016-05-01,1.9063841,XGBoost
HOBBIES_1_089,WI_1,Estacional,2016-05-02,1.1379224,XGBoost
HOBBIES_1_089,WI_1,Estacional,2016-05-03,0.9887963,XGBoost
HOBBIES_1_089,WI_1,Estacional,2016-05-04,0.9887963,XGBoost
HOBBIES_1_089,WI_1,Estacional,2016-05-05,1.0963278,XGBoost
HOBBIES_1_089,WI_1,Estacional,2016-05-06,1.2434391,XGBoost
HOBBIES_1_089,WI_1,Estacional,2016-05-07,1.9003687,XGBoost
HOBBIES_1_089,WI_1,Estacional,2016-05-08,1.6556764,XGBoost
HOBBIES_1_089,WI_1,Estacional,2016-05-09,1.1107128,XGBoost
HOBBIES_1_089,WI_1,Estacional,2016-05-10,0.98527527,XGBoost
HOBBIES_1_089,WI_1,Estacional,2016-05-11,0.98527527,XGBoost
HOBBIES_1_089,WI_1,Estacional,2016-05-12,1.1546332,XGBoost
HOBBIES_1_089,WI_1,Estacional,2016-05-13,1.1361183,XGBoost
HOBBIES_1_089,WI_1,Estacional,2016-05-14,1.7847459,XGBoost
HOBBIES_1_089,WI_1,Estacional,2016-05-15,1.665148,XGBoost
HOBBIES_1_089,WI_1,Estacional,2016-05-16,1.0718753,XGBoost
HOBBIES_1_089,WI_1,Estacional,2016-05-17,0.93549377,XGBoost
HOBBIES_1_089,WI_1,Estacional,2016-05-18,0.93549377,XGBoost
HOBBIES_1_089,WI_1,Estacional,2016-05-19,1.1490793,XGBoost
HOBBIES_1_089,WI_1,Estacional,2016-05-20,1.1325979,XGBoost
HOBBIES_1_089,WI_1,Estacional,2016-05-21,1.6141604,XGBoost
HOBBIES_1_089,WI_1,Estacional,2016-05-22,1.7241195,XGBoost
HOBBIES_1_111,WI_1,Estacional,2016-04-25,0.85384,XGBoost
HOBBIES_1_111,WI_1,Estacional,2016-04-26,0.7896211,XGBoost
HOBBIES_1_111,WI_1,Estacional,2016-04-27,0.7319239,XGBoost
HOBBIES_1_111,WI_1,Estacional,2016-04-28,0.80144346,XGBoost
HOBBIES_1_111,WI_1,Estacional,2016-04-29,1.101876,XGBoost
HOBBIES_1_111,WI_1,Estacional,2016-04-30,1.2714875,XGBoost
HOBBIES_1_111,WI_1,Estacional,2016-05-01,1.2051578,XGBoost
HOBBIES_1_111,WI_1,Estacional,2016-05-02,0.82458925,XGBoost
HOBBIES_1_111,WI_1,Estacional,2016-05-03,0.7313852,XGBoost
HOBBIES_1_111,WI_1,Estacional,2016-05-04,0.7331062,XGBoost
HOBBIES_1_111,WI_1,Estacional,2016-05-05,0.7830775,XGBoost
HOBBIES_1_111,WI_1,Estacional,2016-05-06,1.0004501,XGBoost
HOBBIES_1_111,WI_1,Estacional,2016-05-07,1.2687072,XGBoost
HOBBIES_1_111,WI_1,Estacional,2016-05-08,1.3089145,XGBoost
HOBBIES_1_111,WI_1,Estacional,2016-05-09,0.8408474,XGBoost
HOBBIES_1_111,WI_1,Estacional,2016-05-10,0.734899,XGBoost
HOBBIES_1_111,WI_1,Estacional,2016-05-11,0.734899,XGBoost
HOBBIES_1_111,WI_1,Estacional,2016-05-12,0.767362,XGBoost
HOBBIES_1_111,WI_1,Estacional,2016-05-13,0.93012184,XGBoost
HOBBIES_1_111,WI_1,Estacional,2016-05-14,1.2344393,XGBoost
HOBBIES_1_111,WI_1,Estacional,2016-05-15,1.2396042,XGBoost
HOBBIES_1_111,WI_1,Estacional,2016-05-16,0.8408474,XGBoost
HOBBIES_1_111,WI_1,Estacional,2016-05-17,0.7493643,XGBoost
HOBBIES_1_111,WI_1,Estacional,2016-05-18,0.734899,XGBoost
HOBBIES_1_111,WI_1,Estacional,2016-05-19,0.8042706,XGBoost
HOBBIES_1_111,WI_1,Estacional,2016-05-20,0.9844631,XGBoost
HOBBIES_1_111,WI_1,Estacional,2016-05-21,1.2344393,XGBoost
HOBBIES_1_111,WI_1,Estacional,2016-05-22,1.192592,XGBoost
HOBBIES_1_134,WI_1,Estacional,2016-04-25,2.254598,XGBoost
HOBBIES_1_134,WI_1,Estacional,2016-04-26,2.1965847,XGBoost
HOBBIES_1_134,WI_1,Estacional,2016-04-27,2.0721521,XGBoost
HOBBIES_1_134,WI_1,Estacional,2016-04-28,2.00814,XGBoost
HOBBIES_1_134,WI_1,Estacional,2016-04-29,3.117507,XGBoost
HOBBIES_1_134,WI_1,Estacional,2016-04-30,3.6349366,XGBoost
HOBBIES_1_134,WI_1,Estacional,2016-05-01,3.507964,XGBoost
HOBBIES_1_134,WI_1,Estacional,2016-05-02,2.165885,XGBoost
HOBBIES_1_134,WI_1,Estacional,2016-05-03,2.1350105,XGBoost
HOBBIES_1_134,WI_1,Estacional,2016-05-04,2.1634824,XGBoost
HOBBIES_1_134,WI_1,Estacional,2016-05-05,1.949754,XGBoost
HOBBIES_1_134,WI_1,Estacional,2016-05-06,3.1350696,XGBoost
HOBBIES_1_134,WI_1,Estacional,2016-05-07,3.8481483,XGBoost
HOBBIES_1_134,WI_1,Estacional,2016-05-08,3.0207403,XGBoost
HOBBIES_1_134,WI_1,Estacional,2016-05-09,1.9964546,XGBoost
HOBBIES_1_134,WI_1,Estacional,2016-05-10,2.2112842,XGBoost
HOBBIES_1_134,WI_1,Estacional,2016-05-11,1.990031,XGBoost
HOBBIES_1_134,WI_1,Estacional,2016-05-12,2.00853,XGBoost
HOBBIES_1_134,WI_1,Estacional,2016-05-13,2.8597643,XGBoost
HOBBIES_1_134,WI_1,Estacional,2016-05-14,4.079428,XGBoost
HOBBIES_1_134,WI_1,Estacional,2016-05-15,3.1506164,XGBoost
HOBBIES_1_134,WI_1,Estacional,2016-05-16,2.2237072,XGBoost
HOBBIES_1_134,WI_1,Estacional,2016-05-17,2.092619,XGBoost
HOBBIES_1_134,WI_1,Estacional,2016-05-18,1.8904974,XGBoost
HOBBIES_1_134,WI_1,Estacional,2016-05-19,1.9345978,XGBoost
HOBBIES_1_134,WI_1,Estacional,2016-05-20,3.102329,XGBoost
HOBBIES_1_134,WI_1,Estacional,2016-05-21,3.741742,XGBoost
HOBBIES_1_134,WI_1,Estacional,2016-05-22,3.2845523,XGBoost
HOBBIES_1_153,WI_1,Estacional,2016-04-25,2.2730901,XGBoost
HOBBIES_1_153,WI_1,Estacional,2016-04-26,2.0342155,XGBoost
HOBBIES_1_153,WI_1,Estacional,2016-04-27,1.9375191,XGBoost
HOBBIES_1_153,WI_1,Estacional,2016-04-28,2.0131698,XGBoost
HOBBIES_1_153,WI_1,Estacional,2016-04-29,3.0955415,XGBoost
HOBBIES_1_153,WI_1,Estacional,2016-04-30,3.788932,XGBoost
HOBBIES_1_153,WI_1,Estacional,2016-05-01,3.4190202,XGBoost
HOBBIES_1_153,WI_1,Estacional,2016-05-02,2.4778798,XGBoost
HOBBIES_1_153,WI_1,Estacional,2016-05-03,2.2012262,XGBoost
HOBBIES_1_153,WI_1,Estacional,2016-05-04,1.9760672,XGBoost
HOBBIES_1_153,WI_1,Estacional,2016-05-05,2.1556911,XGBoost
HOBBIES_1_153,WI_1,Estacional,2016-05-06,3.1796172,XGBoost
HOBBIES_1_153,WI_1,Estacional,2016-05-07,4.0624638,XGBoost
HOBBIES_1_153,WI_1,Estacional,2016-05-08,3.6538987,XGBoost
HOBBIES_1_153,WI_1,Estacional,2016-05-09,2.5014958,XGBoost
HOBBIES_1_153,WI_1,Estacional,2016-05-10,2.0601113,XGBoost
HOBBIES_1_153,WI_1,Estacional,2016-05-11,1.9551768,XGBoost
HOBBIES_1_153,WI_1,Estacional,2016-05-12,1.973888,XGBoost
HOBBIES_1_153,WI_1,Estacional,2016-05-13,2.7164528,XGBoost
HOBBIES_1_153,WI_1,Estacional,2016-05-14,4.2011185,XGBoost
HOBBIES_1_153,WI_1,Estacional,2016-05-15,3.8544567,XGBoost
HOBBIES_1_153,WI_1,Estacional,2016-05-16,2.2604113,XGBoost
HOBBIES_1_153,WI_1,Estacional,2016-05-17,1.8763423,XGBoost
HOBBIES_1_153,WI_1,Estacional,2016-05-18,1.8343521,XGBoost
HOBBIES_1_153,WI_1,Estacional,2016-05-19,1.854811,XGBoost
HOBBIES_1_153,WI_1,Estacional,2016-05-20,2.49277,XGBoost
HOBBIES_1_153,WI_1,Estacional,2016-05-21,3.910652,XGBoost
HOBBIES_1_153,WI_1,Estacional,2016-05-22,3.6335347,XGBoost
HOBBIES_1_178,WI_1,Estacional,2016-04-25,5.2183948,XGBoost
HOBBIES_1_178,WI_1,Estacional,2016-04-26,4.741018,XGBoost
HOBBIES_1_178,WI_1,Estacional,2016-04-27,5.465969,XGBoost
HOBBIES_1_178,WI_1,Estacional,2016-04-28,5.3214197,XGBoost
HOBBIES_1_178,WI_1,Estacional,2016-04-29,7.1725307,XGBoost
HOBBIES_1_178,WI_1,Estacional,2016-04-30,14.85784,XGBoost
HOBBIES_1_178,WI_1,Estacional,2016-05-01,8.273792,XGBoost
HOBBIES_1_178,WI_1,Estacional,2016-05-02,5.5137863,XGBoost
HOBBIES_1_178,WI_1,Estacional,2016-05-03,5.281813,XGBoost
HOBBIES_1_178,WI_1,Estacional,2016-05-04,5.7502737,XGBoost
HOBBIES_1_178,WI_1,Estacional,2016-05-05,5.770448,XGBoost
HOBBIES_1_178,WI_1,Estacional,2016-05-06,7.8664865,XGBoost
HOBBIES_1_178,WI_1,Estacional,2016-05-07,15.170534,XGBoost
HOBBIES_1_178,WI_1,Estacional,2016-05-08,8.610852,XGBoost
HOBBIES_1_178,WI_1,Estacional,2016-05-09,6.100431,XGBoost
HOBBIES_1_178,WI_1,Estacional,2016-05-10,5.761746,XGBoost
HOBBIES_1_178,WI_1,Estacional,2016-05-11,5.959655,XGBoost
HOBBIES_1_178,WI_1,Estacional,2016-05-12,5.820757,XGBoost
HOBBIES_1_178,WI_1,Estacional,2016-05-13,7.4852796,XGBoost
HOBBIES_1_178,WI_1,Estacional,2016-05-14,13.072519,XGBoost
HOBBIES_1_178,WI_1,Estacional,2016-05-15,9.052294,XGBoost
HOBBIES_1_178,WI_1,Estacional,2016-05-16,5.997562,XGBoost
HOBBIES_1_178,WI_1,Estacional,2016-05-17,5.522222,XGBoost
HOBBIES_1_178,WI_1,Estacional,2016-05-18,5.7059293,XGBoost
HOBBIES_1_178,WI_1,Estacional,2016-05-19,5.962863,XGBoost
HOBBIES_1_178,WI_1,Estacional,2016-05-20,7.238246,XGBoost
HOBBIES_1_178,WI_1,Estacional,2016-05-21,13.7956,XGBoost
HOBBIES_1_178,WI_1,Estacional,2016-05-22,9.371582,XGBoost
HOBBIES_1_220,WI_1,Estacional,2016-04-25,1.3373798,XGBoost
HOBBIES_1_220,WI_1,Estacional,2016-04-26,0.9776861,XGBoost
HOBBIES_1_220,WI_1,Estacional,2016-04-27,1.0274682,XGBoost
HOBBIES_1_220,WI_1,Estacional,2016-04-28,1.0870986,XGBoost
HOBBIES_1_220,WI_1,Estacional,2016-04-29,1.4977367,XGBoost
HOBBIES_1_220,WI_1,Estacional,2016-04-30,1.7011158,XGBoost
HOBBIES_1_220,WI_1,Estacional,2016-05-01,1.9776019,XGBoost
HOBBIES_1_220,WI_1,Estacional,2016-05-02,1.1140853,XGBoost
HOBBIES_1_220,WI_1,Estacional,2016-05-03,0.9887963,XGBoost
HOBBIES_1_220,WI_1,Estacional,2016-05-04,0.94021064,XGBoost
HOBBIES_1_220,WI_1,Estacional,2016-05-05,1.0881289,XGBoost
HOBBIES_1_220,WI_1,Estacional,2016-05-06,1.3653418,XGBoost
HOBBIES_1_220,WI_1,Estacional,2016-05-07,1.9050982,XGBoost
HOBBIES_1_220,WI_1,Estacional,2016-05-08,1.5226382,XGBoost
HOBBIES_1_220,WI_1,Estacional,2016-05-09,1.0875869,XGBoost
HOBBIES_1_220,WI_1,Estacional,2016-05-10,0.93549377,XGBoost
HOBBIES_1_220,WI_1,Estacional,2016-05-11,0.93549377,XGBoost
HOBBIES_1_220,WI_1,Estacional,2016-05-12,0.98070115,XGBoost
HOBBIES_1_220,WI_1,Estacional,2016-05-13,1.1806298,XGBoost
HOBBIES_1_220,WI_1,Estacional,2016-05-14,1.9776077,XGBoost
HOBBIES_1_220,WI_1,Estacional,2016-05-15,1.5267804,XGBoost
HOBBIES_1_220,WI_1,Estacional,2016-05-16,1.0966241,XGBoost
HOBBIES_1_220,WI_1,Estacional,2016-05-17,0.93549377,XGBoost
HOBBIES_1_220,WI_1,Estacional,2016-05-18,0.93549377,XGBoost
HOBBIES_1_220,WI_1,Estacional,2016-05-19,1.0177386,XGBoost
HOBBIES_1_220,WI_1,Estacional,2016-05-20,1.1968863,XGBoost
HOBBIES_1_220,WI_1,Estacional,2016-05-21,1.5798925,XGBoost
HOBBIES_1_220,WI_1,Estacional,2016-05-22,1.5949303,XGBoost
HOBBIES_1_242,WI_1,Estacional,2016-04-25,1.4074922,XGBoost
HOBBIES_1_242,WI_1,Estacional,2016-04-26,1.1944784,XGBoost
HOBBIES_1_242,WI_1,Estacional,2016-04-27,1.1458925,XGBoost
HOBBIES_1_242,WI_1,Estacional,2016-04-28,1.2390854,XGBoost
HOBBIES_1_242,WI_1,Estacional,2016-04-29,1.7844594,XGBoost
HOBBIES_1_242,WI_1,Estacional,2016-04-30,2.4052176,XGBoost
HOBBIES_1_242,WI_1,Estacional,2016-05-01,2.4936724,XGBoost
HOBBIES_1_242,WI_1,Estacional,2016-05-02,1.1932222,XGBoost
HOBBIES_1_242,WI_1,Estacional,2016-05-03,1.1202457,XGBoost
HOBBIES_1_242,WI_1,Estacional,2016-05-04,1.2369814,XGBoost
HOBBIES_1_242,WI_1,Estacional,2016-05-05,1.1823303,XGBoost
HOBBIES_1_242,WI_1,Estacional,2016-05-06,1.5816694,XGBoost
HOBBIES_1_242,WI_1,Estacional,2016-05-07,2.3472848,XGBoost
HOBBIES_1_242,WI_1,Estacional,2016-05-08,2.237777,XGBoost
HOBBIES_1_242,WI_1,Estacional,2016-05-09,1.2243086,XGBoost
HOBBIES_1_242,WI_1,Estacional,2016-05-10,1.0866808,XGBoost
HOBBIES_1_242,WI_1,Estacional,2016-05-11,1.0866808,XGBoost
HOBBIES_1_242,WI_1,Estacional,2016-05-12,1.1336092,XGBoost
HOBBIES_1_242,WI_1,Estacional,2016-05-13,1.3557886,XGBoost
HOBBIES_1_242,WI_1,Estacional,2016-05-14,2.014268,XGBoost
HOBBIES_1_242,WI_1,Estacional,2016-05-15,2.0842426,XGBoost
HOBBIES_1_242,WI_1,Estacional,2016-05-16,1.266054,XGBoost
HOBBIES_1_242,WI_1,Estacional,2016-05-17,1.1353363,XGBoost
HOBBIES_1_242,WI_1,Estacional,2016-05-18,1.1353363,XGBoost
HOBBIES_1_242,WI_1,Estacional,2016-05-19,1.2294835,XGBoost
HOBBIES_1_242,WI_1,Estacional,2016-05-20,1.4661281,XGBoost
HOBBIES_1_242,WI_1,Estacional,2016-05-21,2.2906144,XGBoost
HOBBIES_1_242,WI_1,Estacional,2016-05-22,2.325305,XGBoost
HOBBIES_1_244,WI_1,Estacional,2016-04-25,4.0485144,XGBoost
HOBBIES_1_244,WI_1,Estacional,2016-04-26,4.089668,XGBoost
HOBBIES_1_244,WI_1,Estacional,2016-04-27,3.9657948,XGBoost
HOBBIES_1_244,WI_1,Estacional,2016-04-28,4.471954,XGBoost
HOBBIES_1_244,WI_1,Estacional,2016-04-29,6.2480764,XGBoost
HOBBIES_1_244,WI_1,Estacional,2016-04-30,8.144902,XGBoost
HOBBIES_1_244,WI_1,Estacional,2016-05-01,6.376617,XGBoost
HOBBIES_1_244,WI_1,Estacional,2016-05-02,4.071719,XGBoost
HOBBIES_1_244,WI_1,Estacional,2016-05-03,4.3030176,XGBoost
HOBBIES_1_244,WI_1,Estacional,2016-05-04,4.185895,XGBoost
HOBBIES_1_244,WI_1,Estacional,2016-05-05,4.62422,XGBoost
HOBBIES_1_244,WI_1,Estacional,2016-05-06,5.8479033,XGBoost
HOBBIES_1_244,WI_1,Estacional,2016-05-07,7.517367,XGBoost
HOBBIES_1_244,WI_1,Estacional,2016-05-08,6.242323,XGBoost
HOBBIES_1_244,WI_1,Estacional,2016-05-09,4.203014,XGBoost
HOBBIES_1_244,WI_1,Estacional,2016-05-10,4.426092,XGBoost
HOBBIES_1_244,WI_1,Estacional,2016-05-11,4.477156,XGBoost
HOBBIES_1_244,WI_1,Estacional,2016-05-12,4.1779957,XGBoost
HOBBIES_1_244,WI_1,Estacional,2016-05-13,5.200288,XGBoost
HOBBIES_1_244,WI_1,Estacional,2016-05-14,7.1177278,XGBoost
HOBBIES_1_244,WI_1,Estacional,2016-05-15,6.9617243,XGBoost
HOBBIES_1_244,WI_1,Estacional,2016-05-16,4.012878,XGBoost
HOBBIES_1_244,WI_1,Estacional,2016-05-17,4.1434836,XGBoost
HOBBIES_1_244,WI_1,Estacional,2016-05-18,4.253182,XGBoost
HOBBIES_1_244,WI_1,Estacional,2016-05-19,4.11402,XGBoost
HOBBIES_1_244,WI_1,Estacional,2016-05-20,5.438902,XGBoost
HOBBIES_1_244,WI_1,Estacional,2016-05-21,7.481475,XGBoost
HOBBIES_1_244,WI_1,Estacional,2016-05-22,6.7751465,XGBoost
HOBBIES_1_345,WI_1,Estacional,2016-04-25,3.6732035,XGBoost
HOBBIES_1_345,WI_1,Estacional,2016-04-26,3.1826477,XGBoost
HOBBIES_1_345,WI_1,Estacional,2016-04-27,3.2722797,XGBoost
HOBBIES_1_345,WI_1,Estacional,2016-04-28,4.0973005,XGBoost
HOBBIES_1_345,WI_1,Estacional,2016-04-29,4.10523,XGBoost
HOBBIES_1_345,WI_1,Estacional,2016-04-30,5.538887,XGBoost
HOBBIES_1_345,WI_1,Estacional,2016-05-01,5.1804066,XGBoost
HOBBIES_1_345,WI_1,Estacional,2016-05-02,3.3846223,XGBoost
HOBBIES_1_345,WI_1,Estacional,2016-05-03,2.9642148,XGBoost
HOBBIES_1_345,WI_1,Estacional,2016-05-04,3.2242885,XGBoost
HOBBIES_1_345,WI_1,Estacional,2016-05-05,3.4993377,XGBoost
HOBBIES_1_345,WI_1,Estacional,2016-05-06,4.289364,XGBoost
HOBBIES_1_345,WI_1,Estacional,2016-05-07,5.4465756,XGBoost
HOBBIES_1_345,WI_1,Estacional,2016-05-08,5.166344,XGBoost
HOBBIES_1_345,WI_1,Estacional,2016-05-09,3.6974251,XGBoost
HOBBIES_1_345,WI_1,Estacional,2016-05-10,2.925821,XGBoost
HOBBIES_1_345,WI_1,Estacional,2016-05-11,3.1486225,XGBoost
HOBBIES_1_345,WI_1,Estacional,2016-05-12,3.3576794,XGBoost
HOBBIES_1_345,WI_1,Estacional,2016-05-13,4.1263433,XGBoost
HOBBIES_1_345,WI_1,Estacional,2016-05-14,5.854658,XGBoost
HOBBIES_1_345,WI_1,Estacional,2016-05-15,5.0084586,XGBoost
HOBBIES_1_345,WI_1,Estacional,2016-05-16,3.4905,XGBoost
HOBBIES_1_345,WI_1,Estacional,2016-05-17,3.0282345,XGBoost
HOBBIES_1_345,WI_1,Estacional,2016-05-18,3.0633407,XGBoost
HOBBIES_1_345,WI_1,Estacional,2016-05-19,3.1015022,XGBoost
HOBBIES_1_345,WI_1,Estacional,2016-05-20,4.228721,XGBoost
HOBBIES_1_345,WI_1,Estacional,2016-05-21,5.6303334,XGBoost
HOBBIES_1_345,WI_1,Estacional,2016-05-22,5.059746,XGBoost
HOBBIES_1_371,WI_1,Estacional,2016-04-25,6.5342207,XGBoost
HOBBIES_1_371,WI_1,Estacional,2016-04-26,6.033507,XGBoost
HOBBIES_1_371,WI_1,Estacional,2016-04-27,6.8368206,XGBoost
HOBBIES_1_371,WI_1,Estacional,2016-04-28,6.5482287,XGBoost
HOBBIES_1_371,WI_1,Estacional,2016-04-29,7.2581987,XGBoost
HOBBIES_1_371,WI_1,Estacional,2016-04-30,10.618722,XGBoost
HOBBIES_1_371,WI_1,Estacional,2016-05-01,6.7904005,XGBoost
HOBBIES_1_371,WI_1,Estacional,2016-05-02,5.7777834,XGBoost
HOBBIES_1_371,WI_1,Estacional,2016-05-03,5.552687,XGBoost
HOBBIES_1_371,WI_1,Estacional,2016-05-04,6.4499497,XGBoost
HOBBIES_1_371,WI_1,Estacional,2016-05-05,5.7262487,XGBoost
HOBBIES_1_371,WI_1,Estacional,2016-05-06,7.0195208,XGBoost
HOBBIES_1_371,WI_1,Estacional,2016-05-07,8.657009,XGBoost
HOBBIES_1_371,WI_1,Estacional,2016-05-08,6.9440107,XGBoost
HOBBIES_1_371,WI_1,Estacional,2016-05-09,5.814542,XGBoost
HOBBIES_1_371,WI_1,Estacional,2016-05-10,5.544309,XGBoost
HOBBIES_1_371,WI_1,Estacional,2016-05-11,6.320931,XGBoost
HOBBIES_1_371,WI_1,Estacional,2016-05-12,5.769592,XGBoost
HOBBIES_1_371,WI_1,Estacional,2016-05-13,6.79049,XGBoost
HOBBIES_1_371,WI_1,Estacional,2016-05-14,8.571068,XGBoost
HOBBIES_1_371,WI_1,Estacional,2016-05-15,7.1293535,XGBoost
HOBBIES_1_371,WI_1,Estacional,2016-05-16,6.3132772,XGBoost
HOBBIES_1_371,WI_1,Estacional,2016-05-17,5.9120774,XGBoost
HOBBIES_1_371,WI_1,Estacional,2016-05-18,6.128272,XGBoost
HOBBIES_1_371,WI_1,Estacional,2016-05-19,6.0171504,XGBoost
HOBBIES_1_371,WI_1,Estacional,2016-05-20,6.796131,XGBoost
HOBBIES_1_371,WI_1,Estacional,2016-05-21,8.774854,XGBoost
HOBBIES_1_371,WI_1,Estacional,2016-05-22,7.063108,XGBoost
HOBBIES_1_404,WI_1,Estacional,2016-04-25,5.9201226,XGBoost
HOBBIES_1_404,WI_1,Estacional,2016-04-26,5.164954,XGBoost
HOBBIES_1_404,WI_1,Estacional,2016-04-27,5.375429,XGBoost
HOBBIES_1_404,WI_1,Estacional,2016-04-28,5.399352,XGBoost
HOBBIES_1_404,WI_1,Estacional,2016-04-29,7.2140384,XGBoost
HOBBIES_1_404,WI_1,Estacional,2016-04-30,10.10928,XGBoost
HOBBIES_1_404,WI_1,Estacional,2016-05-01,9.22729,XGBoost
HOBBIES_1_404,WI_1,Estacional,2016-05-02,6.028879,XGBoost
HOBBIES_1_404,WI_1,Estacional,2016-05-03,5.2489977,XGBoost
HOBBIES_1_404,WI_1,Estacional,2016-05-04,5.3677497,XGBoost
HOBBIES_1_404,WI_1,Estacional,2016-05-05,5.594296,XGBoost
HOBBIES_1_404,WI_1,Estacional,2016-05-06,7.088352,XGBoost
HOBBIES_1_404,WI_1,Estacional,2016-05-07,11.567958,XGBoost
HOBBIES_1_404,WI_1,Estacional,2016-05-08,9.400712,XGBoost
HOBBIES_1_404,WI_1,Estacional,2016-05-09,5.7904587,XGBoost
HOBBIES_1_404,WI_1,Estacional,2016-05-10,5.7185397,XGBoost
HOBBIES_1_404,WI_1,Estacional,2016-05-11,5.8609614,XGBoost
HOBBIES_1_404,WI_1,Estacional,2016-05-12,5.7900167,XGBoost
HOBBIES_1_404,WI_1,Estacional,2016-05-13,7.2567625,XGBoost
HOBBIES_1_404,WI_1,Estacional,2016-05-14,11.779654,XGBoost
HOBBIES_1_404,WI_1,Estacional,2016-05-15,10.895633,XGBoost
HOBBIES_1_404,WI_1,Estacional,2016-05-16,6.2609153,XGBoost
HOBBIES_1_404,WI_1,Estacional,2016-05-17,5.6533856,XGBoost
HOBBIES_1_404,WI_1,Estacional,2016-05-18,5.9450235,XGBoost
HOBBIES_1_404,WI_1,Estacional,2016-05-19,5.8710175,XGBoost
HOBBIES_1_404,WI_1,Estacional,2016-05-20,7.628533,XGBoost
HOBBIES_1_404,WI_1,Estacional,2016-05-21,11.541255,XGBoost
HOBBIES_1_404,WI_1,Estacional,2016-05-22,9.643369,XGBoost
HOUSEHOLD_1_021,WI_1,Estacional,2016-04-25,0.5900868,XGBoost
HOUSEHOLD_1_021,WI_1,Estacional,2016-04-26,0.42824176,XGBoost
HOUSEHOLD_1_021,WI_1,Estacional,2016-04-27,0.5019309,XGBoost
HOUSEHOLD_1_021,WI_1,Estacional,2016-04-28,0.5343939,XGBoost
HOUSEHOLD_1_021,WI_1,Estacional,2016-04-29,0.668966,XGBoost
HOUSEHOLD_1_021,WI_1,Estacional,2016-04-30,0.80161476,XGBoost
HOUSEHOLD_1_021,WI_1,Estacional,2016-05-01,0.8112624,XGBoost
HOUSEHOLD_1_021,WI_1,Estacional,2016-05-02,0.6796467,XGBoost
HOUSEHOLD_1_021,WI_1,Estacional,2016-05-03,0.57369816,XGBoost
HOUSEHOLD_1_021,WI_1,Estacional,2016-05-04,0.57369816,XGBoost
HOUSEHOLD_1_021,WI_1,Estacional,2016-05-05,0.6074113,XGBoost
HOUSEHOLD_1_021,WI_1,Estacional,2016-05-06,0.7561768,XGBoost
HOUSEHOLD_1_021,WI_1,Estacional,2016-05-07,0.90582913,XGBoost
HOUSEHOLD_1_021,WI_1,Estacional,2016-05-08,0.8112624,XGBoost
HOUSEHOLD_1_021,WI_1,Estacional,2016-05-09,0.6796467,XGBoost
HOUSEHOLD_1_021,WI_1,Estacional,2016-05-10,0.57369816,XGBoost
HOUSEHOLD_1_021,WI_1,Estacional,2016-05-11,0.57369816,XGBoost
HOUSEHOLD_1_021,WI_1,Estacional,2016-05-12,0.6061612,XGBoost
HOUSEHOLD_1_021,WI_1,Estacional,2016-05-13,0.7561768,XGBoost
HOUSEHOLD_1_021,WI_1,Estacional,2016-05-14,0.91820234,XGBoost
HOUSEHOLD_1_021,WI_1,Estacional,2016-05-15,0.87635475,XGBoost
HOUSEHOLD_1_021,WI_1,Estacional,2016-05-16,0.71444005,XGBoost
HOUSEHOLD_1_021,WI_1,Estacional,2016-05-17,0.6222358,XGBoost
HOUSEHOLD_1_021,WI_1,Estacional,2016-05-18,0.64465594,XGBoost
HOUSEHOLD_1_021,WI_1,Estacional,2016-05-19,0.67711896,XGBoost
HOUSEHOLD_1_021,WI_1,Estacional,2016-05-20,0.8271346,XGBoost
HOUSEHOLD_1_021,WI_1,Estacional,2016-05-21,1.0915387,XGBoost
HOUSEHOLD_1_021,WI_1,Estacional,2016-05-22,1.0496914,XGBoost
HOUSEHOLD_1_072,WI_1,Estacional,2016-04-25,1.802031,XGBoost
HOUSEHOLD_1_072,WI_1,Estacional,2016-04-26,1.4959188,XGBoost
HOUSEHOLD_1_072,WI_1,Estacional,2016-04-27,1.63155,XGBoost
HOUSEHOLD_1_072,WI_1,Estacional,2016-04-28,1.7967917,XGBoost
HOUSEHOLD_1_072,WI_1,Estacional,2016-04-29,2.3253856,XGBoost
HOUSEHOLD_1_072,WI_1,Estacional,2016-04-30,3.1361747,XGBoost
HOUSEHOLD_1_072,WI_1,Estacional,2016-05-01,3.0958905,XGBoost
HOUSEHOLD_1_072,WI_1,Estacional,2016-05-02,1.7864313,XGBoost
HOUSEHOLD_1_072,WI_1,Estacional,2016-05-03,1.6101277,XGBoost
HOUSEHOLD_1_072,WI_1,Estacional,2016-05-04,1.6710533,XGBoost
HOUSEHOLD_1_072,WI_1,Estacional,2016-05-05,1.6420354,XGBoost
HOUSEHOLD_1_072,WI_1,Estacional,2016-05-06,2.4931812,XGBoost
HOUSEHOLD_1_072,WI_1,Estacional,2016-05-07,3.2552514,XGBoost
HOUSEHOLD_1_072,WI_1,Estacional,2016-05-08,2.842947,XGBoost
HOUSEHOLD_1_072,WI_1,Estacional,2016-05-09,1.6408639,XGBoost
HOUSEHOLD_1_072,WI_1,Estacional,2016-05-10,1.5901589,XGBoost
HOUSEHOLD_1_072,WI_1,Estacional,2016-05-11,1.6190947,XGBoost
HOUSEHOLD_1_072,WI_1,Estacional,2016-05-12,1.6660231,XGBoost
HOUSEHOLD_1_072,WI_1,Estacional,2016-05-13,2.2760873,XGBoost
HOUSEHOLD_1_072,WI_1,Estacional,2016-05-14,3.0188482,XGBoost
HOUSEHOLD_1_072,WI_1,Estacional,2016-05-15,2.81229,XGBoost
HOUSEHOLD_1_072,WI_1,Estacional,2016-05-16,1.7692407,XGBoost
HOUSEHOLD_1_072,WI_1,Estacional,2016-05-17,1.5002193,XGBoost
HOUSEHOLD_1_072,WI_1,Estacional,2016-05-18,1.558156,XGBoost
HOUSEHOLD_1_072,WI_1,Estacional,2016-05-19,1.69484,XGBoost
HOUSEHOLD_1_072,WI_1,Estacional,2016-05-20,2.0619743,XGBoost
HOUSEHOLD_1_072,WI_1,Estacional,2016-05-21,3.1005147,XGBoost
HOUSEHOLD_1_072,WI_1,Estacional,2016-05-22,2.7157526,XGBoost
HOUSEHOLD_1_075,WI_1,Estacional,2016-04-25,1.6865394,XGBoost
HOUSEHOLD_1_075,WI_1,Estacional,2016-04-26,1.5206796,XGBoost
HOUSEHOLD_1_075,WI_1,Estacional,2016-04-27,1.5200555,XGBoost
HOUSEHOLD_1_075,WI_1,Estacional,2016-04-28,1.8234652,XGBoost
HOUSEHOLD_1_075,WI_1,Estacional,2016-04-29,2.1225054,XGBoost
HOUSEHOLD_1_075,WI_1,Estacional,2016-04-30,2.862711,XGBoost
HOUSEHOLD_1_075,WI_1,Estacional,2016-05-01,2.4224494,XGBoost
HOUSEHOLD_1_075,WI_1,Estacional,2016-05-02,1.6617377,XGBoost
HOUSEHOLD_1_075,WI_1,Estacional,2016-05-03,1.5655444,XGBoost
HOUSEHOLD_1_075,WI_1,Estacional,2016-05-04,1.5049939,XGBoost
HOUSEHOLD_1_075,WI_1,Estacional,2016-05-05,1.7568651,XGBoost
HOUSEHOLD_1_075,WI_1,Estacional,2016-05-06,2.084516,XGBoost
HOUSEHOLD_1_075,WI_1,Estacional,2016-05-07,2.7150846,XGBoost
HOUSEHOLD_1_075,WI_1,Estacional,2016-05-08,2.3838003,XGBoost
HOUSEHOLD_1_075,WI_1,Estacional,2016-05-09,1.7277361,XGBoost
HOUSEHOLD_1_075,WI_1,Estacional,2016-05-10,1.5227563,XGBoost
HOUSEHOLD_1_075,WI_1,Estacional,2016-05-11,1.4508289,XGBoost
HOUSEHOLD_1_075,WI_1,Estacional,2016-05-12,1.7467822,XGBoost
HOUSEHOLD_1_075,WI_1,Estacional,2016-05-13,1.9792833,XGBoost
HOUSEHOLD_1_075,WI_1,Estacional,2016-05-14,2.722745,XGBoost
HOUSEHOLD_1_075,WI_1,Estacional,2016-05-15,2.6643424,XGBoost
HOUSEHOLD_1_075,WI_1,Estacional,2016-05-16,1.6198866,XGBoost
HOUSEHOLD_1_075,WI_1,Estacional,2016-05-17,1.5818241,XGBoost
HOUSEHOLD_1_075,WI_1,Estacional,2016-05-18,1.483505,XGBoost
HOUSEHOLD_1_075,WI_1,Estacional,2016-05-19,1.7801174,XGBoost
HOUSEHOLD_1_075,WI_1,Estacional,2016-05-20,1.820368,XGBoost
HOUSEHOLD_1_075,WI_1,Estacional,2016-05-21,2.8051393,XGBoost
HOUSEHOLD_1_075,WI_1,Estacional,2016-05-22,2.6032774,XGBoost
HOUSEHOLD_1_088,WI_1,Estacional,2016-04-25,0.9089759,XGBoost
HOUSEHOLD_1_088,WI_1,Estacional,2016-04-26,0.8013065,XGBoost
HOUSEHOLD_1_088,WI_1,Estacional,2016-04-27,0.82472646,XGBoost
HOUSEHOLD_1_088,WI_1,Estacional,2016-04-28,0.90697134,XGBoost
HOUSEHOLD_1_088,WI_1,Estacional,2016-04-29,1.4496866,XGBoost
HOUSEHOLD_1_088,WI_1,Estacional,2016-04-30,1.7289337,XGBoost
HOUSEHOLD_1_088,WI_1,Estacional,2016-05-01,1.4345636,XGBoost
HOUSEHOLD_1_088,WI_1,Estacional,2016-05-02,1.0088241,XGBoost
HOUSEHOLD_1_088,WI_1,Estacional,2016-05-03,0.8869079,XGBoost
HOUSEHOLD_1_088,WI_1,Estacional,2016-05-04,0.8869079,XGBoost
HOUSEHOLD_1_088,WI_1,Estacional,2016-05-05,0.934527,XGBoost
HOUSEHOLD_1_088,WI_1,Estacional,2016-05-06,1.2301354,XGBoost
HOUSEHOLD_1_088,WI_1,Estacional,2016-05-07,1.951471,XGBoost
HOUSEHOLD_1_088,WI_1,Estacional,2016-05-08,1.4591315,XGBoost
HOUSEHOLD_1_088,WI_1,Estacional,2016-05-09,1.0088241,XGBoost
HOUSEHOLD_1_088,WI_1,Estacional,2016-05-10,0.9013732,XGBoost
HOUSEHOLD_1_088,WI_1,Estacional,2016-05-11,0.95505756,XGBoost
HOUSEHOLD_1_088,WI_1,Estacional,2016-05-12,0.9193709,XGBoost
HOUSEHOLD_1_088,WI_1,Estacional,2016-05-13,1.2432911,XGBoost
HOUSEHOLD_1_088,WI_1,Estacional,2016-05-14,1.7698162,XGBoost
HOUSEHOLD_1_088,WI_1,Estacional,2016-05-15,1.6291983,XGBoost
HOUSEHOLD_1_088,WI_1,Estacional,2016-05-16,0.97191536,XGBoost
HOUSEHOLD_1_088,WI_1,Estacional,2016-05-17,0.8869079,XGBoost
HOUSEHOLD_1_088,WI_1,Estacional,2016-05-18,0.8869079,XGBoost
HOUSEHOLD_1_088,WI_1,Estacional,2016-05-19,0.9193709,XGBoost
HOUSEHOLD_1_088,WI_1,Estacional,2016-05-20,1.3176488,XGBoost
HOUSEHOLD_1_088,WI_1,Estacional,2016-05-21,1.6141604,XGBoost
HOUSEHOLD_1_088,WI_1,Estacional,2016-05-22,1.5610483,XGBoost
HOUSEHOLD_1_294,WI_1,Estacional,2016-04-25,2.7282398,XGBoost
HOUSEHOLD_1_294,WI_1,Estacional,2016-04-26,2.3928769,XGBoost
HOUSEHOLD_1_294,WI_1,Estacional,2016-04-27,2.623373,XGBoost
HOUSEHOLD_1_294,WI_1,Estacional,2016-04-28,2.1249633,XGBoost
HOUSEHOLD_1_294,WI_1,Estacional,2016-04-29,2.9009721,XGBoost
HOUSEHOLD_1_294,WI_1,Estacional,2016-04-30,4.047428,XGBoost
HOUSEHOLD_1_294,WI_1,Estacional,2016-05-01,3.9442601,XGBoost
HOUSEHOLD_1_294,WI_1,Estacional,2016-05-02,2.4843354,XGBoost
HOUSEHOLD_1_294,WI_1,Estacional,2016-05-03,2.3398952,XGBoost
HOUSEHOLD_1_294,WI_1,Estacional,2016-05-04,2.2860236,XGBoost
HOUSEHOLD_1_294,WI_1,Estacional,2016-05-05,2.3124523,XGBoost
HOUSEHOLD_1_294,WI_1,Estacional,2016-05-06,2.7754633,XGBoost
HOUSEHOLD_1_294,WI_1,Estacional,2016-05-07,3.94093,XGBoost
HOUSEHOLD_1_294,WI_1,Estacional,2016-05-08,4.146043,XGBoost
HOUSEHOLD_1_294,WI_1,Estacional,2016-05-09,2.5654202,XGBoost
HOUSEHOLD_1_294,WI_1,Estacional,2016-05-10,2.219781,XGBoost
HOUSEHOLD_1_294,WI_1,Estacional,2016-05-11,2.14318,XGBoost
HOUSEHOLD_1_294,WI_1,Estacional,2016-05-12,2.2493227,XGBoost
HOUSEHOLD_1_294,WI_1,Estacional,2016-05-13,2.6281,XGBoost
HOUSEHOLD_1_294,WI_1,Estacional,2016-05-14,3.860043,XGBoost
HOUSEHOLD_1_294,WI_1,Estacional,2016-05-15,3.9738753,XGBoost
HOUSEHOLD_1_294,WI_1,Estacional,2016-05-16,2.5319576,XGBoost
HOUSEHOLD_1_294,WI_1,Estacional,2016-05-17,2.1204128,XGBoost
HOUSEHOLD_1_294,WI_1,Estacional,2016-05-18,2.1657956,XGBoost
HOUSEHOLD_1_294,WI_1,Estacional,2016-05-19,2.2131844,XGBoost
HOUSEHOLD_1_294,WI_1,Estacional,2016-05-20,2.7611206,XGBoost
HOUSEHOLD_1_294,WI_1,Estacional,2016-05-21,3.9028127,XGBoost
HOUSEHOLD_1_294,WI_1,Estacional,2016-05-22,3.9606586,XGBoost
HOUSEHOLD_1_381,WI_1,Estacional,2016-04-25,1.1349192,XGBoost
HOUSEHOLD_1_381,WI_1,Estacional,2016-04-26,1.0257472,XGBoost
HOUSEHOLD_1_381,WI_1,Estacional,2016-04-27,1.0578809,XGBoost
HOUSEHOLD_1_381,WI_1,Estacional,2016-04-28,1.1388117,XGBoost
HOUSEHOLD_1_381,WI_1,Estacional,2016-04-29,1.3515625,XGBoost
HOUSEHOLD_1_381,WI_1,Estacional,2016-04-30,1.8023611,XGBoost
HOUSEHOLD_1_381,WI_1,Estacional,2016-05-01,1.9200507,XGBoost
HOUSEHOLD_1_381,WI_1,Estacional,2016-05-02,1.1593684,XGBoost
HOUSEHOLD_1_381,WI_1,Estacional,2016-05-03,1.0519174,XGBoost
HOUSEHOLD_1_381,WI_1,Estacional,2016-05-04,1.0374521,XGBoost
HOUSEHOLD_1_381,WI_1,Estacional,2016-05-05,1.1495287,XGBoost
HOUSEHOLD_1_381,WI_1,Estacional,2016-05-06,1.4039319,XGBoost
HOUSEHOLD_1_381,WI_1,Estacional,2016-05-07,1.8383962,XGBoost
HOUSEHOLD_1_381,WI_1,Estacional,2016-05-08,1.7928786,XGBoost
HOUSEHOLD_1_381,WI_1,Estacional,2016-05-09,1.1107128,XGBoost
HOUSEHOLD_1_381,WI_1,Estacional,2016-05-10,1.0519174,XGBoost
HOUSEHOLD_1_381,WI_1,Estacional,2016-05-11,1.0374521,XGBoost
HOUSEHOLD_1_381,WI_1,Estacional,2016-05-12,1.0826595,XGBoost
HOUSEHOLD_1_381,WI_1,Estacional,2016-05-13,1.3729887,XGBoost
HOUSEHOLD_1_381,WI_1,Estacional,2016-05-14,1.9249655,XGBoost
HOUSEHOLD_1_381,WI_1,Estacional,2016-05-15,1.6750072,XGBoost
HOUSEHOLD_1_381,WI_1,Estacional,2016-05-16,1.1107128,XGBoost
HOUSEHOLD_1_381,WI_1,Estacional,2016-05-17,0.9887963,XGBoost
HOUSEHOLD_1_381,WI_1,Estacional,2016-05-18,0.9887963,XGBoost
HOUSEHOLD_1_381,WI_1,Estacional,2016-05-19,1.0357249,XGBoost
HOUSEHOLD_1_381,WI_1,Estacional,2016-05-20,1.2579044,XGBoost
HOUSEHOLD_1_381,WI_1,Estacional,2016-05-21,1.6141604,XGBoost
HOUSEHOLD_1_381,WI_1,Estacional,2016-05-22,1.5610483,XGBoost
HOUSEHOLD_1_393,WI_1,Estacional,2016-04-25,1.7135217,XGBoost
HOUSEHOLD_1_393,WI_1,Estacional,2016-04-26,1.4172778,XGBoost
HOUSEHOLD_1_393,WI_1,Estacional,2016-04-27,1.4151256,XGBoost
HOUSEHOLD_1_393,WI_1,Estacional,2016-04-28,1.3648168,XGBoost
HOUSEHOLD_1_393,WI_1,Estacional,2016-04-29,1.7189811,XGBoost
HOUSEHOLD_1_393,WI_1,Estacional,2016-04-30,2.6450264,XGBoost
HOUSEHOLD_1_393,WI_1,Estacional,2016-05-01,2.327281,XGBoost
HOUSEHOLD_1_393,WI_1,Estacional,2016-05-02,1.6919426,XGBoost
HOUSEHOLD_1_393,WI_1,Estacional,2016-05-03,1.4292281,XGBoost
HOUSEHOLD_1_393,WI_1,Estacional,2016-05-04,1.3953038,XGBoost
HOUSEHOLD_1_393,WI_1,Estacional,2016-05-05,1.3753282,XGBoost
HOUSEHOLD_1_393,WI_1,Estacional,2016-05-06,1.7383358,XGBoost
HOUSEHOLD_1_393,WI_1,Estacional,2016-05-07,2.4366703,XGBoost
HOUSEHOLD_1_393,WI_1,Estacional,2016-05-08,2.1989121,XGBoost
HOUSEHOLD_1_393,WI_1,Estacional,2016-05-09,1.4231554,XGBoost
HOUSEHOLD_1_393,WI_1,Estacional,2016-05-10,1.4007722,XGBoost
HOUSEHOLD_1_393,WI_1,Estacional,2016-05-11,1.3404533,XGBoost
HOUSEHOLD_1_393,WI_1,Estacional,2016-05-12,1.3940212,XGBoost
HOUSEHOLD_1_393,WI_1,Estacional,2016-05-13,1.638274,XGBoost
HOUSEHOLD_1_393,WI_1,Estacional,2016-05-14,2.459475,XGBoost
HOUSEHOLD_1_393,WI_1,Estacional,2016-05-15,2.5236206,XGBoost
HOUSEHOLD_1_393,WI_1,Estacional,2016-05-16,1.4991859,XGBoost
HOUSEHOLD_1_393,WI_1,Estacional,2016-05-17,1.3313395,XGBoost
HOUSEHOLD_1_393,WI_1,Estacional,2016-05-18,1.3325858,XGBoost
HOUSEHOLD_1_393,WI_1,Estacional,2016-05-19,1.3493373,XGBoost
HOUSEHOLD_1_393,WI_1,Estacional,2016-05-20,1.59359,XGBoost
HOUSEHOLD_1_393,WI_1,Estacional,2016-05-21,2.4737992,XGBoost
HOUSEHOLD_1_393,WI_1,Estacional,2016-05-22,2.3027139,XGBoost
HOUSEHOLD_1_411,WI_1,Estacional,2016-04-25,1.1495094,XGBoost
HOUSEHOLD_1_411,WI_1,Estacional,2016-04-26,0.9481054,XGBoost
HOUSEHOLD_1_411,WI_1,Estacional,2016-04-27,0.89639235,XGBoost
HOUSEHOLD_1_411,WI_1,Estacional,2016-04-28,1.0893109,XGBoost
HOUSEHOLD_1_411,WI_1,Estacional,2016-04-29,1.2524699,XGBoost
HOUSEHOLD_1_411,WI_1,Estacional,2016-04-30,1.6505867,XGBoost
HOUSEHOLD_1_411,WI_1,Estacional,2016-05-01,1.5654693,XGBoost
HOUSEHOLD_1_411,WI_1,Estacional,2016-05-02,1.0088241,XGBoost
HOUSEHOLD_1_411,WI_1,Estacional,2016-05-03,0.9141176,XGBoost
HOUSEHOLD_1_411,WI_1,Estacional,2016-05-04,0.8869079,XGBoost
HOUSEHOLD_1_411,WI_1,Estacional,2016-05-05,1.2309152,XGBoost
HOUSEHOLD_1_411,WI_1,Estacional,2016-05-06,1.203648,XGBoost
HOUSEHOLD_1_411,WI_1,Estacional,2016-05-07,1.5992306,XGBoost
HOUSEHOLD_1_411,WI_1,Estacional,2016-05-08,1.6630402,XGBoost
HOUSEHOLD_1_411,WI_1,Estacional,2016-05-09,1.0088241,XGBoost
HOUSEHOLD_1_411,WI_1,Estacional,2016-05-10,0.85337186,XGBoost
HOUSEHOLD_1_411,WI_1,Estacional,2016-05-11,0.85337186,XGBoost
HOUSEHOLD_1_411,WI_1,Estacional,2016-05-12,1.0797018,XGBoost
HOUSEHOLD_1_411,WI_1,Estacional,2016-05-13,1.1321334,XGBoost
HOUSEHOLD_1_411,WI_1,Estacional,2016-05-14,1.5864862,XGBoost
HOUSEHOLD_1_411,WI_1,Estacional,2016-05-15,1.5118505,XGBoost
HOUSEHOLD_1_411,WI_1,Estacional,2016-05-16,1.0088241,XGBoost
HOUSEHOLD_1_411,WI_1,Estacional,2016-05-17,0.9013732,XGBoost
HOUSEHOLD_1_411,WI_1,Estacional,2016-05-18,0.8869079,XGBoost
HOUSEHOLD_1_411,WI_1,Estacional,2016-05-19,0.93508244,XGBoost
HOUSEHOLD_1_411,WI_1,Estacional,2016-05-20,1.1268997,XGBoost
HOUSEHOLD_1_411,WI_1,Estacional,2016-05-21,1.5795846,XGBoost
HOUSEHOLD_1_411,WI_1,Estacional,2016-05-22,1.5377374,XGBoost
HOUSEHOLD_1_445,WI_1,Estacional,2016-04-25,2.6546054,XGBoost
HOUSEHOLD_1_445,WI_1,Estacional,2016-04-26,2.272726,XGBoost
HOUSEHOLD_1_445,WI_1,Estacional,2016-04-27,2.4119508,XGBoost
HOUSEHOLD_1_445,WI_1,Estacional,2016-04-28,2.2722187,XGBoost
HOUSEHOLD_1_445,WI_1,Estacional,2016-04-29,3.208803,XGBoost
HOUSEHOLD_1_445,WI_1,Estacional,2016-04-30,4.122343,XGBoost
HOUSEHOLD_1_445,WI_1,Estacional,2016-05-01,3.786549,XGBoost
HOUSEHOLD_1_445,WI_1,Estacional,2016-05-02,2.7274354,XGBoost
HOUSEHOLD_1_445,WI_1,Estacional,2016-05-03,2.332077,XGBoost
HOUSEHOLD_1_445,WI_1,Estacional,2016-05-04,2.4758286,XGBoost
HOUSEHOLD_1_445,WI_1,Estacional,2016-05-05,2.4653625,XGBoost
HOUSEHOLD_1_445,WI_1,Estacional,2016-05-06,2.9939194,XGBoost
HOUSEHOLD_1_445,WI_1,Estacional,2016-05-07,4.3172975,XGBoost
HOUSEHOLD_1_445,WI_1,Estacional,2016-05-08,3.687789,XGBoost
HOUSEHOLD_1_445,WI_1,Estacional,2016-05-09,2.5586019,XGBoost
HOUSEHOLD_1_445,WI_1,Estacional,2016-05-10,2.2509618,XGBoost
HOUSEHOLD_1_445,WI_1,Estacional,2016-05-11,2.4140372,XGBoost
HOUSEHOLD_1_445,WI_1,Estacional,2016-05-12,2.2834249,XGBoost
HOUSEHOLD_1_445,WI_1,Estacional,2016-05-13,2.9709,XGBoost
HOUSEHOLD_1_445,WI_1,Estacional,2016-05-14,4.23526,XGBoost
HOUSEHOLD_1_445,WI_1,Estacional,2016-05-15,3.7762196,XGBoost
HOUSEHOLD_1_445,WI_1,Estacional,2016-05-16,2.4268155,XGBoost
HOUSEHOLD_1_445,WI_1,Estacional,2016-05-17,2.2419245,XGBoost
HOUSEHOLD_1_445,WI_1,Estacional,2016-05-18,2.2419245,XGBoost
HOUSEHOLD_1_445,WI_1,Estacional,2016-05-19,2.258676,XGBoost
HOUSEHOLD_1_445,WI_1,Estacional,2016-05-20,2.900378,XGBoost
HOUSEHOLD_1_445,WI_1,Estacional,2016-05-21,4.228364,XGBoost
HOUSEHOLD_1_445,WI_1,Estacional,2016-05-22,3.760508,XGBoost
HOUSEHOLD_1_538,WI_1,Estacional,2016-04-25,1.844553,XGBoost
HOUSEHOLD_1_538,WI_1,Estacional,2016-04-26,1.392698,XGBoost
HOUSEHOLD_1_538,WI_1,Estacional,2016-04-27,1.4590558,XGBoost
HOUSEHOLD_1_538,WI_1,Estacional,2016-04-28,1.5042633,XGBoost
HOUSEHOLD_1_538,WI_1,Estacional,2016-04-29,1.9633163,XGBoost
HOUSEHOLD_1_538,WI_1,Estacional,2016-04-30,2.8617513,XGBoost
HOUSEHOLD_1_538,WI_1,Estacional,2016-05-01,2.8443627,XGBoost
HOUSEHOLD_1_538,WI_1,Estacional,2016-05-02,1.7363446,XGBoost
HOUSEHOLD_1_538,WI_1,Estacional,2016-05-03,1.5964376,XGBoost
HOUSEHOLD_1_538,WI_1,Estacional,2016-05-04,1.4400336,XGBoost
HOUSEHOLD_1_538,WI_1,Estacional,2016-05-05,1.5311242,XGBoost
HOUSEHOLD_1_538,WI_1,Estacional,2016-05-06,1.8232284,XGBoost
HOUSEHOLD_1_538,WI_1,Estacional,2016-05-07,2.6255891,XGBoost
HOUSEHOLD_1_538,WI_1,Estacional,2016-05-08,2.682647,XGBoost
HOUSEHOLD_1_538,WI_1,Estacional,2016-05-09,1.6139072,XGBoost
HOUSEHOLD_1_538,WI_1,Estacional,2016-05-10,1.454499,XGBoost
HOUSEHOLD_1_538,WI_1,Estacional,2016-05-11,1.4400336,XGBoost
HOUSEHOLD_1_538,WI_1,Estacional,2016-05-12,1.555112,XGBoost
HOUSEHOLD_1_538,WI_1,Estacional,2016-05-13,1.8391612,XGBoost
HOUSEHOLD_1_538,WI_1,Estacional,2016-05-14,2.720436,XGBoost
HOUSEHOLD_1_538,WI_1,Estacional,2016-05-15,2.5223114,XGBoost
HOUSEHOLD_1_538,WI_1,Estacional,2016-05-16,1.7652494,XGBoost
HOUSEHOLD_1_538,WI_1,Estacional,2016-05-17,1.4400336,XGBoost
HOUSEHOLD_1_538,WI_1,Estacional,2016-05-18,1.4400336,XGBoost
HOUSEHOLD_1_538,WI_1,Estacional,2016-05-19,1.4724966,XGBoost
HOUSEHOLD_1_538,WI_1,Estacional,2016-05-20,1.8234496,XGBoost
HOUSEHOLD_1_538,WI_1,Estacional,2016-05-21,2.6213398,XGBoost
HOUSEHOLD_1_538,WI_1,Estacional,2016-05-22,2.654498,XGBoost
FOODS_1_018,WI_1,Estacional,2016-04-25,10.282602,XGBoost
FOODS_1_018,WI_1,Estacional,2016-04-26,9.146114,XGBoost
FOODS_1_018,WI_1,Estacional,2016-04-27,9.225609,XGBoost
FOODS_1_018,WI_1,Estacional,2016-04-28,9.1943445,XGBoost
FOODS_1_018,WI_1,Estacional,2016-04-29,11.092144,XGBoost
FOODS_1_018,WI_1,Estacional,2016-04-30,15.704224,XGBoost
FOODS_1_018,WI_1,Estacional,2016-05-01,12.759012,XGBoost
FOODS_1_018,WI_1,Estacional,2016-05-02,9.306154,XGBoost
FOODS_1_018,WI_1,Estacional,2016-05-03,8.795744,XGBoost
FOODS_1_018,WI_1,Estacional,2016-05-04,9.066218,XGBoost
FOODS_1_018,WI_1,Estacional,2016-05-05,9.201502,XGBoost
FOODS_1_018,WI_1,Estacional,2016-05-06,11.169479,XGBoost
FOODS_1_018,WI_1,Estacional,2016-05-07,15.279909,XGBoost
FOODS_1_018,WI_1,Estacional,2016-05-08,12.432419,XGBoost
FOODS_1_018,WI_1,Estacional,2016-05-09,9.429782,XGBoost
FOODS_1_018,WI_1,Estacional,2016-05-10,8.802479,XGBoost
FOODS_1_018,WI_1,Estacional,2016-05-11,9.146747,XGBoost
FOODS_1_018,WI_1,Estacional,2016-05-12,9.244896,XGBoost
FOODS_1_018,WI_1,Estacional,2016-05-13,10.918053,XGBoost
FOODS_1_018,WI_1,Estacional,2016-05-14,16.598398,XGBoost
FOODS_1_018,WI_1,Estacional,2016-05-15,13.283328,XGBoost
FOODS_1_018,WI_1,Estacional,2016-05-16,9.588254,XGBoost
FOODS_1_018,WI_1,Estacional,2016-05-17,8.858744,XGBoost
FOODS_1_018,WI_1,Estacional,2016-05-18,9.058526,XGBoost
FOODS_1_018,WI_1,Estacional,2016-05-19,9.219416,XGBoost
FOODS_1_018,WI_1,Estacional,2016-05-20,11.38044,XGBoost
FOODS_1_018,WI_1,Estacional,2016-05-21,16.425636,XGBoost
FOODS_1_018,WI_1,Estacional,2016-05-22,13.42946,XGBoost
FOODS_1_046,WI_1,Estacional,2016-04-25,6.437609,XGBoost
FOODS_1_046,WI_1,Estacional,2016-04-26,5.469837,XGBoost
FOODS_1_046,WI_1,Estacional,2016-04-27,5.5030756,XGBoost
FOODS_1_046,WI_1,Estacional,2016-04-28,5.8168335,XGBoost
FOODS_1_046,WI_1,Estacional,2016-04-29,8.426494,XGBoost
FOODS_1_046,WI_1,Estacional,2016-04-30,11.96742,XGBoost
FOODS_1_046,WI_1,Estacional,2016-05-01,11.464764,XGBoost
FOODS_1_046,WI_1,Estacional,2016-05-02,7.2078624,XGBoost
FOODS_1_046,WI_1,Estacional,2016-05-03,6.665482,XGBoost
FOODS_1_046,WI_1,Estacional,2016-05-04,7.120304,XGBoost
FOODS_1_046,WI_1,Estacional,2016-05-05,6.868917,XGBoost
FOODS_1_046,WI_1,Estacional,2016-05-06,9.290123,XGBoost
FOODS_1_046,WI_1,Estacional,2016-05-07,12.497903,XGBoost
FOODS_1_046,WI_1,Estacional,2016-05-08,11.460623,XGBoost
FOODS_1_046,WI_1,Estacional,2016-05-09,7.948221,XGBoost
FOODS_1_046,WI_1,Estacional,2016-05-10,6.705097,XGBoost
FOODS_1_046,WI_1,Estacional,2016-05-11,6.6455126,XGBoost
FOODS_1_046,WI_1,Estacional,2016-05-12,6.5664454,XGBoost
FOODS_1_046,WI_1,Estacional,2016-05-13,9.31934,XGBoost
FOODS_1_046,WI_1,Estacional,2016-05-14,12.212616,XGBoost
FOODS_1_046,WI_1,Estacional,2016-05-15,10.574685,XGBoost
FOODS_1_046,WI_1,Estacional,2016-05-16,7.506748,XGBoost
FOODS_1_046,WI_1,Estacional,2016-05-17,6.446752,XGBoost
FOODS_1_046,WI_1,Estacional,2016-05-18,6.385797,XGBoost
FOODS_1_046,WI_1,Estacional,2016-05-19,6.4270797,XGBoost
FOODS_1_046,WI_1,Estacional,2016-05-20,9.550482,XGBoost
FOODS_1_046,WI_1,Estacional,2016-05-21,12.937139,XGBoost
FOODS_1_046,WI_1,Estacional,2016-05-22,11.990479,XGBoost
FOODS_3_030,WI_1,Estacional,2016-04-25,5.662558,XGBoost
FOODS_3_030,WI_1,Estacional,2016-04-26,5.0314264,XGBoost
FOODS_3_030,WI_1,Estacional,2016-04-27,5.3470564,XGBoost
FOODS_3_030,WI_1,Estacional,2016-04-28,4.890572,XGBoost
FOODS_3_030,WI_1,Estacional,2016-04-29,6.662979,XGBoost
FOODS_3_030,WI_1,Estacional,2016-04-30,8.887567,XGBoost
FOODS_3_030,WI_1,Estacional,2016-05-01,8.809094,XGBoost
FOODS_3_030,WI_1,Estacional,2016-05-02,5.6517086,XGBoost
FOODS_3_030,WI_1,Estacional,2016-05-03,5.3900476,XGBoost
FOODS_3_030,WI_1,Estacional,2016-05-04,5.3796906,XGBoost
FOODS_3_030,WI_1,Estacional,2016-05-05,5.0240045,XGBoost
FOODS_3_030,WI_1,Estacional,2016-05-06,6.780035,XGBoost
FOODS_3_030,WI_1,Estacional,2016-05-07,8.667729,XGBoost
FOODS_3_030,WI_1,Estacional,2016-05-08,8.342248,XGBoost
FOODS_3_030,WI_1,Estacional,2016-05-09,5.6461797,XGBoost
FOODS_3_030,WI_1,Estacional,2016-05-10,5.213861,XGBoost
FOODS_3_030,WI_1,Estacional,2016-05-11,5.246172,XGBoost
FOODS_3_030,WI_1,Estacional,2016-05-12,5.437585,XGBoost
FOODS_3_030,WI_1,Estacional,2016-05-13,6.876701,XGBoost
FOODS_3_030,WI_1,Estacional,2016-05-14,8.894071,XGBoost
FOODS_3_030,WI_1,Estacional,2016-05-15,8.600401,XGBoost
FOODS_3_030,WI_1,Estacional,2016-05-16,5.6920643,XGBoost
FOODS_3_030,WI_1,Estacional,2016-05-17,5.4225326,XGBoost
FOODS_3_030,WI_1,Estacional,2016-05-18,5.249905,XGBoost
FOODS_3_030,WI_1,Estacional,2016-05-19,5.1439695,XGBoost
FOODS_3_030,WI_1,Estacional,2016-05-20,6.6843033,XGBoost
FOODS_3_030,WI_1,Estacional,2016-05-21,8.869382,XGBoost
FOODS_3_030,WI_1,Estacional,2016-05-22,8.270165,XGBoost
FOODS_3_042,WI_1,Estacional,2016-04-25,12.189897,XGBoost
FOODS_3_042,WI_1,Estacional,2016-04-26,12.043476,XGBoost
FOODS_3_042,WI_1,Estacional,2016-04-27,11.911144,XGBoost
FOODS_3_042,WI_1,Estacional,2016-04-28,12.600411,XGBoost
FOODS_3_042,WI_1,Estacional,2016-04-29,15.189223,XGBoost
FOODS_3_042,WI_1,Estacional,2016-04-30,20.779299,XGBoost
FOODS_3_042,WI_1,Estacional,2016-05-01,18.729502,XGBoost
FOODS_3_042,WI_1,Estacional,2016-05-02,11.847699,XGBoost
FOODS_3_042,WI_1,Estacional,2016-05-03,11.847128,XGBoost
FOODS_3_042,WI_1,Estacional,2016-05-04,11.827144,XGBoost
FOODS_3_042,WI_1,Estacional,2016-05-05,12.684874,XGBoost
FOODS_3_042,WI_1,Estacional,2016-05-06,14.829799,XGBoost
FOODS_3_042,WI_1,Estacional,2016-05-07,19.89954,XGBoost
FOODS_3_042,WI_1,Estacional,2016-05-08,18.471798,XGBoost
FOODS_3_042,WI_1,Estacional,2016-05-09,11.972939,XGBoost
FOODS_3_042,WI_1,Estacional,2016-05-10,11.674555,XGBoost
FOODS_3_042,WI_1,Estacional,2016-05-11,11.657672,XGBoost
FOODS_3_042,WI_1,Estacional,2016-05-12,12.204965,XGBoost
FOODS_3_042,WI_1,Estacional,2016-05-13,14.663699,XGBoost
FOODS_3_042,WI_1,Estacional,2016-05-14,19.541395,XGBoost
FOODS_3_042,WI_1,Estacional,2016-05-15,19.382755,XGBoost
FOODS_3_042,WI_1,Estacional,2016-05-16,12.264468,XGBoost
FOODS_3_042,WI_1,Estacional,2016-05-17,11.84325,XGBoost
FOODS_3_042,WI_1,Estacional,2016-05-18,11.549889,XGBoost
FOODS_3_042,WI_1,Estacional,2016-05-19,12.549691,XGBoost
FOODS_3_042,WI_1,Estacional,2016-05-20,14.77172,XGBoost
FOODS_3_042,WI_1,Estacional,2016-05-21,20.754831,XGBoost
FOODS_3_042,WI_1,Estacional,2016-05-22,19.393337,XGBoost
FOODS_3_080,WI_1,Estacional,2016-04-25,10.485111,XGBoost
FOODS_3_080,WI_1,Estacional,2016-04-26,9.868448,XGBoost
FOODS_3_080,WI_1,Estacional,2016-04-27,9.841245,XGBoost
FOODS_3_080,WI_1,Estacional,2016-04-28,10.229124,XGBoost
FOODS_3_080,WI_1,Estacional,2016-04-29,13.028879,XGBoost
FOODS_3_080,WI_1,Estacional,2016-04-30,16.779953,XGBoost
FOODS_3_080,WI_1,Estacional,2016-05-01,13.712212,XGBoost
FOODS_3_080,WI_1,Estacional,2016-05-02,10.868311,XGBoost
FOODS_3_080,WI_1,Estacional,2016-05-03,10.388038,XGBoost
FOODS_3_080,WI_1,Estacional,2016-05-04,10.217406,XGBoost
FOODS_3_080,WI_1,Estacional,2016-05-05,10.714757,XGBoost
FOODS_3_080,WI_1,Estacional,2016-05-06,13.848029,XGBoost
FOODS_3_080,WI_1,Estacional,2016-05-07,17.05663,XGBoost
FOODS_3_080,WI_1,Estacional,2016-05-08,15.364721,XGBoost
FOODS_3_080,WI_1,Estacional,2016-05-09,11.095202,XGBoost
FOODS_3_080,WI_1,Estacional,2016-05-10,10.579724,XGBoost
FOODS_3_080,WI_1,Estacional,2016-05-11,10.340305,XGBoost
FOODS_3_080,WI_1,Estacional,2016-05-12,11.054046,XGBoost
FOODS_3_080,WI_1,Estacional,2016-05-13,14.276117,XGBoost
FOODS_3_080,WI_1,Estacional,2016-05-14,17.45066,XGBoost
FOODS_3_080,WI_1,Estacional,2016-05-15,15.384132,XGBoost
FOODS_3_080,WI_1,Estacional,2016-05-16,11.557938,XGBoost
FOODS_3_080,WI_1,Estacional,2016-05-17,10.672713,XGBoost
FOODS_3_080,WI_1,Estacional,2016-05-18,10.670291,XGBoost
FOODS_3_080,WI_1,Estacional,2016-05-19,11.25005,XGBoost
FOODS_3_080,WI_1,Estacional,2016-05-20,13.954886,XGBoost
FOODS_3_080,WI_1,Estacional,2016-05-21,18.232403,XGBoost
FOODS_3_080,WI_1,Estacional,2016-05-22,15.627973,XGBoost
FOODS_3_136,WI_1,Estacional,2016-04-25,4.210818,XGBoost
FOODS_3_136,WI_1,Estacional,2016-04-26,3.91771,XGBoost
FOODS_3_136,WI_1,Estacional,2016-04-27,4.1368833,XGBoost
FOODS_3_136,WI_1,Estacional,2016-04-28,4.116416,XGBoost
FOODS_3_136,WI_1,Estacional,2016-04-29,5.744805,XGBoost
FOODS_3_136,WI_1,Estacional,2016-04-30,7.458774,XGBoost
FOODS_3_136,WI_1,Estacional,2016-05-01,6.900778,XGBoost
FOODS_3_136,WI_1,Estacional,2016-05-02,4.160098,XGBoost
FOODS_3_136,WI_1,Estacional,2016-05-03,3.9539523,XGBoost
FOODS_3_136,WI_1,Estacional,2016-05-04,4.29663,XGBoost
FOODS_3_136,WI_1,Estacional,2016-05-05,4.3861737,XGBoost
FOODS_3_136,WI_1,Estacional,2016-05-06,5.5198784,XGBoost
FOODS_3_136,WI_1,Estacional,2016-05-07,7.0868187,XGBoost
FOODS_3_136,WI_1,Estacional,2016-05-08,6.1092286,XGBoost
FOODS_3_136,WI_1,Estacional,2016-05-09,4.2312827,XGBoost
FOODS_3_136,WI_1,Estacional,2016-05-10,4.252503,XGBoost
FOODS_3_136,WI_1,Estacional,2016-05-11,4.017655,XGBoost
FOODS_3_136,WI_1,Estacional,2016-05-12,3.9381127,XGBoost
FOODS_3_136,WI_1,Estacional,2016-05-13,5.467347,XGBoost
FOODS_3_136,WI_1,Estacional,2016-05-14,7.019686,XGBoost
FOODS_3_136,WI_1,Estacional,2016-05-15,6.328024,XGBoost
FOODS_3_136,WI_1,Estacional,2016-05-16,4.215647,XGBoost
FOODS_3_136,WI_1,Estacional,2016-05-17,3.9785545,XGBoost
FOODS_3_136,WI_1,Estacional,2016-05-18,4.055214,XGBoost
FOODS_3_136,WI_1,Estacional,2016-05-19,4.1042533,XGBoost
FOODS_3_136,WI_1,Estacional,2016-05-20,5.7017245,XGBoost
FOODS_3_136,WI_1,Estacional,2016-05-21,7.0725446,XGBoost
FOODS_3_136,WI_1,Estacional,2016-05-22,6.585523,XGBoost
FOODS_3_202,WI_1,Estacional,2016-04-25,9.721299,XGBoost
FOODS_3_202,WI_1,Estacional,2016-04-26,9.404155,XGBoost
FOODS_3_202,WI_1,Estacional,2016-04-27,8.692285,XGBoost
FOODS_3_202,WI_1,Estacional,2016-04-28,9.893678,XGBoost
FOODS_3_202,WI_1,Estacional,2016-04-29,11.359248,XGBoost
FOODS_3_202,WI_1,Estacional,2016-04-30,16.21518,XGBoost
FOODS_3_202,WI_1,Estacional,2016-05-01,14.624792,XGBoost
FOODS_3_202,WI_1,Estacional,2016-05-02,9.541148,XGBoost
FOODS_3_202,WI_1,Estacional,2016-05-03,8.926994,XGBoost
FOODS_3_202,WI_1,Estacional,2016-05-04,8.681018,XGBoost
FOODS_3_202,WI_1,Estacional,2016-05-05,9.739041,XGBoost
FOODS_3_202,WI_1,Estacional,2016-05-06,11.31372,XGBoost
FOODS_3_202,WI_1,Estacional,2016-05-07,16.605774,XGBoost
FOODS_3_202,WI_1,Estacional,2016-05-08,15.91668,XGBoost
FOODS_3_202,WI_1,Estacional,2016-05-09,9.451582,XGBoost
FOODS_3_202,WI_1,Estacional,2016-05-10,8.874749,XGBoost
FOODS_3_202,WI_1,Estacional,2016-05-11,8.803271,XGBoost
FOODS_3_202,WI_1,Estacional,2016-05-12,9.485034,XGBoost
FOODS_3_202,WI_1,Estacional,2016-05-13,11.009656,XGBoost
FOODS_3_202,WI_1,Estacional,2016-05-14,16.188951,XGBoost
FOODS_3_202,WI_1,Estacional,2016-05-15,14.698591,XGBoost
FOODS_3_202,WI_1,Estacional,2016-05-16,9.470416,XGBoost
FOODS_3_202,WI_1,Estacional,2016-05-17,9.294002,XGBoost
FOODS_3_202,WI_1,Estacional,2016-05-18,9.005065,XGBoost
FOODS_3_202,WI_1,Estacional,2016-05-19,9.654931,XGBoost
FOODS_3_202,WI_1,Estacional,2016-05-20,12.066285,XGBoost
FOODS_3_202,WI_1,Estacional,2016-05-21,16.203371,XGBoost
FOODS_3_202,WI_1,Estacional,2016-05-22,14.543541,XGBoost
FOODS_3_224,WI_1,Estacional,2016-04-25,2.3974416,XGBoost
FOODS_3_224,WI_1,Estacional,2016-04-26,2.2917747,XGBoost
FOODS_3_224,WI_1,Estacional,2016-04-27,2.1958008,XGBoost
FOODS_3_224,WI_1,Estacional,2016-04-28,2.4504824,XGBoost
FOODS_3_224,WI_1,Estacional,2016-04-29,3.2948828,XGBoost
FOODS_3_224,WI_1,Estacional,2016-04-30,4.284726,XGBoost
FOODS_3_224,WI_1,Estacional,2016-05-01,3.8489218,XGBoost
FOODS_3_224,WI_1,Estacional,2016-05-02,2.479253,XGBoost
FOODS_3_224,WI_1,Estacional,2016-05-03,2.3525515,XGBoost
FOODS_3_224,WI_1,Estacional,2016-05-04,2.3022614,XGBoost
FOODS_3_224,WI_1,Estacional,2016-05-05,2.4285636,XGBoost
FOODS_3_224,WI_1,Estacional,2016-05-06,2.9758756,XGBoost
FOODS_3_224,WI_1,Estacional,2016-05-07,4.1541634,XGBoost
FOODS_3_224,WI_1,Estacional,2016-05-08,3.7891457,XGBoost
FOODS_3_224,WI_1,Estacional,2016-05-09,2.450823,XGBoost
FOODS_3_224,WI_1,Estacional,2016-05-10,2.3533943,XGBoost
FOODS_3_224,WI_1,Estacional,2016-05-11,2.3478663,XGBoost
FOODS_3_224,WI_1,Estacional,2016-05-12,2.1870036,XGBoost
FOODS_3_224,WI_1,Estacional,2016-05-13,2.898426,XGBoost
FOODS_3_224,WI_1,Estacional,2016-05-14,4.184554,XGBoost
FOODS_3_224,WI_1,Estacional,2016-05-15,3.763213,XGBoost
FOODS_3_224,WI_1,Estacional,2016-05-16,2.5613117,XGBoost
FOODS_3_224,WI_1,Estacional,2016-05-17,2.3809445,XGBoost
FOODS_3_224,WI_1,Estacional,2016-05-18,2.3348234,XGBoost
FOODS_3_224,WI_1,Estacional,2016-05-19,2.2834249,XGBoost
FOODS_3_224,WI_1,Estacional,2016-05-20,3.0226054,XGBoost
FOODS_3_224,WI_1,Estacional,2016-05-21,4.1107354,XGBoost
FOODS_3_224,WI_1,Estacional,2016-05-22,3.8028533,XGBoost
FOODS_3_226,WI_1,Estacional,2016-04-25,31.234917,XGBoost
FOODS_3_226,WI_1,Estacional,2016-04-26,28.508482,XGBoost
FOODS_3_226,WI_1,Estacional,2016-04-27,29.301228,XGBoost
FOODS_3_226,WI_1,Estacional,2016-04-28,30.703377,XGBoost
FOODS_3_226,WI_1,Estacional,2016-04-29,38.328903,XGBoost
FOODS_3_226,WI_1,Estacional,2016-04-30,47.405197,XGBoost
FOODS_3_226,WI_1,Estacional,2016-05-01,45.142876,XGBoost
FOODS_3_226,WI_1,Estacional,2016-05-02,32.36673,XGBoost
FOODS_3_226,WI_1,Estacional,2016-05-03,32.04551,XGBoost
FOODS_3_226,WI_1,Estacional,2016-05-04,30.614567,XGBoost
FOODS_3_226,WI_1,Estacional,2016-05-05,32.30967,XGBoost
FOODS_3_226,WI_1,Estacional,2016-05-06,37.302765,XGBoost
FOODS_3_226,WI_1,Estacional,2016-05-07,47.812237,XGBoost
FOODS_3_226,WI_1,Estacional,2016-05-08,45.431477,XGBoost
FOODS_3_226,WI_1,Estacional,2016-05-09,31.8252,XGBoost
FOODS_3_226,WI_1,Estacional,2016-05-10,30.421547,XGBoost
FOODS_3_226,WI_1,Estacional,2016-05-11,31.358437,XGBoost
FOODS_3_226,WI_1,Estacional,2016-05-12,33.455135,XGBoost
FOODS_3_226,WI_1,Estacional,2016-05-13,38.15545,XGBoost
FOODS_3_226,WI_1,Estacional,2016-05-14,48.291584,XGBoost
FOODS_3_226,WI_1,Estacional,2016-05-15,48.06757,XGBoost
FOODS_3_226,WI_1,Estacional,2016-05-16,34.244507,XGBoost
FOODS_3_226,WI_1,Estacional,2016-05-17,30.470144,XGBoost
FOODS_3_226,WI_1,Estacional,2016-05-18,31.21627,XGBoost
FOODS_3_226,WI_1,Estacional,2016-05-19,31.894205,XGBoost
FOODS_3_226,WI_1,Estacional,2016-05-20,39.350124,XGBoost
FOODS_3_226,WI_1,Estacional,2016-05-21,47.223877,XGBoost
FOODS_3_226,WI_1,Estacional,2016-05-22,45.720806,XGBoost
FOODS_3_228,WI_1,Estacional,2016-04-25,2.47841,XGBoost
FOODS_3_228,WI_1,Estacional,2016-04-26,2.1724796,XGBoost
FOODS_3_228,WI_1,Estacional,2016-04-27,2.1330633,XGBoost
FOODS_3_228,WI_1,Estacional,2016-04-28,2.4649122,XGBoost
FOODS_3_228,WI_1,Estacional,2016-04-29,3.1842492,XGBoost
FOODS_3_228,WI_1,Estacional,2016-04-30,4.150379,XGBoost
FOODS_3_228,WI_1,Estacional,2016-05-01,3.9888983,XGBoost
FOODS_3_228,WI_1,Estacional,2016-05-02,2.4945714,XGBoost
FOODS_3_228,WI_1,Estacional,2016-05-03,2.2366598,XGBoost
FOODS_3_228,WI_1,Estacional,2016-05-04,2.1842213,XGBoost
FOODS_3_228,WI_1,Estacional,2016-05-05,2.281068,XGBoost
FOODS_3_228,WI_1,Estacional,2016-05-06,2.8507347,XGBoost
FOODS_3_228,WI_1,Estacional,2016-05-07,4.2449455,XGBoost
FOODS_3_228,WI_1,Estacional,2016-05-08,3.9878922,XGBoost
FOODS_3_228,WI_1,Estacional,2016-05-09,2.3316193,XGBoost
FOODS_3_228,WI_1,Estacional,2016-05-10,2.214878,XGBoost
FOODS_3_228,WI_1,Estacional,2016-05-11,2.1557653,XGBoost
FOODS_3_228,WI_1,Estacional,2016-05-12,2.318211,XGBoost
FOODS_3_228,WI_1,Estacional,2016-05-13,2.7964177,XGBoost
FOODS_3_228,WI_1,Estacional,2016-05-14,3.946502,XGBoost
FOODS_3_228,WI_1,Estacional,2016-05-15,3.9692569,XGBoost
FOODS_3_228,WI_1,Estacional,2016-05-16,2.3955343,XGBoost
FOODS_3_228,WI_1,Estacional,2016-05-17,2.1976001,XGBoost
FOODS_3_228,WI_1,Estacional,2016-05-18,2.1047013,XGBoost
FOODS_3_228,WI_1,Estacional,2016-05-19,2.1371644,XGBoost
FOODS_3_228,WI_1,Estacional,2016-05-20,2.7732556,XGBoost
FOODS_3_228,WI_1,Estacional,2016-05-21,4.048458,XGBoost
FOODS_3_228,WI_1,Estacional,2016-05-22,4.0593867,XGBoost
FOODS_3_252,WI_1,Estacional,2016-04-25,7.0426235,XGBoost
FOODS_3_252,WI_1,Estacional,2016-04-26,6.5447507,XGBoost
FOODS_3_252,WI_1,Estacional,2016-04-27,6.30088,XGBoost
FOODS_3_252,WI_1,Estacional,2016-04-28,6.1191792,XGBoost
FOODS_3_252,WI_1,Estacional,2016-04-29,7.551547,XGBoost
FOODS_3_252,WI_1,Estacional,2016-04-30,11.77162,XGBoost
FOODS_3_252,WI_1,Estacional,2016-05-01,9.686471,XGBoost
FOODS_3_252,WI_1,Estacional,2016-05-02,6.8513336,XGBoost
FOODS_3_252,WI_1,Estacional,2016-05-03,5.9832435,XGBoost
FOODS_3_252,WI_1,Estacional,2016-05-04,6.003674,XGBoost
FOODS_3_252,WI_1,Estacional,2016-05-05,5.860909,XGBoost
FOODS_3_252,WI_1,Estacional,2016-05-06,7.217984,XGBoost
FOODS_3_252,WI_1,Estacional,2016-05-07,10.728145,XGBoost
FOODS_3_252,WI_1,Estacional,2016-05-08,9.551814,XGBoost
FOODS_3_252,WI_1,Estacional,2016-05-09,6.9214697,XGBoost
FOODS_3_252,WI_1,Estacional,2016-05-10,6.178335,XGBoost
FOODS_3_252,WI_1,Estacional,2016-05-11,6.521142,XGBoost
FOODS_3_252,WI_1,Estacional,2016-05-12,6.3679333,XGBoost
FOODS_3_252,WI_1,Estacional,2016-05-13,7.3696237,XGBoost
FOODS_3_252,WI_1,Estacional,2016-05-14,11.070134,XGBoost
FOODS_3_252,WI_1,Estacional,2016-05-15,10.153022,XGBoost
FOODS_3_252,WI_1,Estacional,2016-05-16,7.118368,XGBoost
FOODS_3_252,WI_1,Estacional,2016-05-17,6.1811895,XGBoost
FOODS_3_252,WI_1,Estacional,2016-05-18,6.6648264,XGBoost
FOODS_3_252,WI_1,Estacional,2016-05-19,6.379389,XGBoost
FOODS_3_252,WI_1,Estacional,2016-05-20,7.943246,XGBoost
FOODS_3_252,WI_1,Estacional,2016-05-21,12.229119,XGBoost
FOODS_3_252,WI_1,Estacional,2016-05-22,9.484456,XGBoost
FOODS_3_363,WI_1,Estacional,2016-04-25,1.554314,XGBoost
FOODS_3_363,WI_1,Estacional,2016-04-26,1.5655445,XGBoost
FOODS_3_363,WI_1,Estacional,2016-04-27,1.5729332,XGBoost
FOODS_3_363,WI_1,Estacional,2016-04-28,1.695982,XGBoost
FOODS_3_363,WI_1,Estacional,2016-04-29,2.370254,XGBoost
FOODS_3_363,WI_1,Estacional,2016-04-30,2.9670756,XGBoost
FOODS_3_363,WI_1,Estacional,2016-05-01,2.8292332,XGBoost
FOODS_3_363,WI_1,Estacional,2016-05-02,1.7061903,XGBoost
FOODS_3_363,WI_1,Estacional,2016-05-03,1.5933485,XGBoost
FOODS_3_363,WI_1,Estacional,2016-05-04,1.722593,XGBoost
FOODS_3_363,WI_1,Estacional,2016-05-05,1.6282233,XGBoost
FOODS_3_363,WI_1,Estacional,2016-05-06,2.373162,XGBoost
FOODS_3_363,WI_1,Estacional,2016-05-07,2.8798769,XGBoost
FOODS_3_363,WI_1,Estacional,2016-05-08,2.7144523,XGBoost
FOODS_3_363,WI_1,Estacional,2016-05-09,1.662719,XGBoost
FOODS_3_363,WI_1,Estacional,2016-05-10,1.5436907,XGBoost
FOODS_3_363,WI_1,Estacional,2016-05-11,1.6341761,XGBoost
FOODS_3_363,WI_1,Estacional,2016-05-12,1.5761538,XGBoost
FOODS_3_363,WI_1,Estacional,2016-05-13,2.643557,XGBoost
FOODS_3_363,WI_1,Estacional,2016-05-14,2.7781682,XGBoost
FOODS_3_363,WI_1,Estacional,2016-05-15,2.7080722,XGBoost
FOODS_3_363,WI_1,Estacional,2016-05-16,1.6548116,XGBoost
FOODS_3_363,WI_1,Estacional,2016-05-17,1.558156,XGBoost
FOODS_3_363,WI_1,Estacional,2016-05-18,1.558156,XGBoost
FOODS_3_363,WI_1,Estacional,2016-05-19,1.7034085,XGBoost
FOODS_3_363,WI_1,Estacional,2016-05-20,2.2869604,XGBoost
FOODS_3_363,WI_1,Estacional,2016-05-21,2.8840392,XGBoost
FOODS_3_363,WI_1,Estacional,2016-05-22,3.0014668,XGBoost
FOODS_3_377,WI_1,Estacional,2016-04-25,3.9457345,XGBoost
FOODS_3_377,WI_1,Estacional,2016-04-26,4.2044063,XGBoost
FOODS_3_377,WI_1,Estacional,2016-04-27,4.093378,XGBoost
FOODS_3_377,WI_1,Estacional,2016-04-28,3.4827735,XGBoost
FOODS_3_377,WI_1,Estacional,2016-04-29,4.852957,XGBoost
FOODS_3_377,WI_1,Estacional,2016-04-30,6.4175253,XGBoost
FOODS_3_377,WI_1,Estacional,2016-05-01,6.0878606,XGBoost
FOODS_3_377,WI_1,Estacional,2016-05-02,4.2300925,XGBoost
FOODS_3_377,WI_1,Estacional,2016-05-03,4.5097966,XGBoost
FOODS_3_377,WI_1,Estacional,2016-05-04,4.299101,XGBoost
FOODS_3_377,WI_1,Estacional,2016-05-05,3.9594066,XGBoost
FOODS_3_377,WI_1,Estacional,2016-05-06,5.171652,XGBoost
FOODS_3_377,WI_1,Estacional,2016-05-07,6.3548827,XGBoost
FOODS_3_377,WI_1,Estacional,2016-05-08,6.22442,XGBoost
FOODS_3_377,WI_1,Estacional,2016-05-09,3.9569542,XGBoost
FOODS_3_377,WI_1,Estacional,2016-05-10,3.9786913,XGBoost
FOODS_3_377,WI_1,Estacional,2016-05-11,4.3265567,XGBoost
FOODS_3_377,WI_1,Estacional,2016-05-12,3.7742958,XGBoost
FOODS_3_377,WI_1,Estacional,2016-05-13,4.5267673,XGBoost
FOODS_3_377,WI_1,Estacional,2016-05-14,6.085324,XGBoost
FOODS_3_377,WI_1,Estacional,2016-05-15,6.2498007,XGBoost
FOODS_3_377,WI_1,Estacional,2016-05-16,3.6427832,XGBoost
FOODS_3_377,WI_1,Estacional,2016-05-17,3.9480896,XGBoost
FOODS_3_377,WI_1,Estacional,2016-05-18,3.910998,XGBoost
FOODS_3_377,WI_1,Estacional,2016-05-19,3.436473,XGBoost
FOODS_3_377,WI_1,Estacional,2016-05-20,4.474649,XGBoost
FOODS_3_377,WI_1,Estacional,2016-05-21,6.0949216,XGBoost
FOODS_3_377,WI_1,Estacional,2016-05-22,5.7795186,XGBoost
FOODS_3_389,WI_1,Estacional,2016-04-25,2.0840647,XGBoost
FOODS_3_389,WI_1,Estacional,2016-04-26,1.9053388,XGBoost
FOODS_3_389,WI_1,Estacional,2016-04-27,1.9053388,XGBoost
FOODS_3_389,WI_1,Estacional,2016-04-28,2.2433953,XGBoost
FOODS_3_389,WI_1,Estacional,2016-04-29,2.5726578,XGBoost
FOODS_3_389,WI_1,Estacional,2016-04-30,3.367708,XGBoost
FOODS_3_389,WI_1,Estacional,2016-05-01,3.324807,XGBoost
FOODS_3_389,WI_1,Estacional,2016-05-02,2.0272818,XGBoost
FOODS_3_389,WI_1,Estacional,2016-05-03,1.8828461,XGBoost
FOODS_3_389,WI_1,Estacional,2016-05-04,1.9205639,XGBoost
FOODS_3_389,WI_1,Estacional,2016-05-05,2.0190055,XGBoost
FOODS_3_389,WI_1,Estacional,2016-05-06,2.3983805,XGBoost
FOODS_3_389,WI_1,Estacional,2016-05-07,3.284067,XGBoost
FOODS_3_389,WI_1,Estacional,2016-05-08,2.8461492,XGBoost
FOODS_3_389,WI_1,Estacional,2016-05-09,1.9912964,XGBoost
FOODS_3_389,WI_1,Estacional,2016-05-10,1.8075937,XGBoost
FOODS_3_389,WI_1,Estacional,2016-05-11,1.6519943,XGBoost
FOODS_3_389,WI_1,Estacional,2016-05-12,1.7682894,XGBoost
FOODS_3_389,WI_1,Estacional,2016-05-13,2.4631915,XGBoost
FOODS_3_389,WI_1,Estacional,2016-05-14,3.5966325,XGBoost
FOODS_3_389,WI_1,Estacional,2016-05-15,3.0958116,XGBoost
FOODS_3_389,WI_1,Estacional,2016-05-16,1.8100208,XGBoost
FOODS_3_389,WI_1,Estacional,2016-05-17,1.6519943,XGBoost
FOODS_3_389,WI_1,Estacional,2016-05-18,1.6664597,XGBoost
FOODS_3_389,WI_1,Estacional,2016-05-19,1.8499601,XGBoost
FOODS_3_389,WI_1,Estacional,2016-05-20,2.4087148,XGBoost
FOODS_3_389,WI_1,Estacional,2016-05-21,3.2191124,XGBoost
FOODS_3_389,WI_1,Estacional,2016-05-22,2.9561691,XGBoost
FOODS_3_477,WI_1,Estacional,2016-04-25,2.2274811,XGBoost
FOODS_3_477,WI_1,Estacional,2016-04-26,1.9865483,XGBoost
FOODS_3_477,WI_1,Estacional,2016-04-27,2.1215208,XGBoost
FOODS_3_477,WI_1,Estacional,2016-04-28,2.0846229,XGBoost
FOODS_3_477,WI_1,Estacional,2016-04-29,2.392643,XGBoost
FOODS_3_477,WI_1,Estacional,2016-04-30,3.547696,XGBoost
FOODS_3_477,WI_1,Estacional,2016-05-01,3.7187045,XGBoost
FOODS_3_477,WI_1,Estacional,2016-05-02,1.9991171,XGBoost
FOODS_3_477,WI_1,Estacional,2016-05-03,2.014015,XGBoost
FOODS_3_477,WI_1,Estacional,2016-05-04,2.1885955,XGBoost
FOODS_3_477,WI_1,Estacional,2016-05-05,1.8870572,XGBoost
FOODS_3_477,WI_1,Estacional,2016-05-06,2.4969027,XGBoost
FOODS_3_477,WI_1,Estacional,2016-05-07,3.2332997,XGBoost
FOODS_3_477,WI_1,Estacional,2016-05-08,3.3183854,XGBoost
FOODS_3_477,WI_1,Estacional,2016-05-09,1.9640467,XGBoost
FOODS_3_477,WI_1,Estacional,2016-05-10,1.8924572,XGBoost
FOODS_3_477,WI_1,Estacional,2016-05-11,1.9476789,XGBoost
FOODS_3_477,WI_1,Estacional,2016-05-12,1.9669342,XGBoost
FOODS_3_477,WI_1,Estacional,2016-05-13,2.4230425,XGBoost
FOODS_3_477,WI_1,Estacional,2016-05-14,3.1948605,XGBoost
FOODS_3_477,WI_1,Estacional,2016-05-15,3.5634763,XGBoost
FOODS_3_477,WI_1,Estacional,2016-05-16,2.028727,XGBoost
FOODS_3_477,WI_1,Estacional,2016-05-17,1.825315,XGBoost
FOODS_3_477,WI_1,Estacional,2016-05-18,1.9418048,XGBoost
FOODS_3_477,WI_1,Estacional,2016-05-19,2.0857832,XGBoost
FOODS_3_477,WI_1,Estacional,2016-05-20,2.4757571,XGBoost
FOODS_3_477,WI_1,Estacional,2016-05-21,3.3610208,XGBoost
FOODS_3_477,WI_1,Estacional,2016-05-22,3.1819444,XGBoost
FOODS_3_501,WI_1,Estacional,2016-04-25,5.8154078,XGBoost
FOODS_3_501,WI_1,Estacional,2016-04-26,5.050738,XGBoost
FOODS_3_501,WI_1,Estacional,2016-04-27,5.268119,XGBoost
FOODS_3_501,WI_1,Estacional,2016-04-28,4.8671126,XGBoost
FOODS_3_501,WI_1,Estacional,2016-04-29,6.7126284,XGBoost
FOODS_3_501,WI_1,Estacional,2016-04-30,8.699059,XGBoost
FOODS_3_501,WI_1,Estacional,2016-05-01,9.032891,XGBoost
FOODS_3_501,WI_1,Estacional,2016-05-02,6.196541,XGBoost
FOODS_3_501,WI_1,Estacional,2016-05-03,5.415915,XGBoost
FOODS_3_501,WI_1,Estacional,2016-05-04,5.829087,XGBoost
FOODS_3_501,WI_1,Estacional,2016-05-05,5.2821746,XGBoost
FOODS_3_501,WI_1,Estacional,2016-05-06,6.565355,XGBoost
FOODS_3_501,WI_1,Estacional,2016-05-07,9.585767,XGBoost
FOODS_3_501,WI_1,Estacional,2016-05-08,9.386198,XGBoost
FOODS_3_501,WI_1,Estacional,2016-05-09,5.2910733,XGBoost
FOODS_3_501,WI_1,Estacional,2016-05-10,5.2341866,XGBoost
FOODS_3_501,WI_1,Estacional,2016-05-11,5.35563,XGBoost
FOODS_3_501,WI_1,Estacional,2016-05-12,5.3544674,XGBoost
FOODS_3_501,WI_1,Estacional,2016-05-13,6.875659,XGBoost
FOODS_3_501,WI_1,Estacional,2016-05-14,8.76114,XGBoost
FOODS_3_501,WI_1,Estacional,2016-05-15,8.982091,XGBoost
FOODS_3_501,WI_1,Estacional,2016-05-16,5.285122,XGBoost
FOODS_3_501,WI_1,Estacional,2016-05-17,5.3835716,XGBoost
FOODS_3_501,WI_1,Estacional,2016-05-18,5.3969016,XGBoost
FOODS_3_501,WI_1,Estacional,2016-05-19,5.3104277,XGBoost
FOODS_3_501,WI_1,Estacional,2016-05-20,7.2888937,XGBoost
FOODS_3_501,WI_1,Estacional,2016-05-21,7.9154525,XGBoost
FOODS_3_501,WI_1,Estacional,2016-05-22,8.268463,XGBoost
FOODS_3_503,WI_1,Estacional,2016-04-25,4.485466,XGBoost
FOODS_3_503,WI_1,Estacional,2016-04-26,4.8334694,XGBoost
FOODS_3_503,WI_1,Estacional,2016-04-27,4.7802286,XGBoost
FOODS_3_503,WI_1,Estacional,2016-04-28,4.512307,XGBoost
FOODS_3_503,WI_1,Estacional,2016-04-29,5.999533,XGBoost
FOODS_3_503,WI_1,Estacional,2016-04-30,7.8837695,XGBoost
FOODS_3_503,WI_1,Estacional,2016-05-01,6.9456263,XGBoost
FOODS_3_503,WI_1,Estacional,2016-05-02,4.910526,XGBoost
FOODS_3_503,WI_1,Estacional,2016-05-03,5.013609,XGBoost
FOODS_3_503,WI_1,Estacional,2016-05-04,4.8384185,XGBoost
FOODS_3_503,WI_1,Estacional,2016-05-05,4.736675,XGBoost
FOODS_3_503,WI_1,Estacional,2016-05-06,6.023701,XGBoost
FOODS_3_503,WI_1,Estacional,2016-05-07,7.8482285,XGBoost
FOODS_3_503,WI_1,Estacional,2016-05-08,6.9147277,XGBoost
FOODS_3_503,WI_1,Estacional,2016-05-09,5.0600376,XGBoost
FOODS_3_503,WI_1,Estacional,2016-05-10,5.093779,XGBoost
FOODS_3_503,WI_1,Estacional,2016-05-11,4.7592525,XGBoost
FOODS_3_503,WI_1,Estacional,2016-05-12,5.0787926,XGBoost
FOODS_3_503,WI_1,Estacional,2016-05-13,5.973166,XGBoost
FOODS_3_503,WI_1,Estacional,2016-05-14,7.922332,XGBoost
FOODS_3_503,WI_1,Estacional,2016-05-15,6.901809,XGBoost
FOODS_3_503,WI_1,Estacional,2016-05-16,4.673057,XGBoost
FOODS_3_503,WI_1,Estacional,2016-05-17,4.74881,XGBoost
FOODS_3_503,WI_1,Estacional,2016-05-18,4.6710744,XGBoost
FOODS_3_503,WI_1,Estacional,2016-05-19,4.522694,XGBoost
FOODS_3_503,WI_1,Estacional,2016-05-20,6.025747,XGBoost
FOODS_3_503,WI_1,Estacional,2016-05-21,7.774431,XGBoost
FOODS_3_503,WI_1,Estacional,2016-05-22,6.6779685,XGBoost
FOODS_3_516,WI_1,Estacional,2016-04-25,7.633595,XGBoost
FOODS_3_516,WI_1,Estacional,2016-04-26,7.020474,XGBoost
FOODS_3_516,WI_1,Estacional,2016-04-27,7.025617,XGBoost
FOODS_3_516,WI_1,Estacional,2016-04-28,7.8521676,XGBoost
FOODS_3_516,WI_1,Estacional,2016-04-29,9.843846,XGBoost
FOODS_3_516,WI_1,Estacional,2016-04-30,13.130907,XGBoost
FOODS_3_516,WI_1,Estacional,2016-05-01,11.150255,XGBoost
FOODS_3_516,WI_1,Estacional,2016-05-02,7.6339965,XGBoost
FOODS_3_516,WI_1,Estacional,2016-05-03,7.1626606,XGBoost
FOODS_3_516,WI_1,Estacional,2016-05-04,6.900602,XGBoost
FOODS_3_516,WI_1,Estacional,2016-05-05,7.885256,XGBoost
FOODS_3_516,WI_1,Estacional,2016-05-06,9.436778,XGBoost
FOODS_3_516,WI_1,Estacional,2016-05-07,13.334332,XGBoost
FOODS_3_516,WI_1,Estacional,2016-05-08,11.533393,XGBoost
FOODS_3_516,WI_1,Estacional,2016-05-09,7.9642553,XGBoost
FOODS_3_516,WI_1,Estacional,2016-05-10,7.524813,XGBoost
FOODS_3_516,WI_1,Estacional,2016-05-11,7.2145066,XGBoost
FOODS_3_516,WI_1,Estacional,2016-05-12,7.7720056,XGBoost
FOODS_3_516,WI_1,Estacional,2016-05-13,9.87956,XGBoost
FOODS_3_516,WI_1,Estacional,2016-05-14,13.543273,XGBoost
FOODS_3_516,WI_1,Estacional,2016-05-15,11.547767,XGBoost
FOODS_3_516,WI_1,Estacional,2016-05-16,7.9959245,XGBoost
FOODS_3_516,WI_1,Estacional,2016-05-17,7.451637,XGBoost
FOODS_3_516,WI_1,Estacional,2016-05-18,7.193754,XGBoost
FOODS_3_516,WI_1,Estacional,2016-05-19,8.025938,XGBoost
FOODS_3_516,WI_1,Estacional,2016-05-20,9.914843,XGBoost
FOODS_3_516,WI_1,Estacional,2016-05-21,13.880288,XGBoost
FOODS_3_516,WI_1,Estacional,2016-05-22,11.618627,XGBoost
FOODS_3_555,WI_1,Estacional,2016-04-25,8.01774,XGBoost
FOODS_3_555,WI_1,Estacional,2016-04-26,7.956836,XGBoost
FOODS_3_555,WI_1,Estacional,2016-04-27,7.456996,XGBoost
FOODS_3_555,WI_1,Estacional,2016-04-28,8.028988,XGBoost
FOODS_3_555,WI_1,Estacional,2016-04-29,10.087067,XGBoost
FOODS_3_555,WI_1,Estacional,2016-04-30,13.568309,XGBoost
FOODS_3_555,WI_1,Estacional,2016-05-01,12.500666,XGBoost
FOODS_3_555,WI_1,Estacional,2016-05-02,7.914169,XGBoost
FOODS_3_555,WI_1,Estacional,2016-05-03,7.916299,XGBoost
FOODS_3_555,WI_1,Estacional,2016-05-04,7.1850004,XGBoost
FOODS_3_555,WI_1,Estacional,2016-05-05,7.8376656,XGBoost
FOODS_3_555,WI_1,Estacional,2016-05-06,10.96235,XGBoost
FOODS_3_555,WI_1,Estacional,2016-05-07,13.806629,XGBoost
FOODS_3_555,WI_1,Estacional,2016-05-08,12.616911,XGBoost
FOODS_3_555,WI_1,Estacional,2016-05-09,8.145028,XGBoost
FOODS_3_555,WI_1,Estacional,2016-05-10,7.907532,XGBoost
FOODS_3_555,WI_1,Estacional,2016-05-11,7.863686,XGBoost
FOODS_3_555,WI_1,Estacional,2016-05-12,7.8052497,XGBoost
FOODS_3_555,WI_1,Estacional,2016-05-13,10.496411,XGBoost
FOODS_3_555,WI_1,Estacional,2016-05-14,13.843059,XGBoost
FOODS_3_555,WI_1,Estacional,2016-05-15,11.836238,XGBoost
FOODS_3_555,WI_1,Estacional,2016-05-16,8.261228,XGBoost
FOODS_3_555,WI_1,Estacional,2016-05-17,7.9825478,XGBoost
FOODS_3_555,WI_1,Estacional,2016-05-18,7.711311,XGBoost
FOODS_3_555,WI_1,Estacional,2016-05-19,7.8827767,XGBoost
FOODS_3_555,WI_1,Estacional,2016-05-20,10.561931,XGBoost
FOODS_3_555,WI_1,Estacional,2016-05-21,13.6979265,XGBoost
FOODS_3_555,WI_1,Estacional,2016-05-22,11.918145,XGBoost
FOODS_3_586,WI_1,Estacional,2016-04-25,12.276021,XGBoost
FOODS_3_586,WI_1,Estacional,2016-04-26,11.467491,XGBoost
FOODS_3_586,WI_1,Estacional,2016-04-27,11.511159,XGBoost
FOODS_3_586,WI_1,Estacional,2016-04-28,12.100062,XGBoost
FOODS_3_586,WI_1,Estacional,2016-04-29,14.138205,XGBoost
FOODS_3_586,WI_1,Estacional,2016-04-30,18.615564,XGBoost
FOODS_3_586,WI_1,Estacional,2016-05-01,17.051264,XGBoost
FOODS_3_586,WI_1,Estacional,2016-05-02,12.206094,XGBoost
FOODS_3_586,WI_1,Estacional,2016-05-03,12.123892,XGBoost
FOODS_3_586,WI_1,Estacional,2016-05-04,11.598038,XGBoost
FOODS_3_586,WI_1,Estacional,2016-05-05,11.726355,XGBoost
FOODS_3_586,WI_1,Estacional,2016-05-06,14.94762,XGBoost
FOODS_3_586,WI_1,Estacional,2016-05-07,19.536482,XGBoost
FOODS_3_586,WI_1,Estacional,2016-05-08,16.500284,XGBoost
FOODS_3_586,WI_1,Estacional,2016-05-09,12.370961,XGBoost
FOODS_3_586,WI_1,Estacional,2016-05-10,12.8904915,XGBoost
FOODS_3_586,WI_1,Estacional,2016-05-11,12.038994,XGBoost
FOODS_3_586,WI_1,Estacional,2016-05-12,12.5447235,XGBoost
FOODS_3_586,WI_1,Estacional,2016-05-13,14.285617,XGBoost
FOODS_3_586,WI_1,Estacional,2016-05-14,19.715876,XGBoost
FOODS_3_586,WI_1,Estacional,2016-05-15,17.198383,XGBoost
FOODS_3_586,WI_1,Estacional,2016-05-16,12.04779,XGBoost
FOODS_3_586,WI_1,Estacional,2016-05-17,11.837603,XGBoost
FOODS_3_586,WI_1,Estacional,2016-05-18,12.077416,XGBoost
FOODS_3_586,WI_1,Estacional,2016-05-19,11.91241,XGBoost
FOODS_3_586,WI_1,Estacional,2016-05-20,14.751599,XGBoost
FOODS_3_586,WI_1,Estacional,2016-05-21,20.689625,XGBoost
FOODS_3_586,WI_1,Estacional,2016-05-22,17.230827,XGBoost
FOODS_3_634,WI_1,Estacional,2016-04-25,4.8332634,XGBoost
FOODS_3_634,WI_1,Estacional,2016-04-26,4.3238983,XGBoost
FOODS_3_634,WI_1,Estacional,2016-04-27,4.6568584,XGBoost
FOODS_3_634,WI_1,Estacional,2016-04-28,4.9639482,XGBoost
FOODS_3_634,WI_1,Estacional,2016-04-29,5.937289,XGBoost
FOODS_3_634,WI_1,Estacional,2016-04-30,8.628846,XGBoost
FOODS_3_634,WI_1,Estacional,2016-05-01,6.7514725,XGBoost
FOODS_3_634,WI_1,Estacional,2016-05-02,4.7387676,XGBoost
FOODS_3_634,WI_1,Estacional,2016-05-03,4.3542933,XGBoost
FOODS_3_634,WI_1,Estacional,2016-05-04,4.641909,XGBoost
FOODS_3_634,WI_1,Estacional,2016-05-05,4.9250784,XGBoost
FOODS_3_634,WI_1,Estacional,2016-05-06,5.5059743,XGBoost
FOODS_3_634,WI_1,Estacional,2016-05-07,8.030532,XGBoost
FOODS_3_634,WI_1,Estacional,2016-05-08,6.2059793,XGBoost
FOODS_3_634,WI_1,Estacional,2016-05-09,4.58859,XGBoost
FOODS_3_634,WI_1,Estacional,2016-05-10,4.5047975,XGBoost
FOODS_3_634,WI_1,Estacional,2016-05-11,4.2418103,XGBoost
FOODS_3_634,WI_1,Estacional,2016-05-12,4.4685597,XGBoost
FOODS_3_634,WI_1,Estacional,2016-05-13,5.4860234,XGBoost
FOODS_3_634,WI_1,Estacional,2016-05-14,8.15239,XGBoost
FOODS_3_634,WI_1,Estacional,2016-05-15,6.29739,XGBoost
FOODS_3_634,WI_1,Estacional,2016-05-16,4.445514,XGBoost
FOODS_3_634,WI_1,Estacional,2016-05-17,4.123466,XGBoost
FOODS_3_634,WI_1,Estacional,2016-05-18,4.2322707,XGBoost
FOODS_3_634,WI_1,Estacional,2016-05-19,4.534094,XGBoost
FOODS_3_634,WI_1,Estacional,2016-05-20,5.6923137,XGBoost
FOODS_3_634,WI_1,Estacional,2016-05-21,7.7392507,XGBoost
FOODS_3_634,WI_1,Estacional,2016-05-22,6.5014153,XGBoost
FOODS_3_668,WI_1,Estacional,2016-04-25,10.565266,XGBoost
FOODS_3_668,WI_1,Estacional,2016-04-26,10.080888,XGBoost
FOODS_3_668,WI_1,Estacional,2016-04-27,9.909952,XGBoost
FOODS_3_668,WI_1,Estacional,2016-04-28,10.416764,XGBoost
FOODS_3_668,WI_1,Estacional,2016-04-29,12.466722,XGBoost
FOODS_3_668,WI_1,Estacional,2016-04-30,14.441672,XGBoost
FOODS_3_668,WI_1,Estacional,2016-05-01,14.192267,XGBoost
FOODS_3_668,WI_1,Estacional,2016-05-02,10.481922,XGBoost
FOODS_3_668,WI_1,Estacional,2016-05-03,10.225746,XGBoost
FOODS_3_668,WI_1,Estacional,2016-05-04,9.482866,XGBoost
FOODS_3_668,WI_1,Estacional,2016-05-05,10.242924,XGBoost
FOODS_3_668,WI_1,Estacional,2016-05-06,12.325961,XGBoost
FOODS_3_668,WI_1,Estacional,2016-05-07,14.177923,XGBoost
FOODS_3_668,WI_1,Estacional,2016-05-08,13.916572,XGBoost
FOODS_3_668,WI_1,Estacional,2016-05-09,9.851557,XGBoost
FOODS_3_668,WI_1,Estacional,2016-05-10,9.413713,XGBoost
FOODS_3_668,WI_1,Estacional,2016-05-11,9.394894,XGBoost
FOODS_3_668,WI_1,Estacional,2016-05-12,9.804256,XGBoost
FOODS_3_668,WI_1,Estacional,2016-05-13,11.28765,XGBoost
FOODS_3_668,WI_1,Estacional,2016-05-14,14.188401,XGBoost
FOODS_3_668,WI_1,Estacional,2016-05-15,14.279024,XGBoost
FOODS_3_668,WI_1,Estacional,2016-05-16,10.194166,XGBoost
FOODS_3_668,WI_1,Estacional,2016-05-17,9.491053,XGBoost
FOODS_3_668,WI_1,Estacional,2016-05-18,9.309941,XGBoost
FOODS_3_668,WI_1,Estacional,2016-05-19,10.028124,XGBoost
FOODS_3_668,WI_1,Estacional,2016-05-20,11.950667,XGBoost
FOODS_3_668,WI_1,Estacional,2016-05-21,14.797785,XGBoost
FOODS_3_668,WI_1,Estacional,2016-05-22,13.358573,XGBoost
FOODS_3_694,WI_1,Estacional,2016-04-25,17.05212,XGBoost
FOODS_3_694,WI_1,Estacional,2016-04-26,15.802658,XGBoost
FOODS_3_694,WI_1,Estacional,2016-04-27,15.869468,XGBoost
FOODS_3_694,WI_1,Estacional,2016-04-28,16.609219,XGBoost
FOODS_3_694,WI_1,Estacional,2016-04-29,21.86939,XGBoost
FOODS_3_694,WI_1,Estacional,2016-04-30,26.807905,XGBoost
FOODS_3_694,WI_1,Estacional,2016-05-01,25.429003,XGBoost
FOODS_3_694,WI_1,Estacional,2016-05-02,17.994608,XGBoost
FOODS_3_694,WI_1,Estacional,2016-05-03,17.273932,XGBoost
FOODS_3_694,WI_1,Estacional,2016-05-04,16.904415,XGBoost
FOODS_3_694,WI_1,Estacional,2016-05-05,18.320774,XGBoost
FOODS_3_694,WI_1,Estacional,2016-05-06,21.771505,XGBoost
FOODS_3_694,WI_1,Estacional,2016-05-07,27.226765,XGBoost
FOODS_3_694,WI_1,Estacional,2016-05-08,26.066856,XGBoost
FOODS_3_694,WI_1,Estacional,2016-05-09,19.167376,XGBoost
FOODS_3_694,WI_1,Estacional,2016-05-10,17.319513,XGBoost
FOODS_3_694,WI_1,Estacional,2016-05-11,16.792063,XGBoost
FOODS_3_694,WI_1,Estacional,2016-05-12,17.33583,XGBoost
FOODS_3_694,WI_1,Estacional,2016-05-13,20.80963,XGBoost
FOODS_3_694,WI_1,Estacional,2016-05-14,27.34032,XGBoost
FOODS_3_694,WI_1,Estacional,2016-05-15,26.925028,XGBoost
FOODS_3_694,WI_1,Estacional,2016-05-16,18.87135,XGBoost
FOODS_3_694,WI_1,Estacional,2016-05-17,16.850136,XGBoost
FOODS_3_694,WI_1,Estacional,2016-05-18,16.295765,XGBoost
FOODS_3_694,WI_1,Estacional,2016-05-19,17.193975,XGBoost
FOODS_3_694,WI_1,Estacional,2016-05-20,21.313726,XGBoost
FOODS_3_694,WI_1,Estacional,2016-05-21,27.166906,XGBoost
FOODS_3_694,WI_1,Estacional,2016-05-22,26.107704,XGBoost
FOODS_3_714,WI_1,Estacional,2016-04-25,13.202823,XGBoost
FOODS_3_714,WI_1,Estacional,2016-04-26,12.144748,XGBoost
FOODS_3_714,WI_1,Estacional,2016-04-27,12.465409,XGBoost
FOODS_3_714,WI_1,Estacional,2016-04-28,13.5283,XGBoost
FOODS_3_714,WI_1,Estacional,2016-04-29,16.266151,XGBoost
FOODS_3_714,WI_1,Estacional,2016-04-30,22.679274,XGBoost
FOODS_3_714,WI_1,Estacional,2016-05-01,20.49365,XGBoost
FOODS_3_714,WI_1,Estacional,2016-05-02,13.750832,XGBoost
FOODS_3_714,WI_1,Estacional,2016-05-03,13.465892,XGBoost
FOODS_3_714,WI_1,Estacional,2016-05-04,13.742554,XGBoost
FOODS_3_714,WI_1,Estacional,2016-05-05,15.211244,XGBoost
FOODS_3_714,WI_1,Estacional,2016-05-06,17.320799,XGBoost
FOODS_3_714,WI_1,Estacional,2016-05-07,23.124588,XGBoost
FOODS_3_714,WI_1,Estacional,2016-05-08,21.084436,XGBoost
FOODS_3_714,WI_1,Estacional,2016-05-09,14.568247,XGBoost
FOODS_3_714,WI_1,Estacional,2016-05-10,13.880147,XGBoost
FOODS_3_714,WI_1,Estacional,2016-05-11,13.805882,XGBoost
FOODS_3_714,WI_1,Estacional,2016-05-12,15.070201,XGBoost
FOODS_3_714,WI_1,Estacional,2016-05-13,17.657883,XGBoost
FOODS_3_714,WI_1,Estacional,2016-05-14,22.90281,XGBoost
FOODS_3_714,WI_1,Estacional,2016-05-15,21.832355,XGBoost
FOODS_3_714,WI_1,Estacional,2016-05-16,14.773501,XGBoost
FOODS_3_714,WI_1,Estacional,2016-05-17,13.441406,XGBoost
FOODS_3_714,WI_1,Estacional,2016-05-18,13.83606,XGBoost
FOODS_3_714,WI_1,Estacional,2016-05-19,14.738333,XGBoost
FOODS_3_714,WI_1,Estacional,2016-05-20,17.64473,XGBoost
FOODS_3_714,WI_1,Estacional,2016-05-21,24.099594,XGBoost
FOODS_3_714,WI_1,Estacional,2016-05-22,21.083447,XGBoost
FOODS_3_792,WI_1,Estacional,2016-04-25,2.389238,XGBoost
FOODS_3_792,WI_1,Estacional,2016-04-26,2.0899796,XGBoost
FOODS_3_792,WI_1,Estacional,2016-04-27,2.097139,XGBoost
FOODS_3_792,WI_1,Estacional,2016-04-28,2.2098358,XGBoost
FOODS_3_792,WI_1,Estacional,2016-04-29,2.3422763,XGBoost
FOODS_3_792,WI_1,Estacional,2016-04-30,4.163294,XGBoost
FOODS_3_792,WI_1,Estacional,2016-05-01,3.7753203,XGBoost
FOODS_3_792,WI_1,Estacional,2016-05-02,2.3373642,XGBoost
FOODS_3_792,WI_1,Estacional,2016-05-03,1.981582,XGBoost
FOODS_3_792,WI_1,Estacional,2016-05-04,2.3679993,XGBoost
FOODS_3_792,WI_1,Estacional,2016-05-05,2.474153,XGBoost
FOODS_3_792,WI_1,Estacional,2016-05-06,2.4385087,XGBoost
FOODS_3_792,WI_1,Estacional,2016-05-07,3.58069,XGBoost
FOODS_3_792,WI_1,Estacional,2016-05-08,3.4544332,XGBoost
FOODS_3_792,WI_1,Estacional,2016-05-09,2.4444222,XGBoost
FOODS_3_792,WI_1,Estacional,2016-05-10,1.9158864,XGBoost
FOODS_3_792,WI_1,Estacional,2016-05-11,1.8893903,XGBoost
FOODS_3_792,WI_1,Estacional,2016-05-12,1.9322093,XGBoost
FOODS_3_792,WI_1,Estacional,2016-05-13,2.4440129,XGBoost
FOODS_3_792,WI_1,Estacional,2016-05-14,3.5820594,XGBoost
FOODS_3_792,WI_1,Estacional,2016-05-15,3.620187,XGBoost
FOODS_3_792,WI_1,Estacional,2016-05-16,2.2814684,XGBoost
FOODS_3_792,WI_1,Estacional,2016-05-17,2.046577,XGBoost
FOODS_3_792,WI_1,Estacional,2016-05-18,1.8223479,XGBoost
FOODS_3_792,WI_1,Estacional,2016-05-19,1.9937326,XGBoost
FOODS_3_792,WI_1,Estacional,2016-05-20,2.3789299,XGBoost
FOODS_3_792,WI_1,Estacional,2016-05-21,3.613499,XGBoost
FOODS_3_792,WI_1,Estacional,2016-05-22,3.5105915,XGBoost
HOBBIES_1_064,WI_2,Estacional,2016-04-25,0.6551975,XGBoost
HOBBIES_1_064,WI_2,Estacional,2016-04-26,0.549249,XGBoost
HOBBIES_1_064,WI_2,Estacional,2016-04-27,0.549249,XGBoost
HOBBIES_1_064,WI_2,Estacional,2016-04-28,0.54561424,XGBoost
HOBBIES_1_064,WI_2,Estacional,2016-04-29,0.5952767,XGBoost
HOBBIES_1_064,WI_2,Estacional,2016-04-30,0.66765887,XGBoost
HOBBIES_1_064,WI_2,Estacional,2016-05-01,0.74850076,XGBoost
HOBBIES_1_064,WI_2,Estacional,2016-05-02,0.6796467,XGBoost
HOBBIES_1_064,WI_2,Estacional,2016-05-03,0.5881636,XGBoost
HOBBIES_1_064,WI_2,Estacional,2016-05-04,0.57369816,XGBoost
HOBBIES_1_064,WI_2,Estacional,2016-05-05,0.6591247,XGBoost
HOBBIES_1_064,WI_2,Estacional,2016-05-06,0.7561768,XGBoost
HOBBIES_1_064,WI_2,Estacional,2016-05-07,0.90582913,XGBoost
HOBBIES_1_064,WI_2,Estacional,2016-05-08,0.8112624,XGBoost
HOBBIES_1_064,WI_2,Estacional,2016-05-09,0.6796467,XGBoost
HOBBIES_1_064,WI_2,Estacional,2016-05-10,0.57369816,XGBoost
HOBBIES_1_064,WI_2,Estacional,2016-05-11,0.57369816,XGBoost
HOBBIES_1_064,WI_2,Estacional,2016-05-12,0.6312788,XGBoost
HOBBIES_1_064,WI_2,Estacional,2016-05-13,0.76855004,XGBoost
HOBBIES_1_064,WI_2,Estacional,2016-05-14,0.91820234,XGBoost
HOBBIES_1_064,WI_2,Estacional,2016-05-15,0.93637234,XGBoost
HOBBIES_1_064,WI_2,Estacional,2016-05-16,0.75060445,XGBoost
HOBBIES_1_064,WI_2,Estacional,2016-05-17,0.64465594,XGBoost
HOBBIES_1_064,WI_2,Estacional,2016-05-18,0.64465594,XGBoost
HOBBIES_1_064,WI_2,Estacional,2016-05-19,0.67711896,XGBoost
HOBBIES_1_064,WI_2,Estacional,2016-05-20,0.8271346,XGBoost
HOBBIES_1_064,WI_2,Estacional,2016-05-21,1.0915387,XGBoost
HOBBIES_1_064,WI_2,Estacional,2016-05-22,1.0496914,XGBoost
HOBBIES_1_155,WI_2,Estacional,2016-04-25,1.738666,XGBoost
HOBBIES_1_155,WI_2,Estacional,2016-04-26,2.8088655,XGBoost
HOBBIES_1_155,WI_2,Estacional,2016-04-27,1.643033,XGBoost
HOBBIES_1_155,WI_2,Estacional,2016-04-28,1.8392375,XGBoost
HOBBIES_1_155,WI_2,Estacional,2016-04-29,2.9663882,XGBoost
HOBBIES_1_155,WI_2,Estacional,2016-04-30,2.9603877,XGBoost
HOBBIES_1_155,WI_2,Estacional,2016-05-01,2.4416132,XGBoost
HOBBIES_1_155,WI_2,Estacional,2016-05-02,1.7631153,XGBoost
HOBBIES_1_155,WI_2,Estacional,2016-05-03,2.4095645,XGBoost
HOBBIES_1_155,WI_2,Estacional,2016-05-04,1.8247197,XGBoost
HOBBIES_1_155,WI_2,Estacional,2016-05-05,1.9142295,XGBoost
HOBBIES_1_155,WI_2,Estacional,2016-05-06,2.7145832,XGBoost
HOBBIES_1_155,WI_2,Estacional,2016-05-07,2.897662,XGBoost
HOBBIES_1_155,WI_2,Estacional,2016-05-08,2.556563,XGBoost
HOBBIES_1_155,WI_2,Estacional,2016-05-09,1.7631153,XGBoost
HOBBIES_1_155,WI_2,Estacional,2016-05-10,2.1245563,XGBoost
HOBBIES_1_155,WI_2,Estacional,2016-05-11,1.7881728,XGBoost
HOBBIES_1_155,WI_2,Estacional,2016-05-12,1.8636867,XGBoost
HOBBIES_1_155,WI_2,Estacional,2016-05-13,2.4919786,XGBoost
HOBBIES_1_155,WI_2,Estacional,2016-05-14,2.7761672,XGBoost
HOBBIES_1_155,WI_2,Estacional,2016-05-15,2.646731,XGBoost
HOBBIES_1_155,WI_2,Estacional,2016-05-16,1.7277286,XGBoost
HOBBIES_1_155,WI_2,Estacional,2016-05-17,2.3109057,XGBoost
HOBBIES_1_155,WI_2,Estacional,2016-05-18,1.6166077,XGBoost
HOBBIES_1_155,WI_2,Estacional,2016-05-19,1.6490707,XGBoost
HOBBIES_1_155,WI_2,Estacional,2016-05-20,2.6930652,XGBoost
HOBBIES_1_155,WI_2,Estacional,2016-05-21,2.8356247,XGBoost
HOBBIES_1_155,WI_2,Estacional,2016-05-22,2.6594753,XGBoost
HOBBIES_1_341,WI_2,Estacional,2016-04-25,1.906165,XGBoost
HOBBIES_1_341,WI_2,Estacional,2016-04-26,1.3927319,XGBoost
HOBBIES_1_341,WI_2,Estacional,2016-04-27,1.0868747,XGBoost
HOBBIES_1_341,WI_2,Estacional,2016-04-28,1.1287849,XGBoost
HOBBIES_1_341,WI_2,Estacional,2016-04-29,1.4657598,XGBoost
HOBBIES_1_341,WI_2,Estacional,2016-04-30,1.6957237,XGBoost
HOBBIES_1_341,WI_2,Estacional,2016-05-01,1.8475094,XGBoost
HOBBIES_1_341,WI_2,Estacional,2016-05-02,1.6504232,XGBoost
HOBBIES_1_341,WI_2,Estacional,2016-05-03,1.3993567,XGBoost
HOBBIES_1_341,WI_2,Estacional,2016-05-04,1.2214283,XGBoost
HOBBIES_1_341,WI_2,Estacional,2016-05-05,1.3082616,XGBoost
HOBBIES_1_341,WI_2,Estacional,2016-05-06,1.6257249,XGBoost
HOBBIES_1_341,WI_2,Estacional,2016-05-07,2.2164087,XGBoost
HOBBIES_1_341,WI_2,Estacional,2016-05-08,2.0111556,XGBoost
HOBBIES_1_341,WI_2,Estacional,2016-05-09,1.517829,XGBoost
HOBBIES_1_341,WI_2,Estacional,2016-05-10,1.3301593,XGBoost
HOBBIES_1_341,WI_2,Estacional,2016-05-11,1.2702472,XGBoost
HOBBIES_1_341,WI_2,Estacional,2016-05-12,1.3757735,XGBoost
HOBBIES_1_341,WI_2,Estacional,2016-05-13,1.788084,XGBoost
HOBBIES_1_341,WI_2,Estacional,2016-05-14,2.1323705,XGBoost
HOBBIES_1_341,WI_2,Estacional,2016-05-15,2.0053625,XGBoost
HOBBIES_1_341,WI_2,Estacional,2016-05-16,1.5881726,XGBoost
HOBBIES_1_341,WI_2,Estacional,2016-05-17,1.3637054,XGBoost
HOBBIES_1_341,WI_2,Estacional,2016-05-18,1.227489,XGBoost
HOBBIES_1_341,WI_2,Estacional,2016-05-19,1.2599521,XGBoost
HOBBIES_1_341,WI_2,Estacional,2016-05-20,1.6476802,XGBoost
HOBBIES_1_341,WI_2,Estacional,2016-05-21,2.0353932,XGBoost
HOBBIES_1_341,WI_2,Estacional,2016-05-22,2.0711906,XGBoost
HOBBIES_1_371,WI_2,Estacional,2016-04-25,3.769867,XGBoost
HOBBIES_1_371,WI_2,Estacional,2016-04-26,2.9145832,XGBoost
HOBBIES_1_371,WI_2,Estacional,2016-04-27,2.825128,XGBoost
HOBBIES_1_371,WI_2,Estacional,2016-04-28,3.2437143,XGBoost
HOBBIES_1_371,WI_2,Estacional,2016-04-29,3.3071887,XGBoost
HOBBIES_1_371,WI_2,Estacional,2016-04-30,4.4865394,XGBoost
HOBBIES_1_371,WI_2,Estacional,2016-05-01,4.0701203,XGBoost
HOBBIES_1_371,WI_2,Estacional,2016-05-02,3.2906654,XGBoost
HOBBIES_1_371,WI_2,Estacional,2016-05-03,2.6263065,XGBoost
HOBBIES_1_371,WI_2,Estacional,2016-05-04,2.4471436,XGBoost
HOBBIES_1_371,WI_2,Estacional,2016-05-05,3.1983166,XGBoost
HOBBIES_1_371,WI_2,Estacional,2016-05-06,3.1889153,XGBoost
HOBBIES_1_371,WI_2,Estacional,2016-05-07,4.31998,XGBoost
HOBBIES_1_371,WI_2,Estacional,2016-05-08,4.0940304,XGBoost
HOBBIES_1_371,WI_2,Estacional,2016-05-09,3.0597742,XGBoost
HOBBIES_1_371,WI_2,Estacional,2016-05-10,2.9227338,XGBoost
HOBBIES_1_371,WI_2,Estacional,2016-05-11,2.4913802,XGBoost
HOBBIES_1_371,WI_2,Estacional,2016-05-12,2.9204206,XGBoost
HOBBIES_1_371,WI_2,Estacional,2016-05-13,3.6910155,XGBoost
HOBBIES_1_371,WI_2,Estacional,2016-05-14,4.5283823,XGBoost
HOBBIES_1_371,WI_2,Estacional,2016-05-15,4.2253985,XGBoost
HOBBIES_1_371,WI_2,Estacional,2016-05-16,2.8152683,XGBoost
HOBBIES_1_371,WI_2,Estacional,2016-05-17,2.6904283,XGBoost
HOBBIES_1_371,WI_2,Estacional,2016-05-18,2.4112883,XGBoost
HOBBIES_1_371,WI_2,Estacional,2016-05-19,2.7409055,XGBoost
HOBBIES_1_371,WI_2,Estacional,2016-05-20,3.0836728,XGBoost
HOBBIES_1_371,WI_2,Estacional,2016-05-21,4.1850605,XGBoost
HOBBIES_1_371,WI_2,Estacional,2016-05-22,4.1075053,XGBoost
HOUSEHOLD_1_069,WI_2,Estacional,2016-04-25,0.9430965,XGBoost
HOUSEHOLD_1_069,WI_2,Estacional,2016-04-26,0.865604,XGBoost
HOUSEHOLD_1_069,WI_2,Estacional,2016-04-27,0.8970602,XGBoost
HOUSEHOLD_1_069,WI_2,Estacional,2016-04-28,0.9892954,XGBoost
HOUSEHOLD_1_069,WI_2,Estacional,2016-04-29,0.9980819,XGBoost
HOUSEHOLD_1_069,WI_2,Estacional,2016-04-30,1.5148778,XGBoost
HOUSEHOLD_1_069,WI_2,Estacional,2016-05-01,1.6944848,XGBoost
HOUSEHOLD_1_069,WI_2,Estacional,2016-05-02,1.0477067,XGBoost
HOUSEHOLD_1_069,WI_2,Estacional,2016-05-03,0.9747077,XGBoost
HOUSEHOLD_1_069,WI_2,Estacional,2016-05-04,1.0723883,XGBoost
HOUSEHOLD_1_069,WI_2,Estacional,2016-05-05,1.0742106,XGBoost
HOUSEHOLD_1_069,WI_2,Estacional,2016-05-06,1.1325979,XGBoost
HOUSEHOLD_1_069,WI_2,Estacional,2016-05-07,1.6477271,XGBoost
HOUSEHOLD_1_069,WI_2,Estacional,2016-05-08,1.6627706,XGBoost
HOUSEHOLD_1_069,WI_2,Estacional,2016-05-09,1.05741,XGBoost
HOUSEHOLD_1_069,WI_2,Estacional,2016-05-10,0.9499591,XGBoost
HOUSEHOLD_1_069,WI_2,Estacional,2016-05-11,1.1166162,XGBoost
HOUSEHOLD_1_069,WI_2,Estacional,2016-05-12,1.0866427,XGBoost
HOUSEHOLD_1_069,WI_2,Estacional,2016-05-13,1.1325979,XGBoost
HOUSEHOLD_1_069,WI_2,Estacional,2016-05-14,1.8265618,XGBoost
HOUSEHOLD_1_069,WI_2,Estacional,2016-05-15,1.6409595,XGBoost
HOUSEHOLD_1_069,WI_2,Estacional,2016-05-16,1.05741,XGBoost
HOUSEHOLD_1_069,WI_2,Estacional,2016-05-17,0.93549377,XGBoost
HOUSEHOLD_1_069,WI_2,Estacional,2016-05-18,0.93549377,XGBoost
HOUSEHOLD_1_069,WI_2,Estacional,2016-05-19,0.9836683,XGBoost
HOUSEHOLD_1_069,WI_2,Estacional,2016-05-20,1.1325979,XGBoost
HOUSEHOLD_1_069,WI_2,Estacional,2016-05-21,1.7060343,XGBoost
HOUSEHOLD_1_069,WI_2,Estacional,2016-05-22,1.6578754,XGBoost
HOUSEHOLD_1_072,WI_2,Estacional,2016-04-25,3.7000568,XGBoost
HOUSEHOLD_1_072,WI_2,Estacional,2016-04-26,3.1035266,XGBoost
HOUSEHOLD_1_072,WI_2,Estacional,2016-04-27,3.1114728,XGBoost
HOUSEHOLD_1_072,WI_2,Estacional,2016-04-28,3.1497881,XGBoost
HOUSEHOLD_1_072,WI_2,Estacional,2016-04-29,4.3694677,XGBoost
HOUSEHOLD_1_072,WI_2,Estacional,2016-04-30,4.9815354,XGBoost
HOUSEHOLD_1_072,WI_2,Estacional,2016-05-01,4.565195,XGBoost
HOUSEHOLD_1_072,WI_2,Estacional,2016-05-02,3.0757565,XGBoost
HOUSEHOLD_1_072,WI_2,Estacional,2016-05-03,2.6649752,XGBoost
HOUSEHOLD_1_072,WI_2,Estacional,2016-05-04,3.1878214,XGBoost
HOUSEHOLD_1_072,WI_2,Estacional,2016-05-05,3.1141365,XGBoost
HOUSEHOLD_1_072,WI_2,Estacional,2016-05-06,4.4598927,XGBoost
HOUSEHOLD_1_072,WI_2,Estacional,2016-05-07,4.6129084,XGBoost
HOUSEHOLD_1_072,WI_2,Estacional,2016-05-08,4.6344805,XGBoost
HOUSEHOLD_1_072,WI_2,Estacional,2016-05-09,3.0926352,XGBoost
HOUSEHOLD_1_072,WI_2,Estacional,2016-05-10,2.7383344,XGBoost
HOUSEHOLD_1_072,WI_2,Estacional,2016-05-11,3.0842702,XGBoost
HOUSEHOLD_1_072,WI_2,Estacional,2016-05-12,3.1180089,XGBoost
HOUSEHOLD_1_072,WI_2,Estacional,2016-05-13,3.993622,XGBoost
HOUSEHOLD_1_072,WI_2,Estacional,2016-05-14,4.7657743,XGBoost
HOUSEHOLD_1_072,WI_2,Estacional,2016-05-15,4.455285,XGBoost
HOUSEHOLD_1_072,WI_2,Estacional,2016-05-16,2.9969199,XGBoost
HOUSEHOLD_1_072,WI_2,Estacional,2016-05-17,2.823026,XGBoost
HOUSEHOLD_1_072,WI_2,Estacional,2016-05-18,3.0916336,XGBoost
HOUSEHOLD_1_072,WI_2,Estacional,2016-05-19,2.877861,XGBoost
HOUSEHOLD_1_072,WI_2,Estacional,2016-05-20,4.0416656,XGBoost
HOUSEHOLD_1_072,WI_2,Estacional,2016-05-21,4.9154124,XGBoost
HOUSEHOLD_1_072,WI_2,Estacional,2016-05-22,4.4097214,XGBoost
HOUSEHOLD_2_355,WI_2,Estacional,2016-04-25,0.51639766,XGBoost
HOUSEHOLD_2_355,WI_2,Estacional,2016-04-26,0.31703198,XGBoost
HOUSEHOLD_2_355,WI_2,Estacional,2016-04-27,0.05201859,XGBoost
HOUSEHOLD_2_355,WI_2,Estacional,2016-04-28,0.08448161,XGBoost
HOUSEHOLD_2_355,WI_2,Estacional,2016-04-29,0.15125602,XGBoost
HOUSEHOLD_2_355,WI_2,Estacional,2016-04-30,0.54877824,XGBoost
HOUSEHOLD_2_355,WI_2,Estacional,2016-05-01,0.46139643,XGBoost
HOUSEHOLD_2_355,WI_2,Estacional,2016-05-02,0.5408468,XGBoost
HOUSEHOLD_2_355,WI_2,Estacional,2016-05-03,0.45269096,XGBoost
HOUSEHOLD_2_355,WI_2,Estacional,2016-05-04,0.45269096,XGBoost
HOUSEHOLD_2_355,WI_2,Estacional,2016-05-05,0.48640415,XGBoost
HOUSEHOLD_2_355,WI_2,Estacional,2016-05-06,0.69341516,XGBoost
HOUSEHOLD_2_355,WI_2,Estacional,2016-05-07,0.84306747,XGBoost
HOUSEHOLD_2_355,WI_2,Estacional,2016-05-08,0.74850076,XGBoost
HOUSEHOLD_2_355,WI_2,Estacional,2016-05-09,0.6796467,XGBoost
HOUSEHOLD_2_355,WI_2,Estacional,2016-05-10,0.57369816,XGBoost
HOUSEHOLD_2_355,WI_2,Estacional,2016-05-11,0.57369816,XGBoost
HOUSEHOLD_2_355,WI_2,Estacional,2016-05-12,0.6061612,XGBoost
HOUSEHOLD_2_355,WI_2,Estacional,2016-05-13,0.7561768,XGBoost
HOUSEHOLD_2_355,WI_2,Estacional,2016-05-14,0.90582913,XGBoost
HOUSEHOLD_2_355,WI_2,Estacional,2016-05-15,0.86398154,XGBoost
HOUSEHOLD_2_355,WI_2,Estacional,2016-05-16,0.6796467,XGBoost
HOUSEHOLD_2_355,WI_2,Estacional,2016-05-17,0.57369816,XGBoost
HOUSEHOLD_2_355,WI_2,Estacional,2016-05-18,0.57369816,XGBoost
HOUSEHOLD_2_355,WI_2,Estacional,2016-05-19,0.6061612,XGBoost
HOUSEHOLD_2_355,WI_2,Estacional,2016-05-20,0.7561768,XGBoost
HOUSEHOLD_2_355,WI_2,Estacional,2016-05-21,0.90582913,XGBoost
HOUSEHOLD_2_355,WI_2,Estacional,2016-05-22,0.87635475,XGBoost
FOODS_2_113,WI_2,Estacional,2016-04-25,1.2382119,XGBoost
FOODS_2_113,WI_2,Estacional,2016-04-26,1.0000404,XGBoost
FOODS_2_113,WI_2,Estacional,2016-04-27,0.9643471,XGBoost
FOODS_2_113,WI_2,Estacional,2016-04-28,1.0272231,XGBoost
FOODS_2_113,WI_2,Estacional,2016-04-29,1.3388351,XGBoost
FOODS_2_113,WI_2,Estacional,2016-04-30,1.9408028,XGBoost
FOODS_2_113,WI_2,Estacional,2016-05-01,2.0175056,XGBoost
FOODS_2_113,WI_2,Estacional,2016-05-02,1.2595685,XGBoost
FOODS_2_113,WI_2,Estacional,2016-05-03,0.93901473,XGBoost
FOODS_2_113,WI_2,Estacional,2016-05-04,0.93901473,XGBoost
FOODS_2_113,WI_2,Estacional,2016-05-05,0.98663396,XGBoost
FOODS_2_113,WI_2,Estacional,2016-05-06,1.1954582,XGBoost
FOODS_2_113,WI_2,Estacional,2016-05-07,1.8003649,XGBoost
FOODS_2_113,WI_2,Estacional,2016-05-08,2.043348,XGBoost
FOODS_2_113,WI_2,Estacional,2016-05-09,1.060931,XGBoost
FOODS_2_113,WI_2,Estacional,2016-05-10,0.93549377,XGBoost
FOODS_2_113,WI_2,Estacional,2016-05-11,0.93549377,XGBoost
FOODS_2_113,WI_2,Estacional,2016-05-12,0.9679569,XGBoost
FOODS_2_113,WI_2,Estacional,2016-05-13,1.1453422,XGBoost
FOODS_2_113,WI_2,Estacional,2016-05-14,1.6477271,XGBoost
FOODS_2_113,WI_2,Estacional,2016-05-15,1.9337289,XGBoost
FOODS_2_113,WI_2,Estacional,2016-05-16,1.1060655,XGBoost
FOODS_2_113,WI_2,Estacional,2016-05-17,1.0522989,XGBoost
FOODS_2_113,WI_2,Estacional,2016-05-18,0.984149,XGBoost
FOODS_2_113,WI_2,Estacional,2016-05-19,1.0663942,XGBoost
FOODS_2_113,WI_2,Estacional,2016-05-20,1.2885741,XGBoost
FOODS_2_113,WI_2,Estacional,2016-05-21,1.809647,XGBoost
FOODS_2_113,WI_2,Estacional,2016-05-22,1.8075742,XGBoost
FOODS_2_234,WI_2,Estacional,2016-04-25,0.7261553,XGBoost
FOODS_2_234,WI_2,Estacional,2016-04-26,0.6202068,XGBoost
FOODS_2_234,WI_2,Estacional,2016-04-27,0.6202068,XGBoost
FOODS_2_234,WI_2,Estacional,2016-04-28,0.6526698,XGBoost
FOODS_2_234,WI_2,Estacional,2016-04-29,0.88151056,XGBoost
FOODS_2_234,WI_2,Estacional,2016-04-30,1.6971247,XGBoost
FOODS_2_234,WI_2,Estacional,2016-05-01,1.0318011,XGBoost
FOODS_2_234,WI_2,Estacional,2016-05-02,0.7854329,XGBoost
FOODS_2_234,WI_2,Estacional,2016-05-03,0.6794845,XGBoost
FOODS_2_234,WI_2,Estacional,2016-05-04,0.6794845,XGBoost
FOODS_2_234,WI_2,Estacional,2016-05-05,0.72579694,XGBoost
FOODS_2_234,WI_2,Estacional,2016-05-06,0.8745623,XGBoost
FOODS_2_234,WI_2,Estacional,2016-05-07,1.4219917,XGBoost
FOODS_2_234,WI_2,Estacional,2016-05-08,1.0786684,XGBoost
FOODS_2_234,WI_2,Estacional,2016-05-09,0.79803216,XGBoost
FOODS_2_234,WI_2,Estacional,2016-05-10,0.6920838,XGBoost
FOODS_2_234,WI_2,Estacional,2016-05-11,0.6920838,XGBoost
FOODS_2_234,WI_2,Estacional,2016-05-12,0.75110376,XGBoost
FOODS_2_234,WI_2,Estacional,2016-05-13,0.9011193,XGBoost
FOODS_2_234,WI_2,Estacional,2016-05-14,1.3560055,XGBoost
FOODS_2_234,WI_2,Estacional,2016-05-15,1.165269,XGBoost
FOODS_2_234,WI_2,Estacional,2016-05-16,0.79803216,XGBoost
FOODS_2_234,WI_2,Estacional,2016-05-17,0.6920838,XGBoost
FOODS_2_234,WI_2,Estacional,2016-05-18,0.71864074,XGBoost
FOODS_2_234,WI_2,Estacional,2016-05-19,0.75110376,XGBoost
FOODS_2_234,WI_2,Estacional,2016-05-20,0.9011193,XGBoost
FOODS_2_234,WI_2,Estacional,2016-05-21,1.4616141,XGBoost
FOODS_2_234,WI_2,Estacional,2016-05-22,1.0971195,XGBoost
FOODS_3_298,WI_2,Estacional,2016-04-25,0.16073582,XGBoost
FOODS_3_298,WI_2,Estacional,2016-04-26,0.08215468,XGBoost
FOODS_3_298,WI_2,Estacional,2016-04-27,0.09662001,XGBoost
FOODS_3_298,WI_2,Estacional,2016-04-28,0.1273621,XGBoost
FOODS_3_298,WI_2,Estacional,2016-04-29,0.22562608,XGBoost
FOODS_3_298,WI_2,Estacional,2016-04-30,0.20549794,XGBoost
FOODS_3_298,WI_2,Estacional,2016-05-01,0.1651284,XGBoost
FOODS_3_298,WI_2,Estacional,2016-05-02,0.4597733,XGBoost
FOODS_3_298,WI_2,Estacional,2016-05-03,0.37161732,XGBoost
FOODS_3_298,WI_2,Estacional,2016-05-04,0.37161732,XGBoost
FOODS_3_298,WI_2,Estacional,2016-05-05,0.5240165,XGBoost
FOODS_3_298,WI_2,Estacional,2016-05-06,0.6463172,XGBoost
FOODS_3_298,WI_2,Estacional,2016-05-07,0.72123754,XGBoost
FOODS_3_298,WI_2,Estacional,2016-05-08,0.76062673,XGBoost
FOODS_3_298,WI_2,Estacional,2016-05-09,0.62666196,XGBoost
FOODS_3_298,WI_2,Estacional,2016-05-10,0.57369816,XGBoost
FOODS_3_298,WI_2,Estacional,2016-05-11,0.57369816,XGBoost
FOODS_3_298,WI_2,Estacional,2016-05-12,0.6206266,XGBoost
FOODS_3_298,WI_2,Estacional,2016-05-13,0.7561768,XGBoost
FOODS_3_298,WI_2,Estacional,2016-05-14,0.90582913,XGBoost
FOODS_3_298,WI_2,Estacional,2016-05-15,0.89824957,XGBoost
FOODS_3_298,WI_2,Estacional,2016-05-16,0.6796467,XGBoost
FOODS_3_298,WI_2,Estacional,2016-05-17,0.60986257,XGBoost
FOODS_3_298,WI_2,Estacional,2016-05-18,0.60986257,XGBoost
FOODS_3_298,WI_2,Estacional,2016-05-19,0.6423256,XGBoost
FOODS_3_298,WI_2,Estacional,2016-05-20,0.9828641,XGBoost
FOODS_3_298,WI_2,Estacional,2016-05-21,1.0191479,XGBoost
FOODS_3_298,WI_2,Estacional,2016-05-22,0.9773006,XGBoost
FOODS_3_330,WI_2,Estacional,2016-04-25,1.9379448,XGBoost
FOODS_3_330,WI_2,Estacional,2016-04-26,1.9576534,XGBoost
FOODS_3_330,WI_2,Estacional,2016-04-27,1.7579206,XGBoost
FOODS_3_330,WI_2,Estacional,2016-04-28,1.6643358,XGBoost
FOODS_3_330,WI_2,Estacional,2016-04-29,2.0964534,XGBoost
FOODS_3_330,WI_2,Estacional,2016-04-30,2.6656709,XGBoost
FOODS_3_330,WI_2,Estacional,2016-05-01,2.8250895,XGBoost
FOODS_3_330,WI_2,Estacional,2016-05-02,1.7972045,XGBoost
FOODS_3_330,WI_2,Estacional,2016-05-03,1.7471901,XGBoost
FOODS_3_330,WI_2,Estacional,2016-05-04,1.7197641,XGBoost
FOODS_3_330,WI_2,Estacional,2016-05-05,1.7268625,XGBoost
FOODS_3_330,WI_2,Estacional,2016-05-06,2.0700054,XGBoost
FOODS_3_330,WI_2,Estacional,2016-05-07,2.793627,XGBoost
FOODS_3_330,WI_2,Estacional,2016-05-08,2.7243845,XGBoost
FOODS_3_330,WI_2,Estacional,2016-05-09,1.8936584,XGBoost
FOODS_3_330,WI_2,Estacional,2016-05-10,1.699053,XGBoost
FOODS_3_330,WI_2,Estacional,2016-05-11,1.7021598,XGBoost
FOODS_3_330,WI_2,Estacional,2016-05-12,1.7218784,XGBoost
FOODS_3_330,WI_2,Estacional,2016-05-13,1.9556514,XGBoost
FOODS_3_330,WI_2,Estacional,2016-05-14,2.5872416,XGBoost
FOODS_3_330,WI_2,Estacional,2016-05-15,2.6354792,XGBoost
FOODS_3_330,WI_2,Estacional,2016-05-16,1.9006282,XGBoost
FOODS_3_330,WI_2,Estacional,2016-05-17,1.8376911,XGBoost
FOODS_3_330,WI_2,Estacional,2016-05-18,1.7089925,XGBoost
FOODS_3_330,WI_2,Estacional,2016-05-19,1.6666392,XGBoost
FOODS_3_330,WI_2,Estacional,2016-05-20,2.0709162,XGBoost
FOODS_3_330,WI_2,Estacional,2016-05-21,2.6508923,XGBoost
FOODS_3_330,WI_2,Estacional,2016-05-22,2.7889667,XGBoost
FOODS_3_458,WI_2,Estacional,2016-04-25,12.26048,XGBoost
FOODS_3_458,WI_2,Estacional,2016-04-26,11.539015,XGBoost
FOODS_3_458,WI_2,Estacional,2016-04-27,11.451126,XGBoost
FOODS_3_458,WI_2,Estacional,2016-04-28,12.047179,XGBoost
FOODS_3_458,WI_2,Estacional,2016-04-29,14.81862,XGBoost
FOODS_3_458,WI_2,Estacional,2016-04-30,16.87292,XGBoost
FOODS_3_458,WI_2,Estacional,2016-05-01,16.589231,XGBoost
FOODS_3_458,WI_2,Estacional,2016-05-02,11.985552,XGBoost
FOODS_3_458,WI_2,Estacional,2016-05-03,11.975808,XGBoost
FOODS_3_458,WI_2,Estacional,2016-05-04,12.281317,XGBoost
FOODS_3_458,WI_2,Estacional,2016-05-05,12.745445,XGBoost
FOODS_3_458,WI_2,Estacional,2016-05-06,15.832421,XGBoost
FOODS_3_458,WI_2,Estacional,2016-05-07,17.5281,XGBoost
FOODS_3_458,WI_2,Estacional,2016-05-08,17.802988,XGBoost
FOODS_3_458,WI_2,Estacional,2016-05-09,12.240488,XGBoost
FOODS_3_458,WI_2,Estacional,2016-05-10,11.71431,XGBoost
FOODS_3_458,WI_2,Estacional,2016-05-11,12.906805,XGBoost
FOODS_3_458,WI_2,Estacional,2016-05-12,13.183462,XGBoost
FOODS_3_458,WI_2,Estacional,2016-05-13,14.631988,XGBoost
FOODS_3_458,WI_2,Estacional,2016-05-14,17.377537,XGBoost
FOODS_3_458,WI_2,Estacional,2016-05-15,17.888817,XGBoost
FOODS_3_458,WI_2,Estacional,2016-05-16,11.884139,XGBoost
FOODS_3_458,WI_2,Estacional,2016-05-17,11.687529,XGBoost
FOODS_3_458,WI_2,Estacional,2016-05-18,11.638583,XGBoost
FOODS_3_458,WI_2,Estacional,2016-05-19,12.689605,XGBoost
FOODS_3_458,WI_2,Estacional,2016-05-20,15.781484,XGBoost
FOODS_3_458,WI_2,Estacional,2016-05-21,17.13807,XGBoost
FOODS_3_458,WI_2,Estacional,2016-05-22,17.25665,XGBoost
FOODS_3_634,WI_2,Estacional,2016-04-25,2.9889708,XGBoost
FOODS_3_634,WI_2,Estacional,2016-04-26,2.9698482,XGBoost
FOODS_3_634,WI_2,Estacional,2016-04-27,2.8010585,XGBoost
FOODS_3_634,WI_2,Estacional,2016-04-28,3.6406329,XGBoost
FOODS_3_634,WI_2,Estacional,2016-04-29,4.1980934,XGBoost
FOODS_3_634,WI_2,Estacional,2016-04-30,5.1778708,XGBoost
FOODS_3_634,WI_2,Estacional,2016-05-01,4.6390204,XGBoost
FOODS_3_634,WI_2,Estacional,2016-05-02,2.985491,XGBoost
FOODS_3_634,WI_2,Estacional,2016-05-03,2.9007704,XGBoost
FOODS_3_634,WI_2,Estacional,2016-05-04,2.9254584,XGBoost
FOODS_3_634,WI_2,Estacional,2016-05-05,3.49,XGBoost
FOODS_3_634,WI_2,Estacional,2016-05-06,4.0983706,XGBoost
FOODS_3_634,WI_2,Estacional,2016-05-07,4.7540193,XGBoost
FOODS_3_634,WI_2,Estacional,2016-05-08,4.4392824,XGBoost
FOODS_3_634,WI_2,Estacional,2016-05-09,3.0989468,XGBoost
FOODS_3_634,WI_2,Estacional,2016-05-10,3.063495,XGBoost
FOODS_3_634,WI_2,Estacional,2016-05-11,2.7922688,XGBoost
FOODS_3_634,WI_2,Estacional,2016-05-12,3.0366683,XGBoost
FOODS_3_634,WI_2,Estacional,2016-05-13,4.420586,XGBoost
FOODS_3_634,WI_2,Estacional,2016-05-14,4.7735677,XGBoost
FOODS_3_634,WI_2,Estacional,2016-05-15,4.455804,XGBoost
FOODS_3_634,WI_2,Estacional,2016-05-16,2.933357,XGBoost
FOODS_3_634,WI_2,Estacional,2016-05-17,2.9513261,XGBoost
FOODS_3_634,WI_2,Estacional,2016-05-18,2.7682278,XGBoost
FOODS_3_634,WI_2,Estacional,2016-05-19,3.257659,XGBoost
FOODS_3_634,WI_2,Estacional,2016-05-20,3.9385586,XGBoost
FOODS_3_634,WI_2,Estacional,2016-05-21,4.808156,XGBoost
FOODS_3_634,WI_2,Estacional,2016-05-22,4.5159807,XGBoost
HOBBIES_1_310,WI_3,Estacional,2016-04-25,0.51639766,XGBoost
HOBBIES_1_310,WI_3,Estacional,2016-04-26,0.42824176,XGBoost
HOBBIES_1_310,WI_3,Estacional,2016-04-27,0.43946218,XGBoost
HOBBIES_1_310,WI_3,Estacional,2016-04-28,0.34949502,XGBoost
HOBBIES_1_310,WI_3,Estacional,2016-04-29,0.48406714,XGBoost
HOBBIES_1_310,WI_3,Estacional,2016-04-30,0.66765887,XGBoost
HOBBIES_1_310,WI_3,Estacional,2016-05-01,0.61454487,XGBoost
HOBBIES_1_310,WI_3,Estacional,2016-05-02,0.614536,XGBoost
HOBBIES_1_310,WI_3,Estacional,2016-05-03,0.52638006,XGBoost
HOBBIES_1_310,WI_3,Estacional,2016-05-04,0.59544647,XGBoost
HOBBIES_1_310,WI_3,Estacional,2016-05-05,0.5600932,XGBoost
HOBBIES_1_310,WI_3,Estacional,2016-05-06,0.7561768,XGBoost
HOBBIES_1_310,WI_3,Estacional,2016-05-07,0.90582913,XGBoost
HOBBIES_1_310,WI_3,Estacional,2016-05-08,0.8112624,XGBoost
HOBBIES_1_310,WI_3,Estacional,2016-05-09,0.6796467,XGBoost
HOBBIES_1_310,WI_3,Estacional,2016-05-10,0.57369816,XGBoost
HOBBIES_1_310,WI_3,Estacional,2016-05-11,0.5864426,XGBoost
HOBBIES_1_310,WI_3,Estacional,2016-05-12,0.6061612,XGBoost
HOBBIES_1_310,WI_3,Estacional,2016-05-13,0.7561768,XGBoost
HOBBIES_1_310,WI_3,Estacional,2016-05-14,0.90582913,XGBoost
HOBBIES_1_310,WI_3,Estacional,2016-05-15,0.86398154,XGBoost
HOBBIES_1_310,WI_3,Estacional,2016-05-16,0.6920199,XGBoost
HOBBIES_1_310,WI_3,Estacional,2016-05-17,0.5860714,XGBoost
HOBBIES_1_310,WI_3,Estacional,2016-05-18,0.5860714,XGBoost
HOBBIES_1_310,WI_3,Estacional,2016-05-19,0.6185344,XGBoost
HOBBIES_1_310,WI_3,Estacional,2016-05-20,0.8047143,XGBoost
HOBBIES_1_310,WI_3,Estacional,2016-05-21,1.0315211,XGBoost
HOBBIES_1_310,WI_3,Estacional,2016-05-22,1.0496914,XGBoost
HOUSEHOLD_1_072,WI_3,Estacional,2016-04-25,4.823286,XGBoost
HOUSEHOLD_1_072,WI_3,Estacional,2016-04-26,4.0311117,XGBoost
HOUSEHOLD_1_072,WI_3,Estacional,2016-04-27,4.075888,XGBoost
HOUSEHOLD_1_072,WI_3,Estacional,2016-04-28,4.3834996,XGBoost
HOUSEHOLD_1_072,WI_3,Estacional,2016-04-29,6.143243,XGBoost
HOUSEHOLD_1_072,WI_3,Estacional,2016-04-30,6.748465,XGBoost
HOUSEHOLD_1_072,WI_3,Estacional,2016-05-01,6.005426,XGBoost
HOUSEHOLD_1_072,WI_3,Estacional,2016-05-02,4.500681,XGBoost
HOUSEHOLD_1_072,WI_3,Estacional,2016-05-03,4.072589,XGBoost
HOUSEHOLD_1_072,WI_3,Estacional,2016-05-04,3.8855853,XGBoost
HOUSEHOLD_1_072,WI_3,Estacional,2016-05-05,3.9828448,XGBoost
HOUSEHOLD_1_072,WI_3,Estacional,2016-05-06,5.8199167,XGBoost
HOUSEHOLD_1_072,WI_3,Estacional,2016-05-07,6.7253966,XGBoost
HOUSEHOLD_1_072,WI_3,Estacional,2016-05-08,5.557276,XGBoost
HOUSEHOLD_1_072,WI_3,Estacional,2016-05-09,4.07508,XGBoost
HOUSEHOLD_1_072,WI_3,Estacional,2016-05-10,4.2146444,XGBoost
HOUSEHOLD_1_072,WI_3,Estacional,2016-05-11,4.078677,XGBoost
HOUSEHOLD_1_072,WI_3,Estacional,2016-05-12,4.335896,XGBoost
HOUSEHOLD_1_072,WI_3,Estacional,2016-05-13,5.381037,XGBoost
HOUSEHOLD_1_072,WI_3,Estacional,2016-05-14,6.6966686,XGBoost
HOUSEHOLD_1_072,WI_3,Estacional,2016-05-15,6.0594797,XGBoost
HOUSEHOLD_1_072,WI_3,Estacional,2016-05-16,4.251274,XGBoost
HOUSEHOLD_1_072,WI_3,Estacional,2016-05-17,4.0356703,XGBoost
HOUSEHOLD_1_072,WI_3,Estacional,2016-05-18,4.0796494,XGBoost
HOUSEHOLD_1_072,WI_3,Estacional,2016-05-19,4.09487,XGBoost
HOUSEHOLD_1_072,WI_3,Estacional,2016-05-20,5.6316047,XGBoost
HOUSEHOLD_1_072,WI_3,Estacional,2016-05-21,6.7413335,XGBoost
HOUSEHOLD_1_072,WI_3,Estacional,2016-05-22,5.9493184,XGBoost
HOUSEHOLD_1_075,WI_3,Estacional,2016-04-25,1.729396,XGBoost
HOUSEHOLD_1_075,WI_3,Estacional,2016-04-26,1.7969229,XGBoost
HOUSEHOLD_1_075,WI_3,Estacional,2016-04-27,1.7058445,XGBoost
HOUSEHOLD_1_075,WI_3,Estacional,2016-04-28,1.6160672,XGBoost
HOUSEHOLD_1_075,WI_3,Estacional,2016-04-29,2.0808976,XGBoost
HOUSEHOLD_1_075,WI_3,Estacional,2016-04-30,2.607453,XGBoost
HOUSEHOLD_1_075,WI_3,Estacional,2016-05-01,2.7178118,XGBoost
HOUSEHOLD_1_075,WI_3,Estacional,2016-05-02,1.6053672,XGBoost
HOUSEHOLD_1_075,WI_3,Estacional,2016-05-03,1.590371,XGBoost
HOUSEHOLD_1_075,WI_3,Estacional,2016-05-04,1.5208025,XGBoost
HOUSEHOLD_1_075,WI_3,Estacional,2016-05-05,1.6571679,XGBoost
HOUSEHOLD_1_075,WI_3,Estacional,2016-05-06,2.0357952,XGBoost
HOUSEHOLD_1_075,WI_3,Estacional,2016-05-07,2.7785215,XGBoost
HOUSEHOLD_1_075,WI_3,Estacional,2016-05-08,2.7666597,XGBoost
HOUSEHOLD_1_075,WI_3,Estacional,2016-05-09,1.7009518,XGBoost
HOUSEHOLD_1_075,WI_3,Estacional,2016-05-10,1.5074692,XGBoost
HOUSEHOLD_1_075,WI_3,Estacional,2016-05-11,1.4463958,XGBoost
HOUSEHOLD_1_075,WI_3,Estacional,2016-05-12,1.4771379,XGBoost
HOUSEHOLD_1_075,WI_3,Estacional,2016-05-13,1.8971074,XGBoost
HOUSEHOLD_1_075,WI_3,Estacional,2016-05-14,2.9906402,XGBoost
HOUSEHOLD_1_075,WI_3,Estacional,2016-05-15,2.6020234,XGBoost
HOUSEHOLD_1_075,WI_3,Estacional,2016-05-16,1.6300999,XGBoost
HOUSEHOLD_1_075,WI_3,Estacional,2016-05-17,1.5553951,XGBoost
HOUSEHOLD_1_075,WI_3,Estacional,2016-05-18,1.4652944,XGBoost
HOUSEHOLD_1_075,WI_3,Estacional,2016-05-19,1.551442,XGBoost
HOUSEHOLD_1_075,WI_3,Estacional,2016-05-20,1.9345887,XGBoost
HOUSEHOLD_1_075,WI_3,Estacional,2016-05-21,2.6722367,XGBoost
HOUSEHOLD_1_075,WI_3,Estacional,2016-05-22,2.5303779,XGBoost
HOUSEHOLD_1_324,WI_3,Estacional,2016-04-25,1.1057487,XGBoost
HOUSEHOLD_1_324,WI_3,Estacional,2016-04-26,0.99430007,XGBoost
HOUSEHOLD_1_324,WI_3,Estacional,2016-04-27,0.98280203,XGBoost
HOUSEHOLD_1_324,WI_3,Estacional,2016-04-28,0.94350773,XGBoost
HOUSEHOLD_1_324,WI_3,Estacional,2016-04-29,1.2753546,XGBoost
HOUSEHOLD_1_324,WI_3,Estacional,2016-04-30,1.8824598,XGBoost
HOUSEHOLD_1_324,WI_3,Estacional,2016-05-01,1.8968555,XGBoost
HOUSEHOLD_1_324,WI_3,Estacional,2016-05-02,1.2510465,XGBoost
HOUSEHOLD_1_324,WI_3,Estacional,2016-05-03,1.0033817,XGBoost
HOUSEHOLD_1_324,WI_3,Estacional,2016-05-04,1.0268843,XGBoost
HOUSEHOLD_1_324,WI_3,Estacional,2016-05-05,1.0352894,XGBoost
HOUSEHOLD_1_324,WI_3,Estacional,2016-05-06,1.2506458,XGBoost
HOUSEHOLD_1_324,WI_3,Estacional,2016-05-07,1.7730143,XGBoost
HOUSEHOLD_1_324,WI_3,Estacional,2016-05-08,1.8025781,XGBoost
HOUSEHOLD_1_324,WI_3,Estacional,2016-05-09,1.2295122,XGBoost
HOUSEHOLD_1_324,WI_3,Estacional,2016-05-10,1.0268843,XGBoost
HOUSEHOLD_1_324,WI_3,Estacional,2016-05-11,0.98766994,XGBoost
HOUSEHOLD_1_324,WI_3,Estacional,2016-05-12,1.0699152,XGBoost
HOUSEHOLD_1_324,WI_3,Estacional,2016-05-13,1.4177177,XGBoost
HOUSEHOLD_1_324,WI_3,Estacional,2016-05-14,1.7414541,XGBoost
HOUSEHOLD_1_324,WI_3,Estacional,2016-05-15,1.7556869,XGBoost
HOUSEHOLD_1_324,WI_3,Estacional,2016-05-16,1.1777362,XGBoost
HOUSEHOLD_1_324,WI_3,Estacional,2016-05-17,0.93901473,XGBoost
HOUSEHOLD_1_324,WI_3,Estacional,2016-05-18,0.93901473,XGBoost
HOUSEHOLD_1_324,WI_3,Estacional,2016-05-19,0.97147787,XGBoost
HOUSEHOLD_1_324,WI_3,Estacional,2016-05-20,1.3176488,XGBoost
HOUSEHOLD_1_324,WI_3,Estacional,2016-05-21,1.804552,XGBoost
HOUSEHOLD_1_324,WI_3,Estacional,2016-05-22,1.6421419,XGBoost
HOUSEHOLD_1_379,WI_3,Estacional,2016-04-25,1.3199929,XGBoost
HOUSEHOLD_1_379,WI_3,Estacional,2016-04-26,1.6311591,XGBoost
HOUSEHOLD_1_379,WI_3,Estacional,2016-04-27,0.95652294,XGBoost
HOUSEHOLD_1_379,WI_3,Estacional,2016-04-28,0.97071713,XGBoost
HOUSEHOLD_1_379,WI_3,Estacional,2016-04-29,1.1512911,XGBoost
HOUSEHOLD_1_379,WI_3,Estacional,2016-04-30,1.8053546,XGBoost
HOUSEHOLD_1_379,WI_3,Estacional,2016-05-01,1.5758922,XGBoost
HOUSEHOLD_1_379,WI_3,Estacional,2016-05-02,1.1234571,XGBoost
HOUSEHOLD_1_379,WI_3,Estacional,2016-05-03,1.3401566,XGBoost
HOUSEHOLD_1_379,WI_3,Estacional,2016-05-04,0.98527527,XGBoost
HOUSEHOLD_1_379,WI_3,Estacional,2016-05-05,1.0328947,XGBoost
HOUSEHOLD_1_379,WI_3,Estacional,2016-05-06,1.2434391,XGBoost
HOUSEHOLD_1_379,WI_3,Estacional,2016-05-07,1.6938515,XGBoost
HOUSEHOLD_1_379,WI_3,Estacional,2016-05-08,1.6052716,XGBoost
HOUSEHOLD_1_379,WI_3,Estacional,2016-05-09,1.1107128,XGBoost
HOUSEHOLD_1_379,WI_3,Estacional,2016-05-10,1.0993294,XGBoost
HOUSEHOLD_1_379,WI_3,Estacional,2016-05-11,0.98527527,XGBoost
HOUSEHOLD_1_379,WI_3,Estacional,2016-05-12,1.0322039,XGBoost
HOUSEHOLD_1_379,WI_3,Estacional,2016-05-13,1.2885741,XGBoost
HOUSEHOLD_1_379,WI_3,Estacional,2016-05-14,1.7455149,XGBoost
HOUSEHOLD_1_379,WI_3,Estacional,2016-05-15,1.7597892,XGBoost
HOUSEHOLD_1_379,WI_3,Estacional,2016-05-16,1.2413052,XGBoost
HOUSEHOLD_1_379,WI_3,Estacional,2016-05-17,1.5033926,XGBoost
HOUSEHOLD_1_379,WI_3,Estacional,2016-05-18,1.0071644,XGBoost
HOUSEHOLD_1_379,WI_3,Estacional,2016-05-19,0.97147787,XGBoost
HOUSEHOLD_1_379,WI_3,Estacional,2016-05-20,1.2042679,XGBoost
HOUSEHOLD_1_379,WI_3,Estacional,2016-05-21,1.8253155,XGBoost
HOUSEHOLD_1_379,WI_3,Estacional,2016-05-22,1.6130646,XGBoost
FOODS_2_190,WI_3,Estacional,2016-04-25,0.750163,XGBoost
FOODS_2_190,WI_3,Estacional,2016-04-26,0.6314702,XGBoost
FOODS_2_190,WI_3,Estacional,2016-04-27,0.76139885,XGBoost
FOODS_2_190,WI_3,Estacional,2016-04-28,0.7000976,XGBoost
FOODS_2_190,WI_3,Estacional,2016-04-29,0.81394887,XGBoost
FOODS_2_190,WI_3,Estacional,2016-04-30,1.131782,XGBoost
FOODS_2_190,WI_3,Estacional,2016-05-01,1.1681695,XGBoost
FOODS_2_190,WI_3,Estacional,2016-05-02,0.8137438,XGBoost
FOODS_2_190,WI_3,Estacional,2016-05-03,0.6920838,XGBoost
FOODS_2_190,WI_3,Estacional,2016-05-04,0.7042469,XGBoost
FOODS_2_190,WI_3,Estacional,2016-05-05,0.72579694,XGBoost
FOODS_2_190,WI_3,Estacional,2016-05-06,0.8745623,XGBoost
FOODS_2_190,WI_3,Estacional,2016-05-07,1.1389667,XGBoost
FOODS_2_190,WI_3,Estacional,2016-05-08,1.1509138,XGBoost
FOODS_2_190,WI_3,Estacional,2016-05-09,0.8372464,XGBoost
FOODS_2_190,WI_3,Estacional,2016-05-10,0.6920838,XGBoost
FOODS_2_190,WI_3,Estacional,2016-05-11,0.7628565,XGBoost
FOODS_2_190,WI_3,Estacional,2016-05-12,0.7245468,XGBoost
FOODS_2_190,WI_3,Estacional,2016-05-13,0.89082044,XGBoost
FOODS_2_190,WI_3,Estacional,2016-05-14,1.1389667,XGBoost
FOODS_2_190,WI_3,Estacional,2016-05-15,1.2395192,XGBoost
FOODS_2_190,WI_3,Estacional,2016-05-16,0.8142904,XGBoost
FOODS_2_190,WI_3,Estacional,2016-05-17,0.7083419,XGBoost
FOODS_2_190,WI_3,Estacional,2016-05-18,0.8107528,XGBoost
FOODS_2_190,WI_3,Estacional,2016-05-19,0.7408049,XGBoost
FOODS_2_190,WI_3,Estacional,2016-05-20,0.89082044,XGBoost
FOODS_2_190,WI_3,Estacional,2016-05-21,1.1552248,XGBoost
FOODS_2_190,WI_3,Estacional,2016-05-22,1.2620025,XGBoost
FOODS_2_237,WI_3,Estacional,2016-04-25,0.85488254,XGBoost
FOODS_2_237,WI_3,Estacional,2016-04-26,0.77534944,XGBoost
FOODS_2_237,WI_3,Estacional,2016-04-27,0.8739246,XGBoost
FOODS_2_237,WI_3,Estacional,2016-04-28,0.78583294,XGBoost
FOODS_2_237,WI_3,Estacional,2016-04-29,1.1115593,XGBoost
FOODS_2_237,WI_3,Estacional,2016-04-30,1.4015867,XGBoost
FOODS_2_237,WI_3,Estacional,2016-05-01,2.0865767,XGBoost
FOODS_2_237,WI_3,Estacional,2016-05-02,0.99912083,XGBoost
FOODS_2_237,WI_3,Estacional,2016-05-03,1.0596333,XGBoost
FOODS_2_237,WI_3,Estacional,2016-05-04,0.95241004,XGBoost
FOODS_2_237,WI_3,Estacional,2016-05-05,0.8976183,XGBoost
FOODS_2_237,WI_3,Estacional,2016-05-06,1.0807594,XGBoost
FOODS_2_237,WI_3,Estacional,2016-05-07,1.4647167,XGBoost
FOODS_2_237,WI_3,Estacional,2016-05-08,1.7816242,XGBoost
FOODS_2_237,WI_3,Estacional,2016-05-09,0.94535834,XGBoost
FOODS_2_237,WI_3,Estacional,2016-05-10,1.0154743,XGBoost
FOODS_2_237,WI_3,Estacional,2016-05-11,0.89858514,XGBoost
FOODS_2_237,WI_3,Estacional,2016-05-12,0.9044912,XGBoost
FOODS_2_237,WI_3,Estacional,2016-05-13,1.0956893,XGBoost
FOODS_2_237,WI_3,Estacional,2016-05-14,1.585419,XGBoost
FOODS_2_237,WI_3,Estacional,2016-05-15,1.6961045,XGBoost
FOODS_2_237,WI_3,Estacional,2016-05-16,0.97191536,XGBoost
FOODS_2_237,WI_3,Estacional,2016-05-17,0.89858514,XGBoost
FOODS_2_237,WI_3,Estacional,2016-05-18,0.89858514,XGBoost
FOODS_2_237,WI_3,Estacional,2016-05-19,0.93104815,XGBoost
FOODS_2_237,WI_3,Estacional,2016-05-20,1.1101546,XGBoost
FOODS_2_237,WI_3,Estacional,2016-05-21,1.5798925,XGBoost
FOODS_2_237,WI_3,Estacional,2016-05-22,1.7238433,XGBoost
FOODS_3_042,WI_3,Estacional,2016-04-25,8.581251,XGBoost
FOODS_3_042,WI_3,Estacional,2016-04-26,7.961121,XGBoost
FOODS_3_042,WI_3,Estacional,2016-04-27,8.535171,XGBoost
FOODS_3_042,WI_3,Estacional,2016-04-28,8.126735,XGBoost
FOODS_3_042,WI_3,Estacional,2016-04-29,9.778297,XGBoost
FOODS_3_042,WI_3,Estacional,2016-04-30,12.692505,XGBoost
FOODS_3_042,WI_3,Estacional,2016-05-01,10.8083515,XGBoost
FOODS_3_042,WI_3,Estacional,2016-05-02,7.958626,XGBoost
FOODS_3_042,WI_3,Estacional,2016-05-03,7.6708126,XGBoost
FOODS_3_042,WI_3,Estacional,2016-05-04,7.790027,XGBoost
FOODS_3_042,WI_3,Estacional,2016-05-05,7.9403214,XGBoost
FOODS_3_042,WI_3,Estacional,2016-05-06,9.558773,XGBoost
FOODS_3_042,WI_3,Estacional,2016-05-07,10.944982,XGBoost
FOODS_3_042,WI_3,Estacional,2016-05-08,10.131487,XGBoost
FOODS_3_042,WI_3,Estacional,2016-05-09,7.8965707,XGBoost
FOODS_3_042,WI_3,Estacional,2016-05-10,7.4412003,XGBoost
FOODS_3_042,WI_3,Estacional,2016-05-11,8.080581,XGBoost
FOODS_3_042,WI_3,Estacional,2016-05-12,8.163918,XGBoost
FOODS_3_042,WI_3,Estacional,2016-05-13,9.175601,XGBoost
FOODS_3_042,WI_3,Estacional,2016-05-14,11.437561,XGBoost
FOODS_3_042,WI_3,Estacional,2016-05-15,10.927121,XGBoost
FOODS_3_042,WI_3,Estacional,2016-05-16,8.060592,XGBoost
FOODS_3_042,WI_3,Estacional,2016-05-17,7.512741,XGBoost
FOODS_3_042,WI_3,Estacional,2016-05-18,7.8384376,XGBoost
FOODS_3_042,WI_3,Estacional,2016-05-19,8.081092,XGBoost
FOODS_3_042,WI_3,Estacional,2016-05-20,9.31435,XGBoost
FOODS_3_042,WI_3,Estacional,2016-05-21,12.435307,XGBoost
FOODS_3_042,WI_3,Estacional,2016-05-22,11.461653,XGBoost
FOODS_3_080,WI_3,Estacional,2016-04-25,7.441926,XGBoost
FOODS_3_080,WI_3,Estacional,2016-04-26,6.1352,XGBoost
FOODS_3_080,WI_3,Estacional,2016-04-27,6.453801,XGBoost
FOODS_3_080,WI_3,Estacional,2016-04-28,6.721676,XGBoost
FOODS_3_080,WI_3,Estacional,2016-04-29,7.948514,XGBoost
FOODS_3_080,WI_3,Estacional,2016-04-30,10.172443,XGBoost
FOODS_3_080,WI_3,Estacional,2016-05-01,9.13107,XGBoost
FOODS_3_080,WI_3,Estacional,2016-05-02,7.295497,XGBoost
FOODS_3_080,WI_3,Estacional,2016-05-03,6.098153,XGBoost
FOODS_3_080,WI_3,Estacional,2016-05-04,6.4581456,XGBoost
FOODS_3_080,WI_3,Estacional,2016-05-05,6.3660774,XGBoost
FOODS_3_080,WI_3,Estacional,2016-05-06,7.57941,XGBoost
FOODS_3_080,WI_3,Estacional,2016-05-07,10.858606,XGBoost
FOODS_3_080,WI_3,Estacional,2016-05-08,9.331136,XGBoost
FOODS_3_080,WI_3,Estacional,2016-05-09,7.4564767,XGBoost
FOODS_3_080,WI_3,Estacional,2016-05-10,6.092427,XGBoost
FOODS_3_080,WI_3,Estacional,2016-05-11,6.5102644,XGBoost
FOODS_3_080,WI_3,Estacional,2016-05-12,6.235253,XGBoost
FOODS_3_080,WI_3,Estacional,2016-05-13,7.392896,XGBoost
FOODS_3_080,WI_3,Estacional,2016-05-14,11.45478,XGBoost
FOODS_3_080,WI_3,Estacional,2016-05-15,9.716178,XGBoost
FOODS_3_080,WI_3,Estacional,2016-05-16,7.4893312,XGBoost
FOODS_3_080,WI_3,Estacional,2016-05-17,5.992574,XGBoost
FOODS_3_080,WI_3,Estacional,2016-05-18,6.4013376,XGBoost
FOODS_3_080,WI_3,Estacional,2016-05-19,6.332747,XGBoost
FOODS_3_080,WI_3,Estacional,2016-05-20,8.011797,XGBoost
FOODS_3_080,WI_3,Estacional,2016-05-21,10.583904,XGBoost
FOODS_3_080,WI_3,Estacional,2016-05-22,9.750754,XGBoost
FOODS_3_086,WI_3,Estacional,2016-04-25,20.813253,XGBoost
FOODS_3_086,WI_3,Estacional,2016-04-26,19.502575,XGBoost
FOODS_3_086,WI_3,Estacional,2016-04-27,21.6852,XGBoost
FOODS_3_086,WI_3,Estacional,2016-04-28,23.157967,XGBoost
FOODS_3_086,WI_3,Estacional,2016-04-29,28.737816,XGBoost
FOODS_3_086,WI_3,Estacional,2016-04-30,40.934334,XGBoost
FOODS_3_086,WI_3,Estacional,2016-05-01,33.375893,XGBoost
FOODS_3_086,WI_3,Estacional,2016-05-02,24.256592,XGBoost
FOODS_3_086,WI_3,Estacional,2016-05-03,22.880081,XGBoost
FOODS_3_086,WI_3,Estacional,2016-05-04,23.370415,XGBoost
FOODS_3_086,WI_3,Estacional,2016-05-05,24.528564,XGBoost
FOODS_3_086,WI_3,Estacional,2016-05-06,27.54273,XGBoost
FOODS_3_086,WI_3,Estacional,2016-05-07,43.086708,XGBoost
FOODS_3_086,WI_3,Estacional,2016-05-08,32.80385,XGBoost
FOODS_3_086,WI_3,Estacional,2016-05-09,24.863607,XGBoost
FOODS_3_086,WI_3,Estacional,2016-05-10,22.298868,XGBoost
FOODS_3_086,WI_3,Estacional,2016-05-11,23.377481,XGBoost
FOODS_3_086,WI_3,Estacional,2016-05-12,25.642654,XGBoost
FOODS_3_086,WI_3,Estacional,2016-05-13,29.868528,XGBoost
FOODS_3_086,WI_3,Estacional,2016-05-14,41.410053,XGBoost
FOODS_3_086,WI_3,Estacional,2016-05-15,33.843082,XGBoost
FOODS_3_086,WI_3,Estacional,2016-05-16,25.40554,XGBoost
FOODS_3_086,WI_3,Estacional,2016-05-17,21.98157,XGBoost
FOODS_3_086,WI_3,Estacional,2016-05-18,22.916384,XGBoost
FOODS_3_086,WI_3,Estacional,2016-05-19,24.70877,XGBoost
FOODS_3_086,WI_3,Estacional,2016-05-20,30.142572,XGBoost
FOODS_3_086,WI_3,Estacional,2016-05-21,43.103764,XGBoost
FOODS_3_086,WI_3,Estacional,2016-05-22,32.1177,XGBoost
FOODS_3_099,WI_3,Estacional,2016-04-25,8.622096,XGBoost
FOODS_3_099,WI_3,Estacional,2016-04-26,7.618632,XGBoost
FOODS_3_099,WI_3,Estacional,2016-04-27,7.254704,XGBoost
FOODS_3_099,WI_3,Estacional,2016-04-28,7.5290165,XGBoost
FOODS_3_099,WI_3,Estacional,2016-04-29,9.267344,XGBoost
FOODS_3_099,WI_3,Estacional,2016-04-30,13.206161,XGBoost
FOODS_3_099,WI_3,Estacional,2016-05-01,11.723573,XGBoost
FOODS_3_099,WI_3,Estacional,2016-05-02,9.681511,XGBoost
FOODS_3_099,WI_3,Estacional,2016-05-03,8.331348,XGBoost
FOODS_3_099,WI_3,Estacional,2016-05-04,7.958961,XGBoost
FOODS_3_099,WI_3,Estacional,2016-05-05,8.359544,XGBoost
FOODS_3_099,WI_3,Estacional,2016-05-06,9.472984,XGBoost
FOODS_3_099,WI_3,Estacional,2016-05-07,12.553897,XGBoost
FOODS_3_099,WI_3,Estacional,2016-05-08,11.579632,XGBoost
FOODS_3_099,WI_3,Estacional,2016-05-09,8.390734,XGBoost
FOODS_3_099,WI_3,Estacional,2016-05-10,7.6450872,XGBoost
FOODS_3_099,WI_3,Estacional,2016-05-11,7.8179207,XGBoost
FOODS_3_099,WI_3,Estacional,2016-05-12,7.9359717,XGBoost
FOODS_3_099,WI_3,Estacional,2016-05-13,9.965792,XGBoost
FOODS_3_099,WI_3,Estacional,2016-05-14,11.890309,XGBoost
FOODS_3_099,WI_3,Estacional,2016-05-15,13.265455,XGBoost
FOODS_3_099,WI_3,Estacional,2016-05-16,8.195595,XGBoost
FOODS_3_099,WI_3,Estacional,2016-05-17,7.766854,XGBoost
FOODS_3_099,WI_3,Estacional,2016-05-18,7.609913,XGBoost
FOODS_3_099,WI_3,Estacional,2016-05-19,8.006131,XGBoost
FOODS_3_099,WI_3,Estacional,2016-05-20,9.558729,XGBoost
FOODS_3_099,WI_3,Estacional,2016-05-21,12.242174,XGBoost
FOODS_3_099,WI_3,Estacional,2016-05-22,11.746423,XGBoost
FOODS_3_120,WI_3,Estacional,2016-04-25,32.47311,XGBoost
FOODS_3_120,WI_3,Estacional,2016-04-26,28.919115,XGBoost
FOODS_3_120,WI_3,Estacional,2016-04-27,27.62793,XGBoost
FOODS_3_120,WI_3,Estacional,2016-04-28,28.049696,XGBoost
FOODS_3_120,WI_3,Estacional,2016-04-29,33.297543,XGBoost
FOODS_3_120,WI_3,Estacional,2016-04-30,45.467125,XGBoost
FOODS_3_120,WI_3,Estacional,2016-05-01,41.846806,XGBoost
FOODS_3_120,WI_3,Estacional,2016-05-02,29.490309,XGBoost
FOODS_3_120,WI_3,Estacional,2016-05-03,29.781406,XGBoost
FOODS_3_120,WI_3,Estacional,2016-05-04,26.987251,XGBoost
FOODS_3_120,WI_3,Estacional,2016-05-05,27.895487,XGBoost
FOODS_3_120,WI_3,Estacional,2016-05-06,30.933695,XGBoost
FOODS_3_120,WI_3,Estacional,2016-05-07,42.70492,XGBoost
FOODS_3_120,WI_3,Estacional,2016-05-08,44.017647,XGBoost
FOODS_3_120,WI_3,Estacional,2016-05-09,33.700798,XGBoost
FOODS_3_120,WI_3,Estacional,2016-05-10,30.764822,XGBoost
FOODS_3_120,WI_3,Estacional,2016-05-11,27.924286,XGBoost
FOODS_3_120,WI_3,Estacional,2016-05-12,29.677748,XGBoost
FOODS_3_120,WI_3,Estacional,2016-05-13,35.28148,XGBoost
FOODS_3_120,WI_3,Estacional,2016-05-14,45.426205,XGBoost
FOODS_3_120,WI_3,Estacional,2016-05-15,44.130424,XGBoost
FOODS_3_120,WI_3,Estacional,2016-05-16,34.151485,XGBoost
FOODS_3_120,WI_3,Estacional,2016-05-17,30.235178,XGBoost
FOODS_3_120,WI_3,Estacional,2016-05-18,29.403837,XGBoost
FOODS_3_120,WI_3,Estacional,2016-05-19,30.072926,XGBoost
FOODS_3_120,WI_3,Estacional,2016-05-20,34.324745,XGBoost
FOODS_3_120,WI_3,Estacional,2016-05-21,44.077625,XGBoost
FOODS_3_120,WI_3,Estacional,2016-05-22,46.15359,XGBoost
FOODS_3_124,WI_3,Estacional,2016-04-25,1.6236092,XGBoost
FOODS_3_124,WI_3,Estacional,2016-04-26,1.2680272,XGBoost
FOODS_3_124,WI_3,Estacional,2016-04-27,1.6020193,XGBoost
FOODS_3_124,WI_3,Estacional,2016-04-28,1.1741582,XGBoost
FOODS_3_124,WI_3,Estacional,2016-04-29,1.3978794,XGBoost
FOODS_3_124,WI_3,Estacional,2016-04-30,2.1108973,XGBoost
FOODS_3_124,WI_3,Estacional,2016-05-01,2.159894,XGBoost
FOODS_3_124,WI_3,Estacional,2016-05-02,1.5064837,XGBoost
FOODS_3_124,WI_3,Estacional,2016-05-03,1.394373,XGBoost
FOODS_3_124,WI_3,Estacional,2016-05-04,1.4491923,XGBoost
FOODS_3_124,WI_3,Estacional,2016-05-05,1.2971439,XGBoost
FOODS_3_124,WI_3,Estacional,2016-05-06,1.5633639,XGBoost
FOODS_3_124,WI_3,Estacional,2016-05-07,2.44943,XGBoost
FOODS_3_124,WI_3,Estacional,2016-05-08,2.100379,XGBoost
FOODS_3_124,WI_3,Estacional,2016-05-09,1.5038787,XGBoost
FOODS_3_124,WI_3,Estacional,2016-05-10,1.3572149,XGBoost
FOODS_3_124,WI_3,Estacional,2016-05-11,1.4868925,XGBoost
FOODS_3_124,WI_3,Estacional,2016-05-12,1.3178294,XGBoost
FOODS_3_124,WI_3,Estacional,2016-05-13,1.5728399,XGBoost
FOODS_3_124,WI_3,Estacional,2016-05-14,2.418215,XGBoost
FOODS_3_124,WI_3,Estacional,2016-05-15,2.355358,XGBoost
FOODS_3_124,WI_3,Estacional,2016-05-16,1.5041449,XGBoost
FOODS_3_124,WI_3,Estacional,2016-05-17,1.247664,XGBoost
FOODS_3_124,WI_3,Estacional,2016-05-18,1.4304017,XGBoost
FOODS_3_124,WI_3,Estacional,2016-05-19,1.2027314,XGBoost
FOODS_3_124,WI_3,Estacional,2016-05-20,1.4104455,XGBoost
FOODS_3_124,WI_3,Estacional,2016-05-21,2.133239,XGBoost
FOODS_3_124,WI_3,Estacional,2016-05-22,2.2142823,XGBoost
FOODS_3_156,WI_3,Estacional,2016-04-25,0.9419492,XGBoost
FOODS_3_156,WI_3,Estacional,2016-04-26,0.7594021,XGBoost
FOODS_3_156,WI_3,Estacional,2016-04-27,0.7749233,XGBoost
FOODS_3_156,WI_3,Estacional,2016-04-28,0.80112195,XGBoost
FOODS_3_156,WI_3,Estacional,2016-04-29,1.2018074,XGBoost
FOODS_3_156,WI_3,Estacional,2016-04-30,1.4125265,XGBoost
FOODS_3_156,WI_3,Estacional,2016-05-01,1.2198511,XGBoost
FOODS_3_156,WI_3,Estacional,2016-05-02,0.905321,XGBoost
FOODS_3_156,WI_3,Estacional,2016-05-03,0.85080534,XGBoost
FOODS_3_156,WI_3,Estacional,2016-05-04,0.7993725,XGBoost
FOODS_3_156,WI_3,Estacional,2016-05-05,0.847551,XGBoost
FOODS_3_156,WI_3,Estacional,2016-05-06,1.0910093,XGBoost
FOODS_3_156,WI_3,Estacional,2016-05-07,1.6122135,XGBoost
FOODS_3_156,WI_3,Estacional,2016-05-08,1.3812503,XGBoost
FOODS_3_156,WI_3,Estacional,2016-05-09,0.905321,XGBoost
FOODS_3_156,WI_3,Estacional,2016-05-10,0.8121168,XGBoost
FOODS_3_156,WI_3,Estacional,2016-05-11,0.7993725,XGBoost
FOODS_3_156,WI_3,Estacional,2016-05-12,0.86874425,XGBoost
FOODS_3_156,WI_3,Estacional,2016-05-13,1.0667914,XGBoost
FOODS_3_156,WI_3,Estacional,2016-05-14,1.544289,XGBoost
FOODS_3_156,WI_3,Estacional,2016-05-15,1.4110409,XGBoost
FOODS_3_156,WI_3,Estacional,2016-05-16,0.9422296,XGBoost
FOODS_3_156,WI_3,Estacional,2016-05-17,0.83628124,XGBoost
FOODS_3_156,WI_3,Estacional,2016-05-18,0.83628124,XGBoost
FOODS_3_156,WI_3,Estacional,2016-05-19,0.86874425,XGBoost
FOODS_3_156,WI_3,Estacional,2016-05-20,1.0685825,XGBoost
FOODS_3_156,WI_3,Estacional,2016-05-21,1.4126198,XGBoost
FOODS_3_156,WI_3,Estacional,2016-05-22,1.3078276,XGBoost
FOODS_3_202,WI_3,Estacional,2016-04-25,17.195726,XGBoost
FOODS_3_202,WI_3,Estacional,2016-04-26,15.507835,XGBoost
FOODS_3_202,WI_3,Estacional,2016-04-27,16.880629,XGBoost
FOODS_3_202,WI_3,Estacional,2016-04-28,16.825903,XGBoost
FOODS_3_202,WI_3,Estacional,2016-04-29,18.665684,XGBoost
FOODS_3_202,WI_3,Estacional,2016-04-30,25.904686,XGBoost
FOODS_3_202,WI_3,Estacional,2016-05-01,27.085117,XGBoost
FOODS_3_202,WI_3,Estacional,2016-05-02,17.620045,XGBoost
FOODS_3_202,WI_3,Estacional,2016-05-03,16.053856,XGBoost
FOODS_3_202,WI_3,Estacional,2016-05-04,17.75459,XGBoost
FOODS_3_202,WI_3,Estacional,2016-05-05,16.790066,XGBoost
FOODS_3_202,WI_3,Estacional,2016-05-06,18.94401,XGBoost
FOODS_3_202,WI_3,Estacional,2016-05-07,26.07015,XGBoost
FOODS_3_202,WI_3,Estacional,2016-05-08,27.261097,XGBoost
FOODS_3_202,WI_3,Estacional,2016-05-09,18.34778,XGBoost
FOODS_3_202,WI_3,Estacional,2016-05-10,17.214642,XGBoost
FOODS_3_202,WI_3,Estacional,2016-05-11,17.675861,XGBoost
FOODS_3_202,WI_3,Estacional,2016-05-12,16.808132,XGBoost
FOODS_3_202,WI_3,Estacional,2016-05-13,20.049255,XGBoost
FOODS_3_202,WI_3,Estacional,2016-05-14,25.422075,XGBoost
FOODS_3_202,WI_3,Estacional,2016-05-15,26.751942,XGBoost
FOODS_3_202,WI_3,Estacional,2016-05-16,18.235718,XGBoost
FOODS_3_202,WI_3,Estacional,2016-05-17,16.507687,XGBoost
FOODS_3_202,WI_3,Estacional,2016-05-18,16.68986,XGBoost
FOODS_3_202,WI_3,Estacional,2016-05-19,16.99405,XGBoost
FOODS_3_202,WI_3,Estacional,2016-05-20,19.617044,XGBoost
FOODS_3_202,WI_3,Estacional,2016-05-21,25.10779,XGBoost
FOODS_3_202,WI_3,Estacional,2016-05-22,26.558937,XGBoost
FOODS_3_226,WI_3,Estacional,2016-04-25,38.995632,XGBoost
FOODS_3_226,WI_3,Estacional,2016-04-26,38.964005,XGBoost
FOODS_3_226,WI_3,Estacional,2016-04-27,38.055424,XGBoost
FOODS_3_226,WI_3,Estacional,2016-04-28,41.597748,XGBoost
FOODS_3_226,WI_3,Estacional,2016-04-29,49.440247,XGBoost
FOODS_3_226,WI_3,Estacional,2016-04-30,57.39764,XGBoost
FOODS_3_226,WI_3,Estacional,2016-05-01,51.428043,XGBoost
FOODS_3_226,WI_3,Estacional,2016-05-02,41.400684,XGBoost
FOODS_3_226,WI_3,Estacional,2016-05-03,42.06977,XGBoost
FOODS_3_226,WI_3,Estacional,2016-05-04,41.087166,XGBoost
FOODS_3_226,WI_3,Estacional,2016-05-05,43.3935,XGBoost
FOODS_3_226,WI_3,Estacional,2016-05-06,51.432938,XGBoost
FOODS_3_226,WI_3,Estacional,2016-05-07,55.322205,XGBoost
FOODS_3_226,WI_3,Estacional,2016-05-08,52.56289,XGBoost
FOODS_3_226,WI_3,Estacional,2016-05-09,42.900185,XGBoost
FOODS_3_226,WI_3,Estacional,2016-05-10,41.812157,XGBoost
FOODS_3_226,WI_3,Estacional,2016-05-11,41.406464,XGBoost
FOODS_3_226,WI_3,Estacional,2016-05-12,45.72418,XGBoost
FOODS_3_226,WI_3,Estacional,2016-05-13,51.814198,XGBoost
FOODS_3_226,WI_3,Estacional,2016-05-14,62.357998,XGBoost
FOODS_3_226,WI_3,Estacional,2016-05-15,54.76169,XGBoost
FOODS_3_226,WI_3,Estacional,2016-05-16,42.37532,XGBoost
FOODS_3_226,WI_3,Estacional,2016-05-17,41.740265,XGBoost
FOODS_3_226,WI_3,Estacional,2016-05-18,40.466087,XGBoost
FOODS_3_226,WI_3,Estacional,2016-05-19,43.527122,XGBoost
FOODS_3_226,WI_3,Estacional,2016-05-20,53.8565,XGBoost
FOODS_3_226,WI_3,Estacional,2016-05-21,57.576378,XGBoost
FOODS_3_226,WI_3,Estacional,2016-05-22,55.039116,XGBoost
FOODS_3_228,WI_3,Estacional,2016-04-25,2.5890956,XGBoost
FOODS_3_228,WI_3,Estacional,2016-04-26,2.054613,XGBoost
FOODS_3_228,WI_3,Estacional,2016-04-27,2.1509411,XGBoost
FOODS_3_228,WI_3,Estacional,2016-04-28,2.1691632,XGBoost
FOODS_3_228,WI_3,Estacional,2016-04-29,2.4110749,XGBoost
FOODS_3_228,WI_3,Estacional,2016-04-30,3.3930893,XGBoost
FOODS_3_228,WI_3,Estacional,2016-05-01,3.5065186,XGBoost
FOODS_3_228,WI_3,Estacional,2016-05-02,2.3229747,XGBoost
FOODS_3_228,WI_3,Estacional,2016-05-03,1.9739057,XGBoost
FOODS_3_228,WI_3,Estacional,2016-05-04,2.0603487,XGBoost
FOODS_3_228,WI_3,Estacional,2016-05-05,2.1057515,XGBoost
FOODS_3_228,WI_3,Estacional,2016-05-06,2.44708,XGBoost
FOODS_3_228,WI_3,Estacional,2016-05-07,3.2089746,XGBoost
FOODS_3_228,WI_3,Estacional,2016-05-08,3.4220276,XGBoost
FOODS_3_228,WI_3,Estacional,2016-05-09,2.2586398,XGBoost
FOODS_3_228,WI_3,Estacional,2016-05-10,1.900175,XGBoost
FOODS_3_228,WI_3,Estacional,2016-05-11,1.978155,XGBoost
FOODS_3_228,WI_3,Estacional,2016-05-12,2.2633817,XGBoost
FOODS_3_228,WI_3,Estacional,2016-05-13,2.7289422,XGBoost
FOODS_3_228,WI_3,Estacional,2016-05-14,3.6190794,XGBoost
FOODS_3_228,WI_3,Estacional,2016-05-15,3.5131793,XGBoost
FOODS_3_228,WI_3,Estacional,2016-05-16,2.302444,XGBoost
FOODS_3_228,WI_3,Estacional,2016-05-17,2.014485,XGBoost
FOODS_3_228,WI_3,Estacional,2016-05-18,1.9306234,XGBoost
FOODS_3_228,WI_3,Estacional,2016-05-19,2.088899,XGBoost
FOODS_3_228,WI_3,Estacional,2016-05-20,2.3341086,XGBoost
FOODS_3_228,WI_3,Estacional,2016-05-21,3.347399,XGBoost
FOODS_3_228,WI_3,Estacional,2016-05-22,3.2708774,XGBoost
FOODS_3_231,WI_3,Estacional,2016-04-25,1.5237104,XGBoost
FOODS_3_231,WI_3,Estacional,2016-04-26,1.3854209,XGBoost
FOODS_3_231,WI_3,Estacional,2016-04-27,1.5287807,XGBoost
FOODS_3_231,WI_3,Estacional,2016-04-28,1.3928415,XGBoost
FOODS_3_231,WI_3,Estacional,2016-04-29,1.5109282,XGBoost
FOODS_3_231,WI_3,Estacional,2016-04-30,2.0791025,XGBoost
FOODS_3_231,WI_3,Estacional,2016-05-01,1.8752775,XGBoost
FOODS_3_231,WI_3,Estacional,2016-05-02,1.6435968,XGBoost
FOODS_3_231,WI_3,Estacional,2016-05-03,1.3008575,XGBoost
FOODS_3_231,WI_3,Estacional,2016-05-04,1.3198413,XGBoost
FOODS_3_231,WI_3,Estacional,2016-05-05,1.228614,XGBoost
FOODS_3_231,WI_3,Estacional,2016-05-06,1.5216935,XGBoost
FOODS_3_231,WI_3,Estacional,2016-05-07,2.3811722,XGBoost
FOODS_3_231,WI_3,Estacional,2016-05-08,2.1418276,XGBoost
FOODS_3_231,WI_3,Estacional,2016-05-09,1.3436812,XGBoost
FOODS_3_231,WI_3,Estacional,2016-05-10,1.1940846,XGBoost
FOODS_3_231,WI_3,Estacional,2016-05-11,1.2698846,XGBoost
FOODS_3_231,WI_3,Estacional,2016-05-12,1.0846477,XGBoost
FOODS_3_231,WI_3,Estacional,2016-05-13,1.2461776,XGBoost
FOODS_3_231,WI_3,Estacional,2016-05-14,1.8690065,XGBoost
FOODS_3_231,WI_3,Estacional,2016-05-15,1.7797422,XGBoost
FOODS_3_231,WI_3,Estacional,2016-05-16,1.2173985,XGBoost
FOODS_3_231,WI_3,Estacional,2016-05-17,1.1586789,XGBoost
FOODS_3_231,WI_3,Estacional,2016-05-18,1.169919,XGBoost
FOODS_3_231,WI_3,Estacional,2016-05-19,1.1236703,XGBoost
FOODS_3_231,WI_3,Estacional,2016-05-20,1.2434391,XGBoost
FOODS_3_231,WI_3,Estacional,2016-05-21,1.772424,XGBoost
FOODS_3_231,WI_3,Estacional,2016-05-22,1.7065674,XGBoost
FOODS_3_252,WI_3,Estacional,2016-04-25,18.01031,XGBoost
FOODS_3_252,WI_3,Estacional,2016-04-26,16.586943,XGBoost
FOODS_3_252,WI_3,Estacional,2016-04-27,15.974712,XGBoost
FOODS_3_252,WI_3,Estacional,2016-04-28,16.00033,XGBoost
FOODS_3_252,WI_3,Estacional,2016-04-29,19.995468,XGBoost
FOODS_3_252,WI_3,Estacional,2016-04-30,25.888355,XGBoost
FOODS_3_252,WI_3,Estacional,2016-05-01,26.95855,XGBoost
FOODS_3_252,WI_3,Estacional,2016-05-02,17.26595,XGBoost
FOODS_3_252,WI_3,Estacional,2016-05-03,15.970856,XGBoost
FOODS_3_252,WI_3,Estacional,2016-05-04,14.986802,XGBoost
FOODS_3_252,WI_3,Estacional,2016-05-05,16.14075,XGBoost
FOODS_3_252,WI_3,Estacional,2016-05-06,19.345602,XGBoost
FOODS_3_252,WI_3,Estacional,2016-05-07,25.937014,XGBoost
FOODS_3_252,WI_3,Estacional,2016-05-08,24.77701,XGBoost
FOODS_3_252,WI_3,Estacional,2016-05-09,18.31537,XGBoost
FOODS_3_252,WI_3,Estacional,2016-05-10,16.460077,XGBoost
FOODS_3_252,WI_3,Estacional,2016-05-11,15.876079,XGBoost
FOODS_3_252,WI_3,Estacional,2016-05-12,16.623957,XGBoost
FOODS_3_252,WI_3,Estacional,2016-05-13,19.780767,XGBoost
FOODS_3_252,WI_3,Estacional,2016-05-14,26.489687,XGBoost
FOODS_3_252,WI_3,Estacional,2016-05-15,24.19195,XGBoost
FOODS_3_252,WI_3,Estacional,2016-05-16,18.092058,XGBoost
FOODS_3_252,WI_3,Estacional,2016-05-17,15.519152,XGBoost
FOODS_3_252,WI_3,Estacional,2016-05-18,15.225398,XGBoost
FOODS_3_252,WI_3,Estacional,2016-05-19,16.327724,XGBoost
FOODS_3_252,WI_3,Estacional,2016-05-20,20.573278,XGBoost
FOODS_3_252,WI_3,Estacional,2016-05-21,25.788492,XGBoost
FOODS_3_252,WI_3,Estacional,2016-05-22,26.340513,XGBoost
FOODS_3_363,WI_3,Estacional,2016-04-25,3.3497488,XGBoost
FOODS_3_363,WI_3,Estacional,2016-04-26,3.2217226,XGBoost
FOODS_3_363,WI_3,Estacional,2016-04-27,4.009065,XGBoost
FOODS_3_363,WI_3,Estacional,2016-04-28,3.5050273,XGBoost
FOODS_3_363,WI_3,Estacional,2016-04-29,5.262926,XGBoost
FOODS_3_363,WI_3,Estacional,2016-04-30,6.9356956,XGBoost
FOODS_3_363,WI_3,Estacional,2016-05-01,4.695905,XGBoost
FOODS_3_363,WI_3,Estacional,2016-05-02,3.2222068,XGBoost
FOODS_3_363,WI_3,Estacional,2016-05-03,3.3303962,XGBoost
FOODS_3_363,WI_3,Estacional,2016-05-04,3.7267582,XGBoost
FOODS_3_363,WI_3,Estacional,2016-05-05,3.2511322,XGBoost
FOODS_3_363,WI_3,Estacional,2016-05-06,4.8110194,XGBoost
FOODS_3_363,WI_3,Estacional,2016-05-07,6.514007,XGBoost
FOODS_3_363,WI_3,Estacional,2016-05-08,4.880786,XGBoost
FOODS_3_363,WI_3,Estacional,2016-05-09,3.26174,XGBoost
FOODS_3_363,WI_3,Estacional,2016-05-10,3.1569736,XGBoost
FOODS_3_363,WI_3,Estacional,2016-05-11,3.5369012,XGBoost
FOODS_3_363,WI_3,Estacional,2016-05-12,3.11872,XGBoost
FOODS_3_363,WI_3,Estacional,2016-05-13,4.6586237,XGBoost
FOODS_3_363,WI_3,Estacional,2016-05-14,6.076527,XGBoost
FOODS_3_363,WI_3,Estacional,2016-05-15,4.9372616,XGBoost
FOODS_3_363,WI_3,Estacional,2016-05-16,3.2258036,XGBoost
FOODS_3_363,WI_3,Estacional,2016-05-17,3.0503209,XGBoost
FOODS_3_363,WI_3,Estacional,2016-05-18,3.5357993,XGBoost
FOODS_3_363,WI_3,Estacional,2016-05-19,3.0439768,XGBoost
FOODS_3_363,WI_3,Estacional,2016-05-20,4.5717006,XGBoost
FOODS_3_363,WI_3,Estacional,2016-05-21,5.7921495,XGBoost
FOODS_3_363,WI_3,Estacional,2016-05-22,4.7274127,XGBoost
FOODS_3_389,WI_3,Estacional,2016-04-25,8.208449,XGBoost
FOODS_3_389,WI_3,Estacional,2016-04-26,7.2442875,XGBoost
FOODS_3_389,WI_3,Estacional,2016-04-27,7.190094,XGBoost
FOODS_3_389,WI_3,Estacional,2016-04-28,7.8830233,XGBoost
FOODS_3_389,WI_3,Estacional,2016-04-29,9.176762,XGBoost
FOODS_3_389,WI_3,Estacional,2016-04-30,11.590524,XGBoost
FOODS_3_389,WI_3,Estacional,2016-05-01,13.173154,XGBoost
FOODS_3_389,WI_3,Estacional,2016-05-02,8.242906,XGBoost
FOODS_3_389,WI_3,Estacional,2016-05-03,7.908461,XGBoost
FOODS_3_389,WI_3,Estacional,2016-05-04,7.8334594,XGBoost
FOODS_3_389,WI_3,Estacional,2016-05-05,8.965582,XGBoost
FOODS_3_389,WI_3,Estacional,2016-05-06,9.115246,XGBoost
FOODS_3_389,WI_3,Estacional,2016-05-07,12.196924,XGBoost
FOODS_3_389,WI_3,Estacional,2016-05-08,13.077335,XGBoost
FOODS_3_389,WI_3,Estacional,2016-05-09,8.480608,XGBoost
FOODS_3_389,WI_3,Estacional,2016-05-10,8.179008,XGBoost
FOODS_3_389,WI_3,Estacional,2016-05-11,7.90327,XGBoost
FOODS_3_389,WI_3,Estacional,2016-05-12,8.526527,XGBoost
FOODS_3_389,WI_3,Estacional,2016-05-13,9.51169,XGBoost
FOODS_3_389,WI_3,Estacional,2016-05-14,11.325623,XGBoost
FOODS_3_389,WI_3,Estacional,2016-05-15,12.796179,XGBoost
FOODS_3_389,WI_3,Estacional,2016-05-16,8.436327,XGBoost
FOODS_3_389,WI_3,Estacional,2016-05-17,7.8411274,XGBoost
FOODS_3_389,WI_3,Estacional,2016-05-18,7.6245866,XGBoost
FOODS_3_389,WI_3,Estacional,2016-05-19,8.29379,XGBoost
FOODS_3_389,WI_3,Estacional,2016-05-20,9.665117,XGBoost
FOODS_3_389,WI_3,Estacional,2016-05-21,12.01,XGBoost
FOODS_3_389,WI_3,Estacional,2016-05-22,13.593755,XGBoost
FOODS_3_458,WI_3,Estacional,2016-04-25,11.424581,XGBoost
FOODS_3_458,WI_3,Estacional,2016-04-26,12.480493,XGBoost
FOODS_3_458,WI_3,Estacional,2016-04-27,11.300456,XGBoost
FOODS_3_458,WI_3,Estacional,2016-04-28,11.700143,XGBoost
FOODS_3_458,WI_3,Estacional,2016-04-29,14.515559,XGBoost
FOODS_3_458,WI_3,Estacional,2016-04-30,15.686145,XGBoost
FOODS_3_458,WI_3,Estacional,2016-05-01,16.968548,XGBoost
FOODS_3_458,WI_3,Estacional,2016-05-02,11.520111,XGBoost
FOODS_3_458,WI_3,Estacional,2016-05-03,12.537192,XGBoost
FOODS_3_458,WI_3,Estacional,2016-05-04,10.729163,XGBoost
FOODS_3_458,WI_3,Estacional,2016-05-05,12.536362,XGBoost
FOODS_3_458,WI_3,Estacional,2016-05-06,14.375917,XGBoost
FOODS_3_458,WI_3,Estacional,2016-05-07,15.571842,XGBoost
FOODS_3_458,WI_3,Estacional,2016-05-08,16.986498,XGBoost
FOODS_3_458,WI_3,Estacional,2016-05-09,11.299814,XGBoost
FOODS_3_458,WI_3,Estacional,2016-05-10,11.072365,XGBoost
FOODS_3_458,WI_3,Estacional,2016-05-11,11.055586,XGBoost
FOODS_3_458,WI_3,Estacional,2016-05-12,12.056034,XGBoost
FOODS_3_458,WI_3,Estacional,2016-05-13,14.087493,XGBoost
FOODS_3_458,WI_3,Estacional,2016-05-14,15.695232,XGBoost
FOODS_3_458,WI_3,Estacional,2016-05-15,17.393053,XGBoost
FOODS_3_458,WI_3,Estacional,2016-05-16,11.177374,XGBoost
FOODS_3_458,WI_3,Estacional,2016-05-17,11.970905,XGBoost
FOODS_3_458,WI_3,Estacional,2016-05-18,10.898357,XGBoost
FOODS_3_458,WI_3,Estacional,2016-05-19,11.907088,XGBoost
FOODS_3_458,WI_3,Estacional,2016-05-20,14.919957,XGBoost
FOODS_3_458,WI_3,Estacional,2016-05-21,17.070978,XGBoost
FOODS_3_458,WI_3,Estacional,2016-05-22,17.625847,XGBoost
FOODS_3_473,WI_3,Estacional,2016-04-25,2.3610992,XGBoost
FOODS_3_473,WI_3,Estacional,2016-04-26,2.3231683,XGBoost
FOODS_3_473,WI_3,Estacional,2016-04-27,2.2290955,XGBoost
FOODS_3_473,WI_3,Estacional,2016-04-28,2.2281523,XGBoost
FOODS_3_473,WI_3,Estacional,2016-04-29,3.1666026,XGBoost
FOODS_3_473,WI_3,Estacional,2016-04-30,3.6523526,XGBoost
FOODS_3_473,WI_3,Estacional,2016-05-01,3.7746735,XGBoost
FOODS_3_473,WI_3,Estacional,2016-05-02,2.350964,XGBoost
FOODS_3_473,WI_3,Estacional,2016-05-03,2.0942929,XGBoost
FOODS_3_473,WI_3,Estacional,2016-05-04,1.9971911,XGBoost
FOODS_3_473,WI_3,Estacional,2016-05-05,1.9112172,XGBoost
FOODS_3_473,WI_3,Estacional,2016-05-06,2.7055633,XGBoost
FOODS_3_473,WI_3,Estacional,2016-05-07,3.2246923,XGBoost
FOODS_3_473,WI_3,Estacional,2016-05-08,3.3438032,XGBoost
FOODS_3_473,WI_3,Estacional,2016-05-09,2.3283956,XGBoost
FOODS_3_473,WI_3,Estacional,2016-05-10,1.978027,XGBoost
FOODS_3_473,WI_3,Estacional,2016-05-11,2.1809351,XGBoost
FOODS_3_473,WI_3,Estacional,2016-05-12,2.00853,XGBoost
FOODS_3_473,WI_3,Estacional,2016-05-13,2.805472,XGBoost
FOODS_3_473,WI_3,Estacional,2016-05-14,3.5547469,XGBoost
FOODS_3_473,WI_3,Estacional,2016-05-15,3.5848393,XGBoost
FOODS_3_473,WI_3,Estacional,2016-05-16,2.280959,XGBoost
FOODS_3_473,WI_3,Estacional,2016-05-17,2.1345682,XGBoost
FOODS_3_473,WI_3,Estacional,2016-05-18,2.1798477,XGBoost
FOODS_3_473,WI_3,Estacional,2016-05-19,2.0104897,XGBoost
FOODS_3_473,WI_3,Estacional,2016-05-20,2.7170908,XGBoost
FOODS_3_473,WI_3,Estacional,2016-05-21,3.4701328,XGBoost
FOODS_3_473,WI_3,Estacional,2016-05-22,3.5258813,XGBoost
FOODS_3_476,WI_3,Estacional,2016-04-25,1.3044503,XGBoost
FOODS_3_476,WI_3,Estacional,2016-04-26,1.1118335,XGBoost
FOODS_3_476,WI_3,Estacional,2016-04-27,1.2355468,XGBoost
FOODS_3_476,WI_3,Estacional,2016-04-28,1.2238362,XGBoost
FOODS_3_476,WI_3,Estacional,2016-04-29,1.4469975,XGBoost
FOODS_3_476,WI_3,Estacional,2016-04-30,2.0974329,XGBoost
FOODS_3_476,WI_3,Estacional,2016-05-01,2.2326303,XGBoost
FOODS_3_476,WI_3,Estacional,2016-05-02,1.2393864,XGBoost
FOODS_3_476,WI_3,Estacional,2016-05-03,1.2834882,XGBoost
FOODS_3_476,WI_3,Estacional,2016-05-04,1.3340244,XGBoost
FOODS_3_476,WI_3,Estacional,2016-05-05,1.2270343,XGBoost
FOODS_3_476,WI_3,Estacional,2016-05-06,1.5346715,XGBoost
FOODS_3_476,WI_3,Estacional,2016-05-07,2.2227838,XGBoost
FOODS_3_476,WI_3,Estacional,2016-05-08,2.0393367,XGBoost
FOODS_3_476,WI_3,Estacional,2016-05-09,1.5396293,XGBoost
FOODS_3_476,WI_3,Estacional,2016-05-10,1.4593639,XGBoost
FOODS_3_476,WI_3,Estacional,2016-05-11,1.2829915,XGBoost
FOODS_3_476,WI_3,Estacional,2016-05-12,1.482491,XGBoost
FOODS_3_476,WI_3,Estacional,2016-05-13,1.6435759,XGBoost
FOODS_3_476,WI_3,Estacional,2016-05-14,2.0312219,XGBoost
FOODS_3_476,WI_3,Estacional,2016-05-15,2.2819667,XGBoost
FOODS_3_476,WI_3,Estacional,2016-05-16,1.3289336,XGBoost
FOODS_3_476,WI_3,Estacional,2016-05-17,1.039676,XGBoost
FOODS_3_476,WI_3,Estacional,2016-05-18,1.039676,XGBoost
FOODS_3_476,WI_3,Estacional,2016-05-19,1.1540831,XGBoost
FOODS_3_476,WI_3,Estacional,2016-05-20,1.4070029,XGBoost
FOODS_3_476,WI_3,Estacional,2016-05-21,1.9855905,XGBoost
FOODS_3_476,WI_3,Estacional,2016-05-22,2.0955498,XGBoost
FOODS_3_535,WI_3,Estacional,2016-04-25,0.78984123,XGBoost
FOODS_3_535,WI_3,Estacional,2016-04-26,0.64772844,XGBoost
FOODS_3_535,WI_3,Estacional,2016-04-27,0.6838927,XGBoost
FOODS_3_535,WI_3,Estacional,2016-04-28,0.72910005,XGBoost
FOODS_3_535,WI_3,Estacional,2016-04-29,0.92571115,XGBoost
FOODS_3_535,WI_3,Estacional,2016-04-30,1.3888297,XGBoost
FOODS_3_535,WI_3,Estacional,2016-05-01,1.0606586,XGBoost
FOODS_3_535,WI_3,Estacional,2016-05-02,0.8142904,XGBoost
FOODS_3_535,WI_3,Estacional,2016-05-03,0.7083419,XGBoost
FOODS_3_535,WI_3,Estacional,2016-05-04,0.72280735,XGBoost
FOODS_3_535,WI_3,Estacional,2016-05-05,0.74205506,XGBoost
FOODS_3_535,WI_3,Estacional,2016-05-06,0.9180302,XGBoost
FOODS_3_535,WI_3,Estacional,2016-05-07,1.4302527,XGBoost
FOODS_3_535,WI_3,Estacional,2016-05-08,1.0606586,XGBoost
FOODS_3_535,WI_3,Estacional,2016-05-09,0.8142904,XGBoost
FOODS_3_535,WI_3,Estacional,2016-05-10,0.7083419,XGBoost
FOODS_3_535,WI_3,Estacional,2016-05-11,0.7083419,XGBoost
FOODS_3_535,WI_3,Estacional,2016-05-12,0.75527036,XGBoost
FOODS_3_535,WI_3,Estacional,2016-05-13,0.89082044,XGBoost
FOODS_3_535,WI_3,Estacional,2016-05-14,1.1679691,XGBoost
FOODS_3_535,WI_3,Estacional,2016-05-15,1.0971195,XGBoost
FOODS_3_535,WI_3,Estacional,2016-05-16,0.79803216,XGBoost
FOODS_3_535,WI_3,Estacional,2016-05-17,0.6920838,XGBoost
FOODS_3_535,WI_3,Estacional,2016-05-18,0.7083419,XGBoost
FOODS_3_535,WI_3,Estacional,2016-05-19,0.7408049,XGBoost
FOODS_3_535,WI_3,Estacional,2016-05-20,0.99999297,XGBoost
FOODS_3_535,WI_3,Estacional,2016-05-21,1.2338927,XGBoost
FOODS_3_535,WI_3,Estacional,2016-05-22,1.0971195,XGBoost
FOODS_3_555,WI_3,Estacional,2016-04-25,24.28785,XGBoost
FOODS_3_555,WI_3,Estacional,2016-04-26,24.12369,XGBoost
FOODS_3_555,WI_3,Estacional,2016-04-27,23.174778,XGBoost
FOODS_3_555,WI_3,Estacional,2016-04-28,23.526001,XGBoost
FOODS_3_555,WI_3,Estacional,2016-04-29,27.291378,XGBoost
FOODS_3_555,WI_3,Estacional,2016-04-30,39.556816,XGBoost
FOODS_3_555,WI_3,Estacional,2016-05-01,33.66425,XGBoost
FOODS_3_555,WI_3,Estacional,2016-05-02,26.192766,XGBoost
FOODS_3_555,WI_3,Estacional,2016-05-03,23.808826,XGBoost
FOODS_3_555,WI_3,Estacional,2016-05-04,23.217903,XGBoost
FOODS_3_555,WI_3,Estacional,2016-05-05,25.642973,XGBoost
FOODS_3_555,WI_3,Estacional,2016-05-06,27.526491,XGBoost
FOODS_3_555,WI_3,Estacional,2016-05-07,40.165604,XGBoost
FOODS_3_555,WI_3,Estacional,2016-05-08,34.64509,XGBoost
FOODS_3_555,WI_3,Estacional,2016-05-09,25.272135,XGBoost
FOODS_3_555,WI_3,Estacional,2016-05-10,24.396275,XGBoost
FOODS_3_555,WI_3,Estacional,2016-05-11,24.12867,XGBoost
FOODS_3_555,WI_3,Estacional,2016-05-12,24.752567,XGBoost
FOODS_3_555,WI_3,Estacional,2016-05-13,27.7017,XGBoost
FOODS_3_555,WI_3,Estacional,2016-05-14,40.42314,XGBoost
FOODS_3_555,WI_3,Estacional,2016-05-15,34.035942,XGBoost
FOODS_3_555,WI_3,Estacional,2016-05-16,25.463045,XGBoost
FOODS_3_555,WI_3,Estacional,2016-05-17,24.102758,XGBoost
FOODS_3_555,WI_3,Estacional,2016-05-18,23.551033,XGBoost
FOODS_3_555,WI_3,Estacional,2016-05-19,24.631073,XGBoost
FOODS_3_555,WI_3,Estacional,2016-05-20,29.236654,XGBoost
FOODS_3_555,WI_3,Estacional,2016-05-21,41.69464,XGBoost
FOODS_3_555,WI_3,Estacional,2016-05-22,34.452557,XGBoost
FOODS_3_586,WI_3,Estacional,2016-04-25,29.781551,XGBoost
FOODS_3_586,WI_3,Estacional,2016-04-26,25.494772,XGBoost
FOODS_3_586,WI_3,Estacional,2016-04-27,27.087622,XGBoost
FOODS_3_586,WI_3,Estacional,2016-04-28,29.065355,XGBoost
FOODS_3_586,WI_3,Estacional,2016-04-29,35.262814,XGBoost
FOODS_3_586,WI_3,Estacional,2016-04-30,41.88236,XGBoost
FOODS_3_586,WI_3,Estacional,2016-05-01,40.266277,XGBoost
FOODS_3_586,WI_3,Estacional,2016-05-02,29.011808,XGBoost
FOODS_3_586,WI_3,Estacional,2016-05-03,27.965145,XGBoost
FOODS_3_586,WI_3,Estacional,2016-05-04,28.711462,XGBoost
FOODS_3_586,WI_3,Estacional,2016-05-05,29.744335,XGBoost
FOODS_3_586,WI_3,Estacional,2016-05-06,34.436176,XGBoost
FOODS_3_586,WI_3,Estacional,2016-05-07,42.45579,XGBoost
FOODS_3_586,WI_3,Estacional,2016-05-08,41.892113,XGBoost
FOODS_3_586,WI_3,Estacional,2016-05-09,29.681103,XGBoost
FOODS_3_586,WI_3,Estacional,2016-05-10,27.2132,XGBoost
FOODS_3_586,WI_3,Estacional,2016-05-11,29.18952,XGBoost
FOODS_3_586,WI_3,Estacional,2016-05-12,29.15395,XGBoost
FOODS_3_586,WI_3,Estacional,2016-05-13,35.507595,XGBoost
FOODS_3_586,WI_3,Estacional,2016-05-14,42.817997,XGBoost
FOODS_3_586,WI_3,Estacional,2016-05-15,42.683002,XGBoost
FOODS_3_586,WI_3,Estacional,2016-05-16,30.207298,XGBoost
FOODS_3_586,WI_3,Estacional,2016-05-17,27.108875,XGBoost
FOODS_3_586,WI_3,Estacional,2016-05-18,27.706736,XGBoost
FOODS_3_586,WI_3,Estacional,2016-05-19,28.98196,XGBoost
FOODS_3_586,WI_3,Estacional,2016-05-20,35.537857,XGBoost
FOODS_3_586,WI_3,Estacional,2016-05-21,43.534485,XGBoost
FOODS_3_586,WI_3,Estacional,2016-05-22,40.77851,XGBoost
FOODS_3_628,WI_3,Estacional,2016-04-25,1.8589132,XGBoost
FOODS_3_628,WI_3,Estacional,2016-04-26,1.4805447,XGBoost
FOODS_3_628,WI_3,Estacional,2016-04-27,1.4757701,XGBoost
FOODS_3_628,WI_3,Estacional,2016-04-28,1.6343362,XGBoost
FOODS_3_628,WI_3,Estacional,2016-04-29,2.0337994,XGBoost
FOODS_3_628,WI_3,Estacional,2016-04-30,2.5887723,XGBoost
FOODS_3_628,WI_3,Estacional,2016-05-01,2.6093903,XGBoost
FOODS_3_628,WI_3,Estacional,2016-05-02,1.8155712,XGBoost
FOODS_3_628,WI_3,Estacional,2016-05-03,1.5049939,XGBoost
FOODS_3_628,WI_3,Estacional,2016-05-04,1.5049939,XGBoost
FOODS_3_628,WI_3,Estacional,2016-05-05,1.7606477,XGBoost
FOODS_3_628,WI_3,Estacional,2016-05-06,2.0215912,XGBoost
FOODS_3_628,WI_3,Estacional,2016-05-07,2.785617,XGBoost
FOODS_3_628,WI_3,Estacional,2016-05-08,2.5741243,XGBoost
FOODS_3_628,WI_3,Estacional,2016-05-09,1.6305802,XGBoost
FOODS_3_628,WI_3,Estacional,2016-05-10,1.5049939,XGBoost
FOODS_3_628,WI_3,Estacional,2016-05-11,1.5049939,XGBoost
FOODS_3_628,WI_3,Estacional,2016-05-12,1.6953574,XGBoost
FOODS_3_628,WI_3,Estacional,2016-05-13,2.0030246,XGBoost
FOODS_3_628,WI_3,Estacional,2016-05-14,2.8848734,XGBoost
FOODS_3_628,WI_3,Estacional,2016-05-15,2.6694834,XGBoost
FOODS_3_628,WI_3,Estacional,2016-05-16,1.5764153,XGBoost
FOODS_3_628,WI_3,Estacional,2016-05-17,1.483505,XGBoost
FOODS_3_628,WI_3,Estacional,2016-05-18,1.483505,XGBoost
FOODS_3_628,WI_3,Estacional,2016-05-19,1.5569403,XGBoost
FOODS_3_628,WI_3,Estacional,2016-05-20,1.9395554,XGBoost
FOODS_3_628,WI_3,Estacional,2016-05-21,2.6722367,XGBoost
FOODS_3_628,WI_3,Estacional,2016-05-22,2.6534927,XGBoost
FOODS_3_634,WI_3,Estacional,2016-04-25,2.2941215,XGBoost
FOODS_3_634,WI_3,Estacional,2016-04-26,2.2615743,XGBoost
FOODS_3_634,WI_3,Estacional,2016-04-27,2.1320195,XGBoost
FOODS_3_634,WI_3,Estacional,2016-04-28,2.288404,XGBoost
FOODS_3_634,WI_3,Estacional,2016-04-29,2.9255998,XGBoost
FOODS_3_634,WI_3,Estacional,2016-04-30,4.444737,XGBoost
FOODS_3_634,WI_3,Estacional,2016-05-01,3.6322858,XGBoost
FOODS_3_634,WI_3,Estacional,2016-05-02,2.2648437,XGBoost
FOODS_3_634,WI_3,Estacional,2016-05-03,2.210062,XGBoost
FOODS_3_634,WI_3,Estacional,2016-05-04,2.1728513,XGBoost
FOODS_3_634,WI_3,Estacional,2016-05-05,2.2582622,XGBoost
FOODS_3_634,WI_3,Estacional,2016-05-06,2.7066712,XGBoost
FOODS_3_634,WI_3,Estacional,2016-05-07,4.391044,XGBoost
FOODS_3_634,WI_3,Estacional,2016-05-08,3.5355659,XGBoost
FOODS_3_634,WI_3,Estacional,2016-05-09,2.2805552,XGBoost
FOODS_3_634,WI_3,Estacional,2016-05-10,2.2339456,XGBoost
FOODS_3_634,WI_3,Estacional,2016-05-11,2.1076684,XGBoost
FOODS_3_634,WI_3,Estacional,2016-05-12,2.1401315,XGBoost
FOODS_3_634,WI_3,Estacional,2016-05-13,2.6469831,XGBoost
FOODS_3_634,WI_3,Estacional,2016-05-14,3.911972,XGBoost
FOODS_3_634,WI_3,Estacional,2016-05-15,3.470657,XGBoost
FOODS_3_634,WI_3,Estacional,2016-05-16,2.2375576,XGBoost
FOODS_3_634,WI_3,Estacional,2016-05-17,2.2101078,XGBoost
FOODS_3_634,WI_3,Estacional,2016-05-18,2.0774152,XGBoost
FOODS_3_634,WI_3,Estacional,2016-05-19,2.1780283,XGBoost
FOODS_3_634,WI_3,Estacional,2016-05-20,2.945951,XGBoost
FOODS_3_634,WI_3,Estacional,2016-05-21,3.9204957,XGBoost
FOODS_3_634,WI_3,Estacional,2016-05-22,3.5560048,XGBoost
FOODS_3_694,WI_3,Estacional,2016-04-25,38.650475,XGBoost
FOODS_3_694,WI_3,Estacional,2016-04-26,38.775455,XGBoost
FOODS_3_694,WI_3,Estacional,2016-04-27,37.6219,XGBoost
FOODS_3_694,WI_3,Estacional,2016-04-28,38.47646,XGBoost
FOODS_3_694,WI_3,Estacional,2016-04-29,51.261444,XGBoost
FOODS_3_694,WI_3,Estacional,2016-04-30,58.871117,XGBoost
FOODS_3_694,WI_3,Estacional,2016-05-01,53.50229,XGBoost
FOODS_3_694,WI_3,Estacional,2016-05-02,38.630657,XGBoost
FOODS_3_694,WI_3,Estacional,2016-05-03,39.873272,XGBoost
FOODS_3_694,WI_3,Estacional,2016-05-04,38.67576,XGBoost
FOODS_3_694,WI_3,Estacional,2016-05-05,41.26614,XGBoost
FOODS_3_694,WI_3,Estacional,2016-05-06,52.392933,XGBoost
FOODS_3_694,WI_3,Estacional,2016-05-07,58.60534,XGBoost
FOODS_3_694,WI_3,Estacional,2016-05-08,52.785725,XGBoost
FOODS_3_694,WI_3,Estacional,2016-05-09,41.180065,XGBoost
FOODS_3_694,WI_3,Estacional,2016-05-10,40.253773,XGBoost
FOODS_3_694,WI_3,Estacional,2016-05-11,39.66534,XGBoost
FOODS_3_694,WI_3,Estacional,2016-05-12,43.26862,XGBoost
FOODS_3_694,WI_3,Estacional,2016-05-13,50.417274,XGBoost
FOODS_3_694,WI_3,Estacional,2016-05-14,60.071404,XGBoost
FOODS_3_694,WI_3,Estacional,2016-05-15,55.32794,XGBoost
FOODS_3_694,WI_3,Estacional,2016-05-16,44.35837,XGBoost
FOODS_3_694,WI_3,Estacional,2016-05-17,40.936874,XGBoost
FOODS_3_694,WI_3,Estacional,2016-05-18,39.038826,XGBoost
FOODS_3_694,WI_3,Estacional,2016-05-19,40.432625,XGBoost
FOODS_3_694,WI_3,Estacional,2016-05-20,52.89838,XGBoost
FOODS_3_694,WI_3,Estacional,2016-05-21,60.317947,XGBoost
FOODS_3_694,WI_3,Estacional,2016-05-22,54.403698,XGBoost
FOODS_3_697,WI_3,Estacional,2016-04-25,2.628134,XGBoost
FOODS_3_697,WI_3,Estacional,2016-04-26,2.6945539,XGBoost
FOODS_3_697,WI_3,Estacional,2016-04-27,2.4737263,XGBoost
FOODS_3_697,WI_3,Estacional,2016-04-28,2.6610477,XGBoost
FOODS_3_697,WI_3,Estacional,2016-04-29,3.4957395,XGBoost
FOODS_3_697,WI_3,Estacional,2016-04-30,5.189363,XGBoost
FOODS_3_697,WI_3,Estacional,2016-05-01,4.6683073,XGBoost
FOODS_3_697,WI_3,Estacional,2016-05-02,2.7199938,XGBoost
FOODS_3_697,WI_3,Estacional,2016-05-03,2.8271573,XGBoost
FOODS_3_697,WI_3,Estacional,2016-05-04,2.4890878,XGBoost
FOODS_3_697,WI_3,Estacional,2016-05-05,2.676629,XGBoost
FOODS_3_697,WI_3,Estacional,2016-05-06,3.253221,XGBoost
FOODS_3_697,WI_3,Estacional,2016-05-07,5.175536,XGBoost
FOODS_3_697,WI_3,Estacional,2016-05-08,4.190776,XGBoost
FOODS_3_697,WI_3,Estacional,2016-05-09,2.7199938,XGBoost
FOODS_3_697,WI_3,Estacional,2016-05-10,2.5812862,XGBoost
FOODS_3_697,WI_3,Estacional,2016-05-11,2.4019346,XGBoost
FOODS_3_697,WI_3,Estacional,2016-05-12,2.6918092,XGBoost
FOODS_3_697,WI_3,Estacional,2016-05-13,3.055219,XGBoost
FOODS_3_697,WI_3,Estacional,2016-05-14,4.6728406,XGBoost
FOODS_3_697,WI_3,Estacional,2016-05-15,4.104391,XGBoost
FOODS_3_697,WI_3,Estacional,2016-05-16,2.6622903,XGBoost
FOODS_3_697,WI_3,Estacional,2016-05-17,2.541409,XGBoost
FOODS_3_697,WI_3,Estacional,2016-05-18,2.4296048,XGBoost
FOODS_3_697,WI_3,Estacional,2016-05-19,2.492351,XGBoost
FOODS_3_697,WI_3,Estacional,2016-05-20,3.4448533,XGBoost
FOODS_3_697,WI_3,Estacional,2016-05-21,4.7769294,XGBoost
FOODS_3_697,WI_3,Estacional,2016-05-22,4.241927,XGBoost
FOODS_3_714,WI_3,Estacional,2016-04-25,17.747307,XGBoost
FOODS_3_714,WI_3,Estacional,2016-04-26,19.052675,XGBoost
FOODS_3_714,WI_3,Estacional,2016-04-27,17.026297,XGBoost
FOODS_3_714,WI_3,Estacional,2016-04-28,19.023815,XGBoost
FOODS_3_714,WI_3,Estacional,2016-04-29,24.040213,XGBoost
FOODS_3_714,WI_3,Estacional,2016-04-30,27.435396,XGBoost
FOODS_3_714,WI_3,Estacional,2016-05-01,22.683111,XGBoost
FOODS_3_714,WI_3,Estacional,2016-05-02,18.517282,XGBoost
FOODS_3_714,WI_3,Estacional,2016-05-03,19.48196,XGBoost
FOODS_3_714,WI_3,Estacional,2016-05-04,17.07,XGBoost
FOODS_3_714,WI_3,Estacional,2016-05-05,19.134432,XGBoost
FOODS_3_714,WI_3,Estacional,2016-05-06,22.538952,XGBoost
FOODS_3_714,WI_3,Estacional,2016-05-07,28.114676,XGBoost
FOODS_3_714,WI_3,Estacional,2016-05-08,24.637539,XGBoost
FOODS_3_714,WI_3,Estacional,2016-05-09,18.319061,XGBoost
FOODS_3_714,WI_3,Estacional,2016-05-10,18.107553,XGBoost
FOODS_3_714,WI_3,Estacional,2016-05-11,17.419535,XGBoost
FOODS_3_714,WI_3,Estacional,2016-05-12,19.649263,XGBoost
FOODS_3_714,WI_3,Estacional,2016-05-13,22.082823,XGBoost
FOODS_3_714,WI_3,Estacional,2016-05-14,28.345304,XGBoost
FOODS_3_714,WI_3,Estacional,2016-05-15,24.457628,XGBoost
FOODS_3_714,WI_3,Estacional,2016-05-16,18.412088,XGBoost
FOODS_3_714,WI_3,Estacional,2016-05-17,18.403166,XGBoost
FOODS_3_714,WI_3,Estacional,2016-05-18,17.331917,XGBoost
FOODS_3_714,WI_3,Estacional,2016-05-19,19.917545,XGBoost
FOODS_3_714,WI_3,Estacional,2016-05-20,22.553457,XGBoost
FOODS_3_714,WI_3,Estacional,2016-05-21,29.924223,XGBoost
FOODS_3_714,WI_3,Estacional,2016-05-22,25.645386,XGBoost
FOODS_3_727,WI_3,Estacional,2016-04-25,2.6284797,XGBoost
FOODS_3_727,WI_3,Estacional,2016-04-26,2.4772227,XGBoost
FOODS_3_727,WI_3,Estacional,2016-04-27,2.5424185,XGBoost
FOODS_3_727,WI_3,Estacional,2016-04-28,2.4284792,XGBoost
FOODS_3_727,WI_3,Estacional,2016-04-29,3.4345064,XGBoost
FOODS_3_727,WI_3,Estacional,2016-04-30,4.421402,XGBoost
FOODS_3_727,WI_3,Estacional,2016-05-01,5.180409,XGBoost
FOODS_3_727,WI_3,Estacional,2016-05-02,2.6643293,XGBoost
FOODS_3_727,WI_3,Estacional,2016-05-03,2.5399516,XGBoost
FOODS_3_727,WI_3,Estacional,2016-05-04,2.3813007,XGBoost
FOODS_3_727,WI_3,Estacional,2016-05-05,2.546708,XGBoost
FOODS_3_727,WI_3,Estacional,2016-05-06,3.393791,XGBoost
FOODS_3_727,WI_3,Estacional,2016-05-07,4.1673546,XGBoost
FOODS_3_727,WI_3,Estacional,2016-05-08,4.813186,XGBoost
FOODS_3_727,WI_3,Estacional,2016-05-09,2.5191367,XGBoost
FOODS_3_727,WI_3,Estacional,2016-05-10,2.4152143,XGBoost
FOODS_3_727,WI_3,Estacional,2016-05-11,2.3028488,XGBoost
FOODS_3_727,WI_3,Estacional,2016-05-12,2.403462,XGBoost
FOODS_3_727,WI_3,Estacional,2016-05-13,3.0452983,XGBoost
FOODS_3_727,WI_3,Estacional,2016-05-14,4.157843,XGBoost
FOODS_3_727,WI_3,Estacional,2016-05-15,4.5102763,XGBoost
FOODS_3_727,WI_3,Estacional,2016-05-16,2.4509866,XGBoost
FOODS_3_727,WI_3,Estacional,2016-05-17,2.410494,XGBoost
FOODS_3_727,WI_3,Estacional,2016-05-18,2.3589945,XGBoost
FOODS_3_727,WI_3,Estacional,2016-05-19,2.3233075,XGBoost
FOODS_3_727,WI_3,Estacional,2016-05-20,2.9993591,XGBoost
FOODS_3_727,WI_3,Estacional,2016-05-21,4.431062,XGBoost
FOODS_3_727,WI_3,Estacional,2016-05-22,4.541613,XGBoost
FOODS_3_812,WI_3,Estacional,2016-04-25,1.2995622,XGBoost
FOODS_3_812,WI_3,Estacional,2016-04-26,1.1479596,XGBoost
FOODS_3_812,WI_3,Estacional,2016-04-27,1.1027263,XGBoost
FOODS_3_812,WI_3,Estacional,2016-04-28,1.3682017,XGBoost
FOODS_3_812,WI_3,Estacional,2016-04-29,1.4573038,XGBoost
FOODS_3_812,WI_3,Estacional,2016-04-30,2.329509,XGBoost
FOODS_3_812,WI_3,Estacional,2016-05-01,2.1787066,XGBoost
FOODS_3_812,WI_3,Estacional,2016-05-02,1.4481981,XGBoost
FOODS_3_812,WI_3,Estacional,2016-05-03,1.0524203,XGBoost
FOODS_3_812,WI_3,Estacional,2016-05-04,1.0192093,XGBoost
FOODS_3_812,WI_3,Estacional,2016-05-05,1.0952843,XGBoost
FOODS_3_812,WI_3,Estacional,2016-05-06,1.3218837,XGBoost
FOODS_3_812,WI_3,Estacional,2016-05-07,1.8966811,XGBoost
FOODS_3_812,WI_3,Estacional,2016-05-08,1.960827,XGBoost
FOODS_3_812,WI_3,Estacional,2016-05-09,1.3580059,XGBoost
FOODS_3_812,WI_3,Estacional,2016-05-10,1.0374521,XGBoost
FOODS_3_812,WI_3,Estacional,2016-05-11,1.0519174,XGBoost
FOODS_3_812,WI_3,Estacional,2016-05-12,1.1091293,XGBoost
FOODS_3_812,WI_3,Estacional,2016-05-13,1.3419178,XGBoost
FOODS_3_812,WI_3,Estacional,2016-05-14,1.7925365,XGBoost
FOODS_3_812,WI_3,Estacional,2016-05-15,1.7394243,XGBoost
FOODS_3_812,WI_3,Estacional,2016-05-16,1.1240518,XGBoost
FOODS_3_812,WI_3,Estacional,2016-05-17,1.1046776,XGBoost
FOODS_3_812,WI_3,Estacional,2016-05-18,1.0902122,XGBoost
FOODS_3_812,WI_3,Estacional,2016-05-19,1.1371406,XGBoost
FOODS_3_812,WI_3,Estacional,2016-05-20,1.4511938,XGBoost
FOODS_3_812,WI_3,Estacional,2016-05-21,1.8595965,XGBoost
FOODS_3_812,WI_3,Estacional,2016-05-22,1.7879281,XGBoost
